"","48719","43532","46639","606","62279","2342","53010","52435","33384","52468","47955","37496","62101","47437","46297","45415","52234","53174","52307","46690","1519","46970","48408","37459","40008","1516","46643","48580","52790","47905","48733","48433","36776","48418","52669","47009","47120","43255","32198","32398","49529","46261","52977","49675","43266","46461","57783","46409","62277","61874","46798","49461","21158","46658","33935","57448","48441","1303","15753","62287","57417","61822","46701","52432","47639","53013","40703","54840","32417","32553","35628","43424","1572","47650","35107","46645","42489","19265","31943","35320","62278","31928","46510","61883","57554","1559","35718","52929","18394","594","54942","48460","53229","15677","17747","49517","1645","47011","40084","49532","46898","52639","52690","57714","35160","1121","40478","42027","46738","54956","52454","32504","48051","39603","52605","61878","590","57476","57479","42459","48698","1561","47275","27731","46623","46318","40499","49228","37182","21151","1124","33941","46982","34400","47773","52788","46598","37196","42109","34390","46904","45966","52604","62292","35157","32578","54885","48693","17769","43400","53176","1493","27672","36812","57443","48011","53263","46603","47815","54837","57652","19260","46695","18368","49681","1806","46618","48258","46799","53230","553","18357","62291","33973","34384","1284","43829","38637","48679","35322","54960","43493","2761","1549","47203","18467","33230","21127","33009","46173","61700","37480","27710","46686","53034","57478","40406","1552","46443","32349","34387","46518","47439","54917","32397","61823","2125","52909","43239","32586","37443","52434","46511","32457","47957","61866","1494","53243","22202","35527","46972","32388","46384","42448","52615","33173","57481","47654","32405","52012","46516","22185","47938","61785","53261","57467","37076","52861","46710","53023","37432","52542","52640","48782","52446","27665","42092","36103","31675","49521","35635","46628","47999"
"sam_1",1.53765483304252,NA,0.263599017650751,0.924825071691097,0.500321306261647,0.69266750060479,0.840130870637297,0.627264588405895,0.341658443293133,1.22052242409388,1.10103210644985,0.948322829130195,0.758579168762404,1.199027761292,NA,NA,0.865739077466893,1.18359764109881,NA,0.349608558718569,1.60801894975314,1.12614514592372,NA,0.944841639042024,2.26911236982689,0.85330625831095,1.45596611527142,0.948109584670903,0.537953038712148,0.854946823239258,NA,2.08262978119245,0.997300997966384,0.584622674070499,3.23481442704157,1.19640728224746,1.20653755541945,0.690895228643576,1.03216759680738,NA,0.981599002598403,0.611801386778167,0.230483744927597,0.695788082539168,1.54298924609567,0.0400320655052636,0.665395634277321,1.08487472387166,1.34403344874164,NA,0.768716835717134,0.297475482728371,1.19842891679608,NA,1.88710800890968,0.941264216285656,1.03270570132031,1.36206136030218,1.52996732441599,NA,0.770418650505253,0.840343599761783,1.54962741794082,1.21333533958826,0.744779240561211,1.15232956029217,NA,1.63472870355464,0.989478951934004,0.792204804591918,1.31684855104338,0.534012134316041,1.08015738570319,0.16990486171458,1.63227833973732,1.13516726908966,0.787204213010691,0.813655640092562,2.65627427736114,1.21220817513366,0.873267373524188,1.00858372211937,0.912109422290117,NA,1.05497814978749,0.712589819263085,0.649802618909544,0.753422365875017,3.91981134395773,0.781860649948766,1.02870795809919,1.48985541628033,0.748238051005782,3.05504199787104,1.11411085190339,0.788721230034686,0.899340226670192,2.36979672441061,NA,1.43840614108787,0.974274928562702,1.81618509589598,0.73466265685277,2.66533910436426,0.705631386417789,1.00289445531816,NA,0.2932069278399,1.12850086524598,0.822970985096816,0.89336782781272,0.843353495155958,NA,NA,0.898994754279856,1.90068873651034,0.837781222224707,0.421569989339966,0.767981499201519,0.943610381098127,0.685179054987647,1.08145639605125,0.941244035355611,1.09046891398009,0.605108315159868,1.5398349067191,0.893529439143269,1.45538099714386,NA,0.217778631596257,1,0.638443362673146,NA,3.46229836237343,0.238574862516586,0.908350275797093,1.08067492469909,1.12476612028398,0.754564288022329,1.2400043953854,1.4778003714985,1.41301239435724,0.928082232658111,1.04006627310136,1.05126402818459,0.755037872043111,1.20457205460083,0.629096790426347,1.07124994324602,0.936534881420091,1.10319176046231,0.789441831216765,0.90957489078828,0.895151016507661,0.624798480960635,2.20746505218829,0.842571213325975,1.04417636686585,1.28519269425109,1.27825510049408,0.749032813591696,0.970566859614924,1.26588076789536,2.24553183336693,0.917666113665665,0.797613198085958,0.735318571977727,1.0173279991634,0.611282410837468,0.9981471137037,903.357370193586,1.77958226549988,0.96585656530879,1.38672692404452,1.95281129866049,1.18379989733774,0.887687036953511,0.519069011142872,NA,2.01587047606136,0.71753012521255,0.806672141858505,1.06031749249168,0.975439728641022,NA,0.747113278983172,1.08852115665032,0.619228601224124,0.993985295636748,1.23760363998402,1.09722477513818,NA,0.735799872084743,4.79833590651804,2.1777394466098,0.555179841694666,0.515978203293562,1.0027338010394,0.707934346438905,0.885021554117064,1.67399285790576,0.747467215028618,0.959241794685389,NA,0.976465251046602,0.648977237986908,0.987876886582604,1.21475653680164,NA,0.943371820972198,1.34412307064128,0.953169123208679,1.48311851041293,0.97144934372565,NA,1.26689944816369,1.07549278574369,NA,2.17526829193547,1.05698155072284,0.853591783337655,1.22114711436779,1.40879601844476,1.255970436775,0.780277078264083,0.404533517402451,0.712958031919533,0.381000472079704,0.428269091662038,0.734395777160108,1.4474735443008,0.825172836108354,NA,0.682011951352366,0.549807125082854,0.961913882256481,0.90057407686099,NA,17.3792532782471,0.781099179960623,0.707998731556847,0.853108561423655,2.51755793836336,1.13789391952216,1.17828763059524,0.662424249635954,1.02226895763489,0.15779541497733,0.815250457379977,0.237672607320989,1.12508289300503,0.905730262559954,NA
"sam_2",1.83829353170339,NA,0.0775832389368147,0.977083704922651,1.07183819494165,1.42704759976776,0.811820718226816,1.15013663740759,NA,0.913210168609353,NA,0.676450035168121,0.820679701717244,2.29847609695424,2.60808289705215,0.769039202341549,0.574628819946659,1,0.483512932692552,0.47248490031608,2.08114458428175,0.93339470868567,1.24559768832601,0.383446127938735,1.15558774992137,1.7427336001131,0.91687845315639,2.65883982450022,1,0.319957922957259,NA,1.59101818683963,1.19948371566592,0.29382523312616,0.968133935198611,NA,0.755812204363385,0.991815313230679,0.81954528292732,0.0568754907532733,1.24817508387259,0.592092136235207,0.246420071256086,0.407660173960787,2.06038098998603,NA,0.566952234612366,0.486252006387679,2.59733139344077,0.72768840286402,0.444421784560779,0.729627809466489,0.619042291700799,NA,4.7163321787062,0.530891025361269,0.686102568381309,1.45742274432343,0.598175521121841,1.02213633651051,0.691963322163305,1.0691880684928,0.926874920400515,0.279345108531234,NA,0.583786829904927,0.793224963386148,1.0094312210869,0.529607078537682,1.0302778061477,0.762641048023609,0.517294119985116,1.03959004319931,4.06595227354635,2.11951469357274,0.178290243530598,1.2465757681254,1.65401903732458,0.226689947982458,1.28703794501061,0.563530981311368,1.4809226723331,0.5575638912916,NA,1.52851471320086,NA,0.871681525132124,NA,NA,0.967575843359463,0.468737890261665,NA,0.986641579675862,1.20757450536983,1.37039815337649,1.35833740724258,0.464878643374754,0.56999980447391,NA,7.87074843898286,7.5603609313678,3.53988577619112,1.05456245163877,0.717220402567316,0.627312782446636,0.571117763855547,NA,2.02983060514414,1.11483824491013,1.05190008827613,0.846904167439306,1.15569471801295,NA,NA,1.46334621544008,0.267176603828136,0.98726744959613,0.884494428673273,0.984094522229718,0.790898997609282,1.22329937704472,0.923778135820527,NA,0.735751678912011,1.43398446456442,0.864552830993261,0.814230041540671,1.17713430190082,0.528933844299043,NA,0.910105433535915,0.64323233169868,NA,0.0886187583496762,NA,0.937718688563615,0.378350832393642,1.81900286609618,0.943248569763465,0.191444296374586,0.63378516395819,1.12507427373971,0.867921509690225,1.49923736847442,0.548524859990129,0.347064924487009,0.752656351721013,0.907918702078949,1.25934212352562,0.799324237607511,0.879806740416082,0.987634429766566,1.22337002653434,1.10334509423814,0.851385866184466,0.972430141797497,1.02338366107541,0.696069384667655,4.87782187072697,0.627230269635448,0.360277753511981,1.97648516481501,0.95071767809969,0.426161952210378,0.842905256058426,0.946907640923312,0.57864556232457,1.04054903779085,0.538358500774573,0.516045660239964,480.781010967541,1.40121683195411,1.84044392336822,2.17687845836293,1.57319344021719,0.832344182175053,0.803201592201777,0.113438500238615,NA,1.35673808957678,0.527443523098954,0.607233554574887,0.754936091313048,1.06966459079932,NA,2.8026115583123,0.926714983983728,0.419737182037311,2.92767241282267,0.806954971881468,0.945598831323651,1.37277352482284,1.30715318332864,1.05418920391575,0.86597575229045,1.38592942220526,0.861293795795464,0.653668373566058,0.241816534540202,0.993125993100541,0.975151203518097,0.257727961992499,0.674904651180807,0.961282896039556,0.67404760741612,1.12482382901164,1.1288798695201,0.764394631654179,7.50280960987028,1.37503735194128,0.343320180819128,1.44313912723872,0.680767476968596,0.504748985049331,NA,0.448052076563667,1.04464575299151,NA,0.0400145946957653,0.811129613878145,0.584994528284394,0.372053617063946,0.51795065905113,0.446419980805943,1.15450230815839,0.336406274099229,0.871303768623185,NA,0.478596038468457,NA,0.541959448399293,0.118165381073028,0.853925106614782,NA,0.638667202472759,0.501601996709786,0.797029807337657,NA,7.87724159795762,3.05880704598557,0.744333920792142,0.662415649317115,NA,0.689726768017477,0.495094857960478,1.17028102733906,1.1157906825561,0.20464438504456,0.855917346564108,5.46273795637217,2.97057698710143,0.268499023346593,NA
"sam_3",NA,1.14750064802097,NA,0.68812243251132,5.36192117344598,0.760121670212761,1.13218621684902,0.761196469791693,NA,0.984340201603077,0.843726062886075,0.774121814512713,1.23398846937695,0.801589458595292,0.844332170339392,0.84711513767759,0.695324123281073,2.30375545048681,NA,0.549471819319682,NA,1.63393446095426,1.70207320925792,0.852535058757015,0.837112640953749,1.13223964622733,1.08675669117856,1.11929752162662,NA,0.808956549661257,NA,1.01720956926337,0.918915744648916,0.705532197539875,0.831611556309518,NA,0.921520576731232,1.61944679155898,1.18678143270578,0.0762441303002157,1.52727614602626,1.33732192671412,1.25115432063141,0.351642990582871,7.9474862759118,NA,1.71475112889947,1.52172918464931,0.554348481963683,NA,0.66289035070278,1.13583290660349,1.45086437937659,NA,0.374777745923029,NA,1.23302350195036,0.73641517462924,0.483977229962862,NA,0.465019902867761,0.847262347786539,2.16113759788,0.532342271923663,1.74328795621329,0.829179712985704,0.258357914604843,1.21307522904022,1.15889952948378,0.837277973990434,0.746758571559562,0.741012233660499,0.874496765764973,1.59670142465999,1.30495297121681,0.304460792900929,1.15654056117873,1.19204708397214,1.76754978316436,1.07113644054578,1.0086938696389,0.924272159289693,22.5039064629398,NA,1.13634177910578,0.960947016793806,1.00978029778539,1.58966906718981,1.5109485062387,0.221938226108382,NA,0.686240142130235,0.866086085502842,2.77503612140388,1.31879295969869,1.67451789692791,0.994743580729463,0.622798393328679,NA,1.900018695015,2.67119679706363,0.905755199893901,0.974797871744573,2.45625247700827,0.813538481834276,1.13565659142629,NA,0.53042524156485,0.905191509011369,0.62361841872328,1.05269860273734,0.93785175056494,NA,1.83037861432281,0.768808710181096,0.560927507031958,1.14146588083091,0.64690226691977,1,0.882838971739555,0.781447636404116,0.920220100715886,1,0.810473537425797,0.949059924869266,NA,0.88449675206418,0.791261501774772,NA,0.320791642647464,1.32681433232664,1.6958120149511,NA,1.13065768307288,0.376083810871238,1.03173576600102,1.33899814025069,1.23015807678274,0.977193902094402,0.486733420554421,NA,0.646539903070963,0.532309069395155,0.264229469222795,0.939284045484939,2.14192591702488,1.46792722615874,NA,1.24148099794117,0.427886948850254,1.05608233138971,0.844148159417415,0.742399268757601,0.682834776786047,0.803919424744652,1.09838533449544,0.367640151078246,0.618087965120224,0.424554972332286,0.415822570954585,0.705782115047506,1.3136680687878,2.95609389374055,0.984345337866334,1.01629271632012,0.90931182088462,1.09975618842106,0.799382803395715,0.513509171626804,1.29078432761746,NA,0.686031595014245,NA,2.84038920816018,0.10465786359382,0.842936147918607,1.74974879463555,0.877156300939492,NA,1.42130118216441,0.683040522975451,2.389838761071,0.788027723729721,1.47686960719531,NA,0.775505394774612,0.892742705483503,1.05895007628656,0.851940088319092,0.902751423003294,1.26954353610175,0.635663845570756,0.602839319609587,1.32969793944916,0.562563997246319,0.752841611467221,0.47549071326951,1.04836135308288,0.440736220522175,1.03456482067253,0.910817792452595,1.07357300715097,1.17758092262548,0.847906234866732,0.877820265320303,0.966232990138884,0.883526722493283,0.94185643959667,NA,1.6456313375389,0.715593640446817,0.89773013995813,0.807861340200473,1.0394656431041,NA,1.38150456104097,0.627173809889798,NA,0.128450605847256,0.316827359066569,0.753113284701681,1.59167213415121,1.80812958144487,0.625081844406683,1.16081084215462,NA,1.16090627092071,0.684621200289021,1.763877506153,1.08724938822397,1.17649280957533,0.846850992916085,NA,NA,0.420079349946942,1.57518270128473,0.755538793952179,NA,NA,0.812837372086101,0.420317993303624,0.764944372769858,0.727564613399549,0.762581254219032,0.627100443680099,1.12510736555734,1.04337031807288,0.993436383648485,0.573991468551699,1.03797388573106,1.19883602669134,NA,NA
"sam_4",0.907156696206338,7.17231929546202,0.413134856108784,1.07256610736438,NA,1.27891675258457,1.12829491418408,1.23883945770716,14.9207844662596,1.32545967883131,1.0283280207127,1.17459791746532,0.980770683712901,0.70824374676876,1.38878764641725,0.808207605585999,0.825927767090257,0.640835532767111,1.92730162042869,1.70020298513511,2.2223332580694,1.32106649585693,0.82180117304348,0.678011970913508,NA,1.42818897079719,0.833885227722293,NA,0.843170496135029,0.952534218633339,NA,0.699881757655258,0.987421224250086,0.823694110124716,1.03012992689904,NA,2.06123563691969,0.535721063857234,1.4262206025206,1.51623844636474,0.516174265241398,2.00403238584251,2.24519682741686,2.90336567051713,2.68915773204617,14.6430882799662,NA,0.523788497489118,0.58202189068437,NA,0.702499694924683,0.85406635221831,1.41740445609275,1.01292520522226,0.209416938899323,0.53788275941191,1.74650106754594,1.55137788198016,2.13209893832972,NA,0.637872827127103,0.982629416374756,1.25048040185462,NA,2.77161138851038,0.934616214564623,0.928324829836099,1.02285167476599,1.02453274682885,8.35471021959228,0.92927474206947,0.371951176421318,1.03389141920952,1.01096968782406,0.670798098619065,1.78858132577374,1.8286716517715,1.04800959646668,2.17061320119849,2.39032975155286,0.178700832744912,1.12785351584134,68.423736465398,NA,1.00936709932242,0.98888728215887,0.863778230041292,1.17628034150922,0.380015939745301,0.612975390285477,0.290879644494244,0.950384257138289,1.52509188866527,0.318736381701227,0.336138754371368,0.365740655599059,2.28313147685014,0.972109499746694,2.44515441465178,NA,0.972912106147205,0.725808801023739,1.20439318577432,0.294793454691332,1.39040773381661,1.33599011466282,NA,1.6742973783159,0.911187561274573,0.854513112993014,0.920987796270796,1.38284536374047,NA,1.06851450521484,1.18634547025816,NA,0.914338730266068,0.986104340060993,1.51366044447422,1.07872015786102,1.32858530184179,1.06461720352222,2.89103101400609,1.30296822257962,0.746818687809145,0.853799747988111,0.995923838002939,0.695007741267136,NA,1.78900111401337,1.27115940833335,0.9543593697861,NA,NA,1.82009049119188,0.868606000738873,1.92007017729839,0.332898115043154,1.83348925895046,1.81676388122506,1.42565416446603,0.899339819380582,0.833895866585689,0.449240790435899,0.796815072449319,1.29591045929173,1.0483627093824,NA,0.486643203025431,1.02707517806148,1.53163855729704,1.00404774761976,1.34700677259142,0.908850555399666,1.08236480343882,0.578498528202294,0.351628172391471,1.42081800719637,2.28525777094806,1.86210499318336,1.34163255697968,0.774775627372653,1.5322272410211,4.20629370779562,2.33371586170561,0.848888159912312,1.56029982692957,0.91499926729589,0.576283024639507,1.81557800597107,NA,1.44391244159539,0.598863477777982,0.175010929745495,1.37806202070909,0.820291212532284,0.711517176077035,3.30395407251422,NA,3.41711452644675,0.874107819583143,0.836336841320396,0.817976986238563,1.25850870041699,NA,0.906080119118172,0.82419461522792,0.436546284144439,0.927350308755607,1.95230076009722,0.896549462508326,0.333951853095323,1.44349546648331,0.312569904010812,0.569081423187846,0.835645808321743,1.51161054955904,1.20905206709361,1.1475687348553,0.459734445329894,1.49704023044603,NA,3.77770014581152,2.09558322490697,1.36067528384934,1.03576850295472,0.900007205125831,0.6833465620504,0.0635009298836487,0.984872332009878,0.756684757464791,1.10587758709582,0.629790116939382,2.45245526971078,NA,1.35605614280001,0.901562955832555,1.33227015058856,0.107505397107648,1.52626731579123,1.47205829868492,3.2508683732473,2.68641743767204,0.824431311157611,0.943188466870286,NA,0.85554540129647,1.348836422625,2.36939427804846,1.02445544968081,1.22086629581767,1.23114915745315,NA,1.91107903630414,0.660889332198922,1.12340538211269,1.27503465481993,NA,31.4051992581121,1.18936125706798,1.15471154859781,0.599737358388559,1.15446896143249,1.02101074186998,0.768137724947501,0.52529574440569,1.00489851099851,0.984815117976465,0.810124980781677,0.371768937905768,NA,4.51199596744049,3.81073835121352
"sam_5",0.865938818015079,1.85745157398812,0.458049816953231,1.09804105247761,0.981859232922575,1.01442391992411,0.924733945312869,0.742183532792159,NA,0.820502862837864,0.385279723334239,0.61866111771638,1.07780950904193,1.44725284218595,NA,0.987678338317919,1.27251810553284,1.55705730096009,0.40218937628363,2.29252496803058,0.819038583660371,0.744980405540121,NA,0.673182160261174,NA,0.470248985910101,0.735380471931385,2.69272156619284,NA,0.983006302258198,NA,1.02246417627923,0.70461418150411,0.797837968281689,1.2152360266969,0.243887310531043,1.31208213745529,0.427170144947926,0.797545761794599,0.0852926539197025,0.359763906459996,0.430715891350021,1.02358382085319,0.60997940378077,2.41586894661148,9.45232256585282,0.15892133515523,1.47740165429558,0.298093516221926,NA,0.466589423986716,1.36064035644847,0.830583947864828,NA,1.55530341101959,1.02773574041884,1.06488837391229,1.1622193933402,1.14088334396823,NA,0.651060487997104,1.63795212119096,0.923652456439799,2.11423592660528,0.968755805541478,1.19376890980265,0.612956224297047,0.462428235426464,1.32311592978349,0.732017107434383,1.03769887652455,0.656776399307745,1.03384078503694,0.468448307161531,0.712012390402311,2.02601291694924,1.07353145143881,0.770246395553279,NA,2.13569227757813,0.466706076155754,0.715159751622587,0.314638741502316,1.98444540100924,0.653943426877632,1.0197139562813,1.31915235374898,NA,1.90257070783295,0.463016444691297,0.459837530760568,0.00363082067749912,0.620989549796862,0.295587622264103,0.83823572565232,NA,2.69010309597539,5.00075482250473,NA,NA,20.2853227701308,0.578244432071887,1.939225320535,0.593635105065528,0.586677080871124,1.02945450811148,NA,0.480462349752457,1.37198388672619,NA,0.993338403645298,0.932671276956671,NA,0.756058383790191,1.11104712548244,NA,1.49008838889972,1.34649804084154,0.992732035637363,0.860408018043073,0.882878703818718,0.816090094698241,1.17452681795916,0.657428850910292,1.64338144067286,NA,0.459356945973236,1.90511938102655,NA,1.43174537612656,0.833216761992574,0.713238530330246,NA,2.0006640957371,0.536873146859991,1.08132927350279,0.63745599567976,7.26008917778054,1.0248902984511,3.46060470823286,0.296835290795962,0.799009707973104,0.922198177968142,0.907056682690666,0.81735562743626,0.313826554332353,1.38786780046817,3.42646868259501,0.861359854684877,0.370324334753163,1.16030495897611,1.14265879078421,0.857896768793728,1.7474456511407,0.929922798337991,0.86767734978094,0.583218922713189,0.641797740115516,2.81931983108346,0.5142662611658,1.07914848201589,1.21275276972397,0.734475166287631,0.330129926159115,1.41292081254648,0.971827065069467,0.891971375084545,1.00573836221635,0.443278108957194,0.614202037928589,0.424454536785974,0.26465467097499,1.0703224331615,1.17825198705031,0.0853769368277211,1.04179645169814,1.19884257862549,0.804682384191623,NA,0.438572458351596,0.493370995333242,0.76869195100814,1.05984116741948,0.758785269820698,1.5608748165635,0.87752513189591,1.28767434932211,0.850295854764969,0.843147826216783,0.875470160465396,NA,NA,1.28963278803087,NA,0.770041158058991,0.919600821482185,0.287198314725991,0.712925402316102,0.198907838027408,0.769739093806422,0.8397188231666,0.751356084873916,0.421373170388588,5.70705682151958,1.08072680242757,1.11837173692854,0.971118732541583,1.12709251462005,NA,1.18710429865419,1.18447798324851,1.04905989283618,0.599234191565719,0.95230102613347,NA,0.620075105498039,1.05765707635623,NA,0.0945128279296698,0.531234892306115,0.665639682987616,1.04257468545844,0.428001837739748,0.914961868767841,0.76101220536937,NA,0.937820393052505,1.82057129854759,2.74641931627696,8.21502863893773,0.886740506596055,1.05214146685962,NA,NA,0.639297445332181,1.46149230295393,0.795910187919541,NA,1.04049909351479,0.82464800129448,0.641774218214108,0.873481659332133,0.355675350239802,0.852238221522484,0.951198077617404,1.04609338360103,1.314055015412,1.1516634135971,1.10199508782279,2.06891122490767,1.27643914978829,0.258405294930338,NA
"sam_6",0.803622910513422,NA,0.209196621197067,0.76933981954798,NA,0.240260528875136,1.16514750818354,0.7862278785645,NA,1.23212058237457,1.24802006150239,0.878202529049317,0.832537162442807,0.535085499464239,0.319353829325559,0.277645968513728,0.949975449698192,1.08331296979508,0.822553018337208,0.387963611499318,NA,1.11885336520977,1.17645827058626,0.986491162056411,1.0952004576776,0.663460096797404,0.633952290427727,0.501169112239865,1.48314729276066,1.42877391006994,NA,0.99064312371061,1.89188344811347,0.609328488460901,0.760153036598617,1.24143194649567,1.56379124331023,1.40941288199935,0.851601997370386,1.56272385246443,3.43586260178313,1.61013054756245,0.571510269946305,2.03822795471643,0.755652343676363,NA,1.50105792946273,2.32384303320333,0.539043325545508,NA,1.90664379669909,2.69651626310092,1.18174884262091,NA,3.18780164270658,1.00530271220912,0.804001352260621,0.847800200567505,0.670922343448277,0.852393432783442,1.15549092162698,0.943497540643766,1.39419101535791,0.99001352962806,NA,1.16243539861879,0.558814602123261,0.774696755193447,1.07448976186733,0.688840969929832,0.750980073484301,1.32678919916142,1.02466092419695,0.543971478007985,1.03582755888435,0.217649135309963,1.37159599671739,0.501774787741386,0.718547739759326,0.410323601000895,0.456343846364897,1.47464388935159,NA,NA,0.810020592948576,0.978636775473318,1.04485678918151,NA,1.30694455058364,0.760403534110808,0.458240125257187,NA,0.57688945484753,7.88395603296987,0.673942854982915,0.520164179936502,1.0308049721755,1.78681667556885,1.73222094253704,0.695479906660804,0.565272287274743,8.94019221012078,0.432989087956556,1.22326749490962,0.899476545423218,0.924006563273642,NA,0.0602352354844375,0.747292835776374,1.19537739104184,1.05291921375551,1.21909424797514,NA,0.557148281844312,0.947319712040154,1.28770299853363,0.784677836640264,0.8560426353665,1.1284186928448,1.1840052136254,1.50903454732247,0.997087052935729,0.396944522207678,1.27845763960308,1.6075827996471,NA,2.02931127548376,0.925073286866857,NA,NA,0.278681214096175,1.04901892517534,NA,0.783213035062743,0.569347750760369,1.04782488460271,0.969108639591282,1.36900758431029,0.763023615601798,0.317001304173156,0.900712828385208,0.401888163080136,0.894234168918123,2.33953409121908,1.24940417527063,2.07436186386903,2.66578064151212,NA,0.878176353005573,1.39477635400869,1.67219836619828,0.736335125365165,1,0.298933128344539,1.2082814332911,2.41374315562749,0.360953510329275,1.33316533878014,1.4079832238658,2.06042140614212,1.42645881167431,NA,2.59366188606573,0.696514106126341,1.45642402738755,1.16664153897514,1.87926604054673,0.894753645330855,1.5510458196523,1.06103210883812,NA,1.34792435914426,2.52630846330075,2.39173191246596,0.148395580555919,0.669612807149472,0.970723848200439,3.06765007073508,NA,0.449912452163369,2.27750785926375,0.873959725849738,0.970206237565185,0.840577623211209,NA,0.791540683653135,0.954295841111415,0.58789847376456,0.932030791349156,0.920649383796292,0.70460759011111,NA,1.08112751316919,2.83968279289287,0.36515303866146,0.9122047749851,0.630516399032817,0.740778814884742,NA,0.805793254035203,0.702067523149954,1.07236466933799,0.366476992507564,NA,0.589979929287802,0.842472703830962,0.814405085992592,1.13216841163646,5.15170694660032,0.676712095454007,1.35745481039611,0.97967608843999,1.61403524436665,1.48118545290953,NA,0.788201613615345,0.66864343312235,NA,20.8268604991509,0.541755835133988,0.82324933674846,0.596102039819766,2.84382972584092,0.955868029922877,0.908160239574225,NA,0.878111870014724,NA,1.4177851620759,0.901873824063759,1.44501896955553,0.879060702286733,NA,NA,0.995231098825322,0.765838170288268,0.948337420670201,NA,13.8361659927215,0.502326576732052,1.34834236844669,1.19441405001795,1.90610944161483,0.939180986571082,0.859801888867382,0.7878281274471,1.91954919017601,0.952802989066938,1.74062304842567,21.3068247900747,0.505796091218276,1.45516570600485,NA
"sam_7",1.33109437876726,1.13622460750078,1.1909977814376,1.25607425662545,NA,0.894166607270429,0.631378008537331,0.828278026453422,0.425449414644758,1.39314497193051,1.10270459461298,0.987240419215275,1.24302666382176,1.37857172499565,0.868402181747848,0.130728013608139,0.644229047611491,1.55353118514678,NA,0.707664310360088,0.432149349624081,0.768415557748377,1.04450557573751,1.40142314335965,1.61904598338729,1.11795700160982,1.12871354139831,8.22470245131212,0.738820718550959,0.865784818600092,NA,1.09999725885214,0.924794220310013,0.969074605383056,1.9882437259265,1.19754555518607,0.900171403295496,0.835915475798747,1.49558446787572,0.0929341110777498,0.569120230388745,NA,0.750564584894952,NA,4.24595187738144,NA,0.487083157173685,1.17709839752718,0.464317835404227,0.872280404200338,1.30242429361779,1.16772481463959,1.34387137676533,NA,0.0925233299023576,0.78918073033617,0.866656563560868,1.29678173956022,0.581524117816957,1.08671370743106,0.496757897990994,1.04163408079452,0.597711380481807,1.4533217424327,2.08001165472306,0.687192132604994,1.02872090474006,0.923927607120803,1.11083556948064,0.378222816923136,1.49086438907216,0.991385607565197,0.908762322414573,2.76371868245331,0.867742746428054,0.983813391059485,1.52510587555698,0.716002765757517,0.993550647747271,0.733615981978963,1.79726085585756,1.09032704230795,37.3623241967187,1.54525138882988,0.732476437123029,1.107750988212,1.27554649768755,0.8614745915428,0.126017964347989,1.29450868505047,2.88032683492282,0.902345537173614,0.784428484978149,0.234917230417918,0.747544353740152,1.0603837614638,1.5548966586739,0.31193211388275,NA,0.701827209015977,0.985077434864679,0.616190161778403,0.50220783342924,0.772768419357081,0.985075341859618,1.23185182478999,NA,0.697311902948633,1.18752617397578,1.68372250260437,1.2249230285456,1.18924100946183,NA,NA,0.892833875670415,0.829958433712881,1.61556403999127,0.531772798948161,1.08487864754848,1.0277210837193,0.976793106157002,1.00903941555883,1,0.676085123997764,0.546892535178451,0.603648018052846,1.09488816156991,1.32291652532808,NA,NA,1.15928109083182,1.45410943575565,NA,0.0889067957092387,NA,1.01198466576527,1.84920185543323,1.10867706708539,1.21351204786926,0.798692499878745,1.77989209696121,0.388157454339775,0.982265337059077,0.129732367377267,0.937498949772654,0.545468522120836,1.74217543660041,1.20155972189448,0.773613587720771,0.991206894652818,0.796587494121197,1.04856041260981,0.886214383898796,0.532095378217743,1.06352717841337,1.19312015754916,0.766632777244946,1.10069367558924,NA,3.49821264297074,1.01182170511981,0.211882093730308,1.42221073858308,1.3591039332527,1.97635194981486,1.38419481203445,1.59419000260796,1.02487992548131,1.37853904234227,1.66783397993974,NA,1.06855732297832,0.0789453938422331,0.306641954298965,1.02492846463655,1.0549661387806,0.926241872940366,1.16073703503921,NA,1.54801311439456,1.86368060168132,3.80192696155417,1.09239297974245,1.83808143070042,NA,0.95582612421897,0.802840721641111,1.46854961609858,0.767634141185185,1.33315020224584,0.975308766851482,NA,0.694341999157864,0.626852042705861,0.909592945181488,0.444489646032373,0.795386992144387,1.22445296746615,1.73088936938473,1.29491923154479,1.28809281668985,0.737147150187916,0.806440598605547,NA,1.26514288846227,1.15050816272406,0.926309098353332,1.20566759480557,2.15602171783705,1.34313622036028,0.549197126256541,0.762825103939275,1.56710003333017,2.63136977382739,NA,1.11178386905072,0.781233960464723,1.84640486842535,0.0666848716833542,0.849476698046962,1.1561291237647,1.18889067412396,1.73573406302368,1.49699274408086,0.539788332624097,NA,0.707114105665868,NA,0.202540491594557,0.667608827342673,2.23832516145518,0.901572956594349,NA,3.69942478733882,0.871194280984751,1.9364216852438,0.984035959715008,NA,0.941102027380952,0.955285892696134,0.937025057630918,0.517613731394896,1.56538286412877,0.903153258057293,1.27743949358249,2.03763960272763,1.22525066029497,0.342905789501658,0.815775424810578,4.43922751225384,0.317924997157916,1.03260689872255,0.419000818790402
"sam_8",0.600232980188607,NA,1.97264626894113,0.876636424237361,NA,2.31742463162016,1.31550136652953,1.34707078744826,NA,1.66750113383738,0.803848681718929,1.02953869500635,1.00653125853585,0.792720556613782,NA,3.22468928916002,1.12946846903442,1.516395923463,1.37269943361564,1.83515722049156,NA,0.752684458424815,0.733458491026079,3.352158054056,1.4188731414575,0.901596031794642,0.5525078840987,0.276987734745763,NA,0.531923256236484,NA,0.507142318718987,1.27630745280613,0.597877743096122,2.16259268807085,0.17633701108318,1.5840849793145,1.03450325891355,1.39624078374492,4.12618572197011,0.336756222319371,0.802956688517916,NA,1.42019070944417,0.0819908424093516,0.213166606002055,0.914590342777575,0.475772465157164,3.20099198183174,NA,1.14859851261804,2.00207163492505,1.28992827341288,NA,0.422203858811385,1.5756083009082,1.2880454229112,0.705893801212411,1.04181072554832,0.814662691767676,1.13275383779386,1.3290865889398,0.332518745169416,NA,1.26716035747881,1.2229121338316,1.18295957318677,1.02389342234821,0.764693541959144,0.538770035691866,0.874206779264424,0.713663228281315,1.18750604670082,2.65601492180248,0.688252266359609,0.864000971218777,0.842922920133174,0.877358950000917,2.23362709985433,1.16972454089948,3.1896334598394,NA,0.248446364192809,0.633788481150962,1.02378394018371,1.26315172123859,1.12249807209799,NA,1.20685178194285,0.572666546501232,1.04100154708076,NA,1.71776760081669,0.373029367094126,0.997576380536311,1.76355407693454,1.1604257201919,0.326311081239459,NA,NA,0.680219236123203,0.686079031794233,1.71180237519239,0.450741803863364,1.30860672456147,1.34638195808437,NA,3.17231993321244,1,0.867329066029729,0.960871993152496,1.43324199079157,NA,NA,0.963339037119608,NA,1.00671782548008,0.716147927883709,1.47507034151123,1.06113440294231,0.206991776722313,0.976104291323669,2.48693388301465,0.606734843515635,5.08030474419407,1.09422714881808,0.663246880601774,0.985445854023036,1.18927424313831,NA,0.803544439590613,1.35701412349157,NA,0.854751909259434,0.286011383088111,0.795062343133253,1.59965496803946,0.510945906464922,1.01660559680186,1.09272862808912,2.24326520260053,0.514566564146095,0.802005375179773,0.317895477667571,0.750529592145312,0.640208898092402,1.17819407686105,0.680981167220985,0.943498318764845,1.52390476829937,2.00079013249157,1.11708048242131,0.218684761584593,1.4789005878162,1.29671659408199,0.321831749555258,2.26757538856226,1.38546457825176,3.9934576831493,1.92241765078156,1.45616182377524,0.502823453618035,0.612897891095369,0.979854541690095,2.56740368249017,0.55049425074838,1.43216758936695,0.987958820914653,1.0494521542747,1.257859145209,NA,1.14111903548108,0.254664337752262,0.237855398179566,0.495092908938122,1.05330102247888,0.817278883270066,2.14723479738645,NA,0.322727283896883,1.07512419685188,0.473104131255083,1.05052863087653,0.906469253380989,NA,1.39137681998264,1.53358667146275,1.02066794690403,0.754972572552014,1.0681990370425,0.938019759578211,0.59697061284309,3.45288658471625,NA,1.74141768938426,0.938513835871903,0.943099756387517,1.33758027908772,2.33989346124437,0.784501706803958,0.748705404853632,0.977218312728998,1.61285903083916,1,1.02426917885071,1.97854666728345,0.997492454931007,0.432270698645563,0.135582772812352,0.881648801928657,0.867220102997068,0.971552530824275,1.64801494571074,1.08514048561608,NA,2.61860392822529,1.04650399960447,NA,0.231137700019887,0.567591636883345,1.01240756600875,1.53175742322575,1.2566141610582,0.619664338476692,1.13642233301997,NA,1.40331676364938,0.172929704771523,1.20502401405194,0.786283795916399,1.34080257325455,0.5881762730255,NA,1.51820051795716,1.19142428123067,1.02037379539861,1,NA,0.239670100510826,0.991685163025773,1.04366690868473,0.646835133280709,0.994066644775156,0.894115584244159,0.632213437128527,0.652115369379001,1.38174947512006,0.767791028309037,0.835078123463995,0.0793352060853734,2.22356220893106,3.90465407334058,NA
"sam_9",NA,0.694029487799834,1.14389757108329,0.790268339891431,0.89510239217872,0.505666560376243,1.34801947118708,0.951963926299759,NA,0.972764464076031,1.1379847387232,1.16148693228404,1.53742727706144,0.940988832131526,NA,0.417442367006822,1.22758975120357,1.13725264656087,NA,0.800926358246489,0.676357337261868,1.37447866596629,10.111440316896,0.639150397101252,NA,1.20026964386759,0.718733935440167,NA,0.514554151840648,1.02356001861258,2.9774075456953,0.961430207306243,1.50779786568349,0.693392818510554,1.13575806403121,NA,0.977537345620223,0.883810672390296,0.837312285419343,2.18912230517293,1.15226045071031,NA,NA,NA,1.32380758938615,11.2460466033958,1.26847815324675,0.623296720883377,1.3846640055203,0.172006777338479,0.360735168293659,0.826297802463349,1.10240480638867,2.1993300326523,0.531363137582073,1.50048719422651,1.01302768749558,0.763492205392759,1.67891018555332,NA,0.555931063420694,0.81398660654963,0.760219034212296,0.248417117349239,0.366815691611507,1.12959188372794,0.285668426015268,1.04598621865201,0.568493846159387,0.826121360438444,1.23635067876055,2.00329057566752,0.987530462306651,1.59289467684165,NA,1.9331172997317,0.720507439383623,0.752240174610523,1.03650992883497,1.56714015888229,0.448255389753548,0.723580662989755,1.01578782023685,NA,1.26403662617514,1.22410009175306,0.921193507647711,0.45534637918536,0.0956724194153256,0.290687335274014,NA,1.32114663935603,4.06493835743713,2.18641187656023,0.971886229579571,NA,0.785386075185889,0.530720971980788,1.14975011648034,1.27835130283133,1.87330121024321,0.849567705095822,1.98514887519631,0.277478366693164,1.14166760852573,0.751504970543772,NA,0.500970983175399,1.27469715399311,0.65784279021342,0.873460630546855,0.919352986116584,NA,NA,0.809708522771107,NA,1.30199924383684,0.477363243760401,0.99370118495013,1.01701574497405,0.776032839054042,0.885135641552482,0.814680124668252,2.34540637968765,0.940773230857326,NA,1.32117412368817,1.16354305840038,NA,0.931826337457307,1.09597404429566,1.91570557771162,NA,0.15393305434309,NA,1.09037792393583,2.05492510193672,0.47906272685625,1.15602216285078,1.74255019014386,2.02249323691193,NA,0.764611441224207,0.587691935725534,0.90512043983206,0.82786006570797,0.514930912836659,0.291438638441593,0.950716579630122,1.46701895085001,1.01508489526488,0.955090323568088,0.710115365072745,2.20679641301361,0.889791717013566,0.229635335576945,1.86975416155761,0.707151758621932,1.62195642582362,0.432678438362843,0.672234125155834,1.00487552219327,0.640452159150268,NA,1.66836966314915,0.833393740184889,1.45101961598556,1.35695372057744,0.408958107479208,1.22634951034686,NA,1.21392276323607,0.43131342035284,0.370046087228471,3.41925557097278,1.27390602174572,0.99776706305793,1.85778246877091,NA,0.15506573883311,0.329551090570094,0.715897928324822,0.860064338407622,1.14672806367045,NA,1.89945075667015,1.2638891094838,0.248567956172192,0.540014368822754,1.20812163651636,0.650050034248966,NA,1.3269063807602,NA,1.38313453538272,0.68367505555653,1.30625959765736,0.806628195248055,0.974687058827223,1.56044168593753,1.05255809386602,NA,0.664084934789735,NA,0.97505984748225,1.35192356870854,1.02072501114687,0.509333815239878,0.567188432241991,1.32722291236936,1.25201328586127,0.854852796818147,1.46731082632253,1.07488893614454,NA,1.04170465210324,0.9645989544758,NA,8.72995038617939,0.751336227591525,0.813297369296874,1.72921383033308,0.804662167365831,0.543899478766383,0.914632293942736,NA,0.884095594722506,0.235120502548495,3.50012756479922,NA,0.823978150166183,2.63066519563102,NA,1.83885514131657,2.39915289094165,1.34707809923121,1.13156583953801,NA,1.21071973465159,1.49835118705122,0.80166113709044,0.841235371152851,0.876730824281733,0.948987436395464,0.504902950134728,1.16134260511794,1.01168536233368,0.689521789609789,1.03162314958519,0.359001426262582,0.160094545135081,1.05553134591558,NA
"sam_10",256.607716497926,NA,2.04139579506344,0.00577652176115445,0.594074882638485,1.80421008741906,1.20104384050266,0.010096824126655,NA,0.00450564275012345,0.984135320819644,0.00450667380011913,1.06110215347839,1.92058725985326,NA,0.00131468433129179,0.00540904624204517,0.99620704792624,1.07512211685029,1.0448163622588,1.49511428112795,0.00497060004759678,0.253352627057325,0.924811729233287,0.503323615482869,1.04737677044646,0.00457681949487252,NA,1.0190433810673,1.44759055877578,NA,0.283579240555975,0.0033167885312102,NA,0.00217970558028299,0.281389046460019,0.00514792523679357,0.00506196814643804,0.00627965736573764,0.116885120823103,1.30931989454398,0.00370253164360979,NA,2.1623053254888,1.11148790134447,1.61708856904594,0.755727895081589,0.202523716669929,1.15149243408095,NA,0.0048492663211081,4.81295312413506,0.00460158180303756,NA,1.07255623810787,NA,0.914679261918898,0.0050464976062392,0.00469038961009118,NA,0.005254341354261,1,1.42428824376012,0.00139856793491467,NA,0.00632209873071501,0.00293419631056349,0.00710493822555323,0.00273975947697139,2.03075412096617,0.00465829569035412,0.545446561052681,0.981681028030114,0.840484090926699,0.719991971635376,1.09448256331828,1.08386956531008,0.0050160933243901,NA,0.610504011597765,0.788139437857554,1.02111692994157,0.884562868892977,NA,1.25441908995236,0.662071932437842,0.00411826604147082,1.10116156980915,0.00269209457982123,0.472510446253519,0.00189814243015769,0.00448949258424343,1.69697862254549,2.50475086122454,0.00758302802860013,NA,0.0051982999802114,NA,NA,2.00715529642726,7.1638668637406,0.890397441365929,1.15992644886821,0.187296774085052,0.00409327203514046,0.00450274127321567,0.350999656876852,5.08404264209585,0.621466062050451,0.00263587287375994,0.0051246135466838,0.00386388220323162,0.315992005309593,NA,0.00584677678629853,0.938545146908974,1.04312324727766,0.0048914214429802,1.75941312024945,0.00881083742369612,1.19462616916293,0.00560393396804931,6.18023565965781,1.13755558507613,2.40971520925052,NA,0.327549511125912,0.519510303766157,0.294034177310401,NA,0.00395349837575737,0.00593060872213288,NA,0.000871663611798132,0.924098329465737,0.989074450858583,0.00591635838240847,0.434019382129667,1.01036751679133,0.82256901051504,0.00581268256527761,1.59283187330864,0.00475414636736422,0.194615246349649,0.00527734713934809,1.36422878955136,0.00405568627899741,0.00187225907938783,0.00579196725139419,0.00552123182365739,0.743080112344189,0.00709815183953628,1.06358526090862,0.00604449010270389,0.00693037368321581,0.419143647863336,0.00335003146427626,0.752033256991428,NA,1.81763377740386,0.00302717295764542,1.23175013464372,1.27809640766868,1.17899277184525,0.00856599930955097,0.0045867977915674,0.00497674206556712,0.00581907248417757,0.00674271292773583,0.00705695784141341,NA,1.93963864047099,0.117975621562442,0.0687281740339384,1.69031354766746,0.946319642897088,0.0044875259990254,3.60035052469318,NA,1.42639090630466,0.0038913120731264,0.00174599814631698,0.00665607010578345,0.00685860205502755,NA,0.0041900658183236,0.00604711122744027,0.00200411686690986,3.21971710741437,0.00869379751868574,0.0068278543284511,NA,2.75009093157575,0.857045326049179,0.00332813358332757,0.00874322216544058,1.6512240525463,0.00274510428377001,0.00562764406960752,1.20601866301046,0.00557610619267169,0.00594698242796183,1.05343882957091,3.19745840458642,0.00451771354804085,0.914594137549466,0.00646339719362796,0.00467009155107578,1.40853867449226,0.954912631448367,0.677496509683679,1.07436459276315,0.00485557102751603,0.00537702598553041,NA,0.00694460981549857,0.00590929091657415,0.669504932283066,0.89460800544977,0.00565434255331669,0.00412888944998891,0.0132931991045959,1.35586900149361,0.00291486097931168,1.3733147957105,117.053744015825,1.26259336505405,0.248462078515015,4.16785008617904,NA,0.920095067744871,2.0389474305341,NA,1.26797198668097,0.00234594576771077,0.00313875437481437,0.00773764102520102,NA,0.1606898619482,0.00550619241651966,0.931306465228899,0.931702430636625,1.03986095929145,0.00590531133300466,0.00462702679222561,0.855623508500153,0.00551775453121981,1.31666983726405,0.848672439507879,0.758600525134723,0.242034681589754,0.00936503136900025,NA
"sam_11",98.9778330535059,NA,NA,0.00612731720522587,2.69362396462756,0.543983663410603,0.788411065522287,0.00532866459852899,1.33022497447057,0.0060150812138756,2.0213381432765,0.00538317646554795,1.19697983965646,1.44364946548826,NA,NA,0.0090432271654907,0.836799508755375,1.04651314313611,0.898363380908336,0.985403021329725,0.00674104938025769,7.53059305240092,2.11999189299246,0.714494522322689,1.97731591106109,0.0160477260710653,0.167102774127236,2.0594567677464,0.922075107711602,0.709536899340811,1.35096989409635,0.0123059000521332,0.670298315012381,0.0115059993301308,0.883715466072674,0.00796288022808804,0.00719802078350538,0.0101937749737242,0.0329009865972345,2.20916231224596,0.0125851937768504,3.6808215272894,0.896930529815866,0.333602471916527,28.5964599380281,1.06848672398589,0.79420135912303,0.594018877609223,NA,0.00655227556710771,0.873960526625371,0.013790830227116,1.20892420601244,10.4981279925613,1.01135705644242,1.2232294140265,0.00690490590857275,0.00357570120573198,0.519160648780351,0.010292033251132,0.973091971566429,1.23119807916957,0.0279020117584496,NA,0.00914777993782403,0.00454679196798076,0.00860453711001196,0.00924256491751002,1.10390879349949,0.00808160963348076,NA,0.736964380577514,0.844659559592218,0.949716861505239,0.459400774265307,1.31428753368159,0.00647457900489923,0.00443019364724134,0.33049758656959,1.66415673820309,2.51778191915828,4.83052024417844,NA,1.14443595459342,0.931890143835017,0.00937403060821611,1.8843715391225,0.0158052720271622,0.533280719891563,0.0162410782106409,NA,0.698358497683315,1.68708190827984,0.0108985413209122,NA,0.0121414755625417,0.716979528301413,NA,1.96468276168804,3.83402857039491,1.54813806077963,0.610769843768585,0.657338465590799,0.00878079166728424,0.0160856567656507,NA,0.400984607090546,1.07085610760334,0.0235893990185584,0.0068652114086939,0.0207019062388223,1.51237792275097,NA,0.00663612319009523,NA,1.45823515825729,0.0171925647854856,0.509678092241453,0.00550924713361848,0.798122619139572,0.00892652007125875,0.379610332889224,1.16524641957939,0.534248743629868,2.7158009131595,3.01446832897469,0.92316346381918,NA,2.54527435570483,0.00627639070638765,0.027380505005559,NA,0.0145533078544954,NA,1.02891677737745,0.00681941550666447,0.73826897574665,1.18174653124656,0.561174387005264,0.00304794084969476,1,0.0137333783474019,4.95745212658608,0.00493910068896429,2.02023014898871,0.0129212395514295,0.0192564116065965,0.0108897164269338,0.00429048239284528,1.02238268938573,0.00574569092958821,0.875515996883692,0.00554474655912355,0.00770733860521087,1.0791486449403,0.00967903094051304,0.839049360877594,NA,1.0558004845548,0.0135441111246522,1.01749598771047,0.835705208843374,0.955037082507539,0.00883405187790477,0.00950818573279224,0.00770815706202202,0.00757328965484255,0.00624174709097415,0.00941237203044384,0.832355551933391,1.0246196753959,4.6343519249784,1.33333610392257,2.39564629969193,0.849860390967294,0.0136670303112616,0.495072669709811,NA,0.439364529611246,0.0151389436458422,0.0168512679994102,0.00526642756988783,0.0154325918096929,0.78870462889852,0.0229834873201856,0.0128051578975731,0.0496700130546214,1.75646856169567,0.00704216721044601,0.0077573714131075,NA,0.920832238865456,NA,0.0117158252444845,0.00985480944163166,1.25468892913963,0.0111612757677449,0.00325110808586147,1.16168184062087,0.0119218867846919,0.00990843663608132,0.480079191941314,0.401228750463218,0.011424267044472,0.959106579513828,0.00666993494790318,0.0144743658717186,0.961725209141649,2.6932265377768,0.915463400720801,1.10123632166227,0.00564923959792305,0.0118229822483904,NA,0.00656307534252855,0.00708833048711782,NA,0.0726188013938108,0.00471347566356382,0.00713431395529186,0.00333145807988213,1.64244104063381,0.0102690075780145,1,1.18746240418349,0.642507030209818,0.496960168173936,0.463154258318109,1.42989038235406,1.41232186812026,0.623104444178164,NA,0.62766882422962,0.0109375024917989,NA,0.00709343761993956,0.683937399144039,3.81905746443923,0.00647352606422328,0.894876927424521,0.367855359699523,0.731166861180459,0.00542649533228065,0.00651169244363503,0.728064889048437,0.00937571054831225,0.736820414456982,0.451323758221113,0.652373659227481,0.461904555503492,0.00244233562548329,NA
"sam_12",0.697620039733343,0.784421122029276,9.93571825543578,1.11156161068588,0.735336004387845,1.56228735691263,0.926710992792145,0.856236328891299,NA,0.821109122549357,1.03174360116433,1.07764816312235,0.677703415164881,1.48199518915387,0.73006213381537,2.27183582917348,0.835194851061074,0.542141399461745,1.32153846125126,0.840254107681492,1.21602186205961,0.432651593324286,NA,1.81037571388,0.314568520675612,1.15936227596018,0.788245657332955,1,0.69933722115091,0.817834113025416,1.67964145804778,1.31718522597666,1.06846854661319,NA,1.26365589250714,NA,0.82181167887748,0.7877758595415,0.956819930963637,0.980837594965125,0.361297013330803,NA,NA,2.66344900908786,0.684738827222526,0.0668563608208462,1.80332836318323,1.54302922604342,1.65241985700472,0.365529688834284,0.551578684183181,0.888417217818662,0.955259456502998,NA,0.732315265373464,1.09833342931037,0.96896951311614,0.995574516546829,0.496921205042965,0.830667200670646,0.296995374559625,1.08535055011882,0.373870214591291,2.20865188923295,0.636760808255565,1.03882165029952,0.465541483078277,1.33906801006067,1.38823021188639,1.11804444621451,0.736398961171769,2.35425954227139,1.06299547643988,1.0936535037169,0.980817322329906,0.483703595587367,0.571608076418991,0.489958642574614,0.684977453220116,0.498075550665115,2.28622118190935,2.74475331741285,0.456487608290569,NA,0.936262913189227,NA,1.11323733590512,NA,1.02228965599142,1.02505454764533,1.01955279380568,1.06814222929803,0.644236003642306,0.190826380643427,1.05450737565651,0.486174213470079,1.05854137925937,1.9152545321784,NA,0.527358042477763,1.07953279213538,0.979685990410466,0.751700965479158,2.17579278295657,0.671656028639543,1.05654365835417,NA,0.928411669713932,0.502566801331273,0.766914321209279,0.996614472139155,1.61831189302125,NA,0.540977416157699,0.853501886758845,NA,1.15335111013174,0.413303864340125,0.913049729572858,0.820162813718799,0.619400033008162,1.21248039435078,NA,0.810753495744744,1.10935425854473,NA,0.792162598631268,0.199903904842864,NA,NA,0.348974860513517,0.923790146219902,0.690947470524442,0.50923498647883,0.956909855984981,0.9045592914453,0.613365978025632,1.36953294636857,0.948386274613924,0.349508297664387,0.66368900358407,1.06284500547675,0.52524337406458,NA,0.903750149462938,0.282659267182074,1.02769542077077,0.490761700957764,1.09034967403285,0.847678383473025,0.841766943423023,0.946298160826385,0.761363293223778,0.837105466558434,0.872628942333284,0.873156813777002,1.79713817167743,1.54752977700295,0.975226062879444,0.72718035978701,0.972656965925428,NA,0.564133066862068,0.690175684217666,1.36087048842249,1.02956473540483,0.918074497318719,1.07214355191025,0.624184653793661,0.78197442632461,NA,1.50494327240929,0.480178191222245,1.24940553539902,0.064004960701099,0.989800616246536,0.641308474828703,1.1409387163951,NA,0.775840616420199,1.38337573966333,0.861903312533357,0.67345579849733,0.643751047264658,NA,2.26393194895949,1.28154317188297,0.860109332797548,0.655320501437612,0.674326954386661,0.765184679675959,3.17103092324042,1.40130591620202,2.71591649128807,1.32478215204676,0.808926920871203,1.04087581731879,1.40691360982448,1.55721325576182,1.06118001004456,0.95453565613248,0.953739126583701,0.704777603929905,NA,0.839573462561234,NA,0.953870156936907,0.607833676036209,0.457770469412342,1.43846742933189,0.491830771326056,0.689338065590548,1.19641023196257,0.918520231531828,NA,0.495318691111062,0.92288851337615,NA,0.131613981998224,0.405149911333082,0.910082717167925,1.1712808879786,0.739394852930771,0.398421874953688,0.729593600823106,15.4122497982876,0.659769074838771,1.23847457310009,1.30808658921534,NA,0.423521537137691,1.00429246178067,NA,2.27209717529821,1.72336058931139,NA,0.975500793175761,0.778893567284581,NA,0.637977438649592,1.07133825711132,0.467154606811621,0.950637676976505,1.10450763261406,0.548291935933377,1.51184105563967,1.36595173262339,1.67103221990331,1.10282462933808,0.246000459730724,0.429742034112716,0.660712631199218,NA
"sam_13",1.05713753878416,0.739178191495316,2.43610540149484,0.904998368185513,0.785202753772729,0.9958443898331,1.29608040851416,1.3836874982417,NA,1.98875096591851,0.669623258696569,0.73797503625625,0.892387830251256,0.490282580992631,NA,NA,1.47032446529,0.877441069192319,1.70030538812694,0.718421063091982,NA,0.553704181843268,NA,1.16427884024049,NA,0.697235513103823,0.799506255529745,0.22344059408268,0.622582183321321,0.727650031892895,NA,0.359930137128723,0.802216430488656,0.899632603964363,2.58308905714825,NA,1.88121819035441,0.962553303568913,1.30512321962653,5.29260883888404,2.12449811186394,2.50060971412194,1.9345178716797,1.05334512889345,0.20306540022795,NA,1.54654162707456,0.994786443787811,0.694895947948062,NA,1,0.533199604377338,1.79355996751649,NA,0.172761278857462,1.80033809697442,1.92660714401014,0.799321592845816,0.186686923996592,NA,1.47331177167944,0.93130204644228,0.643379052777291,NA,1.21897296231733,1.04868418031652,2.08699093565515,0.914863940088871,1.64030459012444,0.380948928182177,1.02310689892233,0.387410963087834,0.827158007312171,1.32379432422855,0.605594124231458,NA,0.61014014604761,1.33779052018981,1.57851969391381,0.181403633197308,2.22987774126964,0.873497110180508,0.466803280155222,NA,0.943966733020678,NA,0.954345291045394,NA,0.140620450164738,0.362746334860558,1.43893245854852,2.86736072582738,0.902197393405917,6.01217642947507,1.93762471087694,0.557863716506023,0.879370713761732,0.225452839596712,7.49434244608143,NA,0.64220646070266,0.917802264245077,1.86301064496422,0.938988615195557,1.6494775929061,0.873182455053336,NA,1,0.701319460238239,0.746723796574001,1.18597609234011,0.542626081651858,NA,NA,1.06334625045309,1.26034706409943,1.24075805674737,1.15956402909096,1.30546576784374,1.49316113827293,0.499047905451544,0.978111557168728,0.865712949190812,0.882366323922641,0.50146350819757,1.37797705458768,1.38753717670028,0.600965493327187,NA,4.37958730577098,0.811969521166509,1.24299097796726,NA,0.0649978832156566,NA,0.831713467376777,0.82961639708356,1.55961537536973,1.99465831517593,1.045369692764,1.2368979481154,1.10947140799609,1.13088870826058,0.586022137457346,0.75141187329545,0.816493826026674,0.590590519155199,0.411627635428486,2.68361709085703,2.83153471834986,1.21421488816603,0.67025261848498,0.642212815396537,2.6098525680254,0.913278345205426,0.957100511624956,1.25462128860438,0.990991729080377,0.237073086940448,0.185099033273416,0.913221468598063,0.828824494946561,0.522824964187381,2.76999950072121,1.39226611379811,0.735337250117632,1.37272032626029,0.972176837426785,1.21993415772768,1.49642638008994,0.259450279647493,2.68999416480129,0.317326854028799,0.371774086060007,2.0131613877867,1.18393111114969,0.783750090265616,NA,NA,0.377050922983591,0.883092512420994,1.17491091744212,1.38013628042218,1.56109832784718,NA,0.54028898103473,1.42439448755715,0.819081309866422,0.309039915139744,1.14375637392648,0.833197855741898,NA,1.28735799695915,0.337120182510466,0.640837898379015,1.00653175277254,0.75201760508848,1.03381176483936,1.36994406981215,1.22864452958111,0.543927170090736,1.22015125337054,0.387745075470947,NA,1.17018961500175,1.18777826387351,0.956949856443633,0.55383079093263,1.66958668511241,0.71637236961318,1.94046355145354,1.15210921379549,1.18836922596304,1.63523512409165,NA,0.580620794060072,0.733976670083088,NA,14.8103581344375,0.595833457228285,1.07561433944234,1.03228161846995,0.849424317436419,1.23972278057908,1.14471995439409,NA,1.57408555500933,NA,0.305793977958065,0.503893331061983,1.08752552963633,0.93179712900014,NA,1.4855416335736,1.19219388771778,1.09924894112679,0.955314546522829,NA,0.365484508927633,0.706904950875115,1.18852397797135,0.575230345117914,0.375050166415813,0.989129172101266,1.16271758420702,1.13647000778213,1.13139191900448,0.612653348829272,1.3246201718258,0.265741555137618,0.177936230278119,2.66807410745846,NA
"sam_14",1.10048782841764,NA,0.120754980263083,0.97332260613516,1.49392135789053,0.878379661626985,0.854726203347174,1.47184274934428,NA,1.4621794641731,0.870651429310136,1.01919291278828,1.02630733123502,0.752609830190247,NA,1.1398106495168,1.80931315070392,1.32157240985875,0.837118177694733,0.641035862746579,NA,2.52946365666881,0.916878018268474,1.32191041174778,1.56913296636145,1.31417843523033,2.17208484665098,1.25281240748314,0.984785873163077,1.09681845335716,NA,1.08782871654693,1.26541242503077,0.53984315446592,2.06017726330515,0.772663037718126,1.09689483189365,0.722249924148004,1.06766883570018,0.0574583643382982,1.04574076977516,15.4228793735898,NA,1.00725581377833,2.06316510526334,0.307667028480935,0.619172179871382,0.84476528689086,0.5647560695959,NA,1.50926350034823,0.850214744816718,1.1623318537035,NA,0.273863030766413,1.39288548887352,0.690683190618912,0.62127559414871,0.8071661907912,0.897731783498227,1.91276791152333,0.871738114635582,0.73681108768106,1.42483611474948,0.935747412017925,1.18575766733864,0.445466771067101,2.83006930271916,1.62596455598778,0.88133701841863,1.44757309449183,0.723486474769129,0.571803371895366,0.433050387834161,1.15313128014579,1.11501155311912,1.65179369508312,2.01511531814182,NA,1.4198226479688,NA,1.17127519296581,0.343567299425355,NA,0.690409996053582,1.05293924029071,0.969958069075732,0.964423534488555,2.6490957302913,0.90703857985092,2.22953285041796,1.62951151524682,1.16784330417457,2.43765083282148,1.68551416852725,NA,2.0999806410102,1.48880209021824,NA,11.2731726647237,0.618446351552063,4.00760663854314,0.336318659877597,5.51540184074257,1.44313298550686,1.30203015313893,NA,0.291164492774118,1.15520187858822,1.35758256051879,1.19880526713554,0.981310991956367,NA,1.78276601093171,1.31374278504056,NA,0.846319871529137,1.39096373731693,1.21058037530854,1.21974038831656,0.482721583601805,1.43187015719878,1.03274187882391,1.51635861776404,NA,NA,1.49634150320142,1.02082140675214,NA,NA,0.995265477579559,2.26867614247671,NA,2.04785263332821,1.38401585540879,0.82151166542963,1.74795958351419,1.4121038855853,1.22348203746402,0.955997944979065,0.849408856793435,0.908253894199552,1.31087881597524,0.173885545030118,1.07010596410481,1.46255873045754,1.99953588142279,4.86866938455729,1.1336295428322,1.29475895779337,1.83718457364604,1.1702223717905,0.42303638978198,0.202542117539506,1.97751704398809,1.07396578161331,0.727106538831084,1.4897494401488,2.60017247486949,1.05794010953392,1.22871634802395,2.72092259782753,1.11335084003871,1.49022442712024,1.16041008970329,1.43972247656791,0.915182027287683,0.974032628931901,1.34040425589607,0.820205496855122,NA,2.48312263355344,0.217650019624086,1.05502627164697,0.116050023994149,0.901086666390417,1.93160070946389,0.615282467402077,NA,2.83396416182627,2.01598774949789,1.30178707624477,1.28646964055658,1.37045143878641,NA,0.657726339341416,1.45137343197713,2.99815975503927,0.738048609305087,0.789606927961846,1.76754777025377,NA,0.56365536761661,2.5076732143192,0.898632401755319,1.40999121152413,1.26358761888974,0.780471760166029,2.75277822142214,0.712078879670247,1,NA,1.92118738568341,0.515178279040139,0.811831840192762,0.720677712591154,0.947016621705586,1.73789542118481,1.27610092908269,0.500835838323178,0.974375372516188,0.955017501568289,2.04059731181997,0.895052034761823,NA,1.57115325464216,0.525717419610653,NA,3.19442672694972,1.36236419595693,1.29082416862979,1.41966026786596,0.522746790567542,3.21071704179232,1.47558546913298,NA,1.48901659436361,4.45293988066531,0.185209778491013,0.951275162015866,0.600633792507724,1.22498723125569,NA,0.536466828142121,0.891012153482015,1.54703490077116,0.899285548085189,NA,0.517983277889827,0.359834089462836,0.735876385075132,0.725711351914677,3.74432848459986,1.03615762151862,2.41769214784106,0.889657572013448,1.15958864720183,0.0969494277117543,0.419999779161113,1.17079927269343,3.04909840190694,1,NA
"sam_15",0.681091573737051,NA,0.628322622449015,0.865447928308402,1.18933901438785,1.7751045017996,1.48503037032475,1.14101815214887,NA,1.51641586983977,0.628550174585045,0.720490534941321,1.03293439394569,1.26993917292401,2.29784164308383,2.34684642334214,1,0.926487240118342,0.599464750581803,2.56035613871242,0.697275209629994,0.861077528809428,NA,1.99589712890389,1.17827450674646,0.648569455119115,0.908664300512796,2.93514874211737,0.827044124199533,1.23912710304192,14.4148677089225,0.583869151623769,0.870121195552895,NA,1.68508207296497,5.37726989592691,1.68652095156814,0.458734830475081,1.96108053117147,3.25092447136647,0.237696769224013,0.410543778593976,0.971441166625422,0.688173048190448,3.17919896888725,NA,1.25855135340788,1.04459364499775,1.12373333978952,NA,0.981737362437795,1.22857588717582,1.45061080686975,NA,0.287014350294456,1.57382934753973,1.60352132206103,NA,2.20640400641741,NA,1.38644633628483,0.834175229386314,1.3068364236242,0.535152698873094,NA,1.06397572813915,0.971279095259939,1.16930541813954,1.19293415607245,1.13104381568248,1.02982686925632,1.56963352399995,1.00967101525021,0.556405424251726,0.954802620101254,1.47171180780833,1.79526212470925,1.77255980593439,NA,2.91941538115212,2.89815535580323,1.18619195816379,0.824471898637108,NA,1.01608603209282,1.14066239651891,1.0116282439432,0.253183182203322,1.15919095082897,0.732582564641,1.30381952089407,2.65423935872187,1.35141377932733,0.135323134061814,1.22814736346843,1.34217710443755,1.6700595020183,0.623367027794914,3.04208208846318,1.33836385259667,0.966662021624802,2.57489761212217,1.23632058552502,2.55657642101536,1.84267955844132,1.35794685512158,NA,0.94484567971184,0.64290244833464,0.491340416280482,1.1155670372672,1.08575395451753,NA,0.289269582916815,1.09782323909039,1.09831961401476,1.55280577281784,0.740012526087982,1.33371350306945,1.16198205509374,0.623486845784324,0.829521153522196,1.34813704164222,1.09173551684739,1.2164098453262,1.38255348325857,NA,0.500248589938737,NA,NA,1.04176265447227,0.856511971789167,NA,1.09701656424372,5.02209120567469,0.948206523771393,2.94052931960281,3.03672324817399,1.28162931658578,1.34525814179158,NA,1.5318937152732,0.986144092508454,0.15064715560177,0.858195144344444,0.152078110705849,1.209440371248,0.953344862666469,1.1257532612605,1.12806337495757,0.94656915055857,1.09498638164777,0.625416677358143,1.03132258652527,1.47789206421176,0.615317223601285,0.628968681396198,1.2333519979547,1.02477393712056,1.09965664947837,1.69938519116639,0.928102779767355,2.3433120219759,0.466443202122948,2.24008042603024,0.913281204396194,2.24143089584916,1.07617519240698,1.33794939302535,1.93249372818233,NA,0.834662672298852,NA,0.847931433809606,1.85787881537266,1.09454938352346,0.940361511631544,0.91790869946326,NA,1.88691293892733,0.830558029766525,1.42529330445268,0.950503640565294,1.26126601434923,0.624056841551045,1.09329117298905,1.10950153049216,0.521388995705323,0.365591123724422,1.17152342471422,1.3712384415168,1.22961785756513,1.08796348291396,1.31971622706588,1.71034780224945,0.82226174136743,0.57851567401931,0.633351877328124,1.61665253150778,0.973929092345811,0.895850513116788,1.19956673512925,0.978535723302419,0.785674616457589,1.19302893848031,1.05399051130999,1.11390867845402,0.712031837558949,NA,0.883851210374935,0.934803173333293,0.946988925168295,0.887961682043617,2.36975921918997,NA,2.20141886770162,1.12384226259306,NA,11.6373035864321,4.74661411658692,1.21880297993812,1.66779529241,0.648679568422388,0.735198699845991,0.951283141405627,NA,1.07549473252185,13.5945395898633,0.782851274863502,0.894544041381547,0.490333800187451,0.6380901602079,NA,NA,0.485889024326575,1,1.11647500648794,NA,1.64476045633964,0.735826869304845,1.60309690429217,1.30597178873434,2.04593253645205,1.09642785118585,0.774922477854006,1.01502153123364,1.19663848367763,1.26319827596477,1.70788449512005,0.582622897128196,1.34846356218582,1.48874916916397,NA
"sam_16",NA,NA,2.85677156410407,1.15677753206267,1.86207177184873,1.30295628528106,1.32029493004172,0.963376678250977,1.16644183036748,1.53435974177843,1.08627832558392,1.65826222251202,1.38031593443874,1.10003703693364,1.29560623795422,0.791149717879651,1.41635727904078,1.72548579120224,1.50587119660604,0.638968982965774,3.65754025206004,0.989809817514072,2.23149381607442,1.07906834923746,NA,2.71222369198155,1.8747889298635,NA,0.621316816759145,1.80383914839219,NA,1.44639228752127,2.4721338652931,1.03093295358876,1.64787319990903,0.804328768216584,0.566731149719792,0.877329501870093,0.932678596608275,1.49356412125049,1.81200945492101,0.916085352425032,2.41144360863509,NA,10.4628891638868,52.1775454244866,1.32458399195947,1.04799862957592,1.91569210862624,NA,1.33764086858952,0.279191456010721,1.02148501253672,2.49980546154473,0.714313174087277,0.97985903950862,0.964183935186819,1.44334329180874,1.61823414601612,1.58650033407089,1.10305871609312,0.874055527940004,1.24567012540117,NA,1.59847996324735,1.24188304008915,2.78854344162214,0.726384464545972,1.88280840481578,0.763150986732514,1.24093260182795,0.904149815822582,1.06044356780453,5.32782402118132,1.34198577855416,0.667015350032893,0.557970365593552,0.821956326788869,2.29038792643092,0.57496676698915,1.0420290786839,0.244275633522905,98.1464461681952,NA,1.30884581654906,1.38670400994107,1.28137031302411,1.43287634151719,0.819532148073022,1.22915901710494,3.08623698908109,1.07939950141132,1.10508291382799,2.44342376256037,2.72071983617466,0.774350472488129,2.08460820140874,0.418531134000473,3.94797286842973,0.868720963337306,1.4464357401451,6.06432350572546,1.55860197575892,3.39927643513736,1.33117735205601,1.54161655433706,NA,0.197466042244032,1.64183440513795,2.36229990745424,1.05635170471412,1.95677342138361,NA,NA,0.995556033054483,1.23582585047277,2.03824209108848,1.63786735172965,0.92588808008522,1.01715941498129,1.18826882338753,1.19487268214656,NA,1.01354234357777,0.420609931776365,NA,1.41521382435846,1.36224045225696,3.176589481771,0.580532455610661,1.28524965780429,2.24270566451742,NA,NA,0.514909160688879,1.28983823427407,1.04549044246535,0.783053478126066,0.452849419927827,0.436741695860306,1.08648642963414,1.02355854918298,1.34097910199569,1.10843897438493,1.5902586837443,1.01276787120665,1.12841984087142,NA,2.075649985722,1.49467704199706,0.756816825358629,1.39372462341421,1.04461943580602,1.46328373140511,1.39493026919491,0.948012565621843,1.5741927625913,1.67270993073152,NA,1.43117567501405,2.78237612407046,0.657356079119557,1.10956619591646,0.574896592532376,1.47182991502423,1.22173634455523,1.92214825336316,1,1.09804964688691,1.2308820253009,NA,0.648991925545277,1.37237376688959,1.48029202739249,1.07337133506447,1.65568814843077,1.47499210394024,0.375857873830242,NA,0.63406960641528,1.48393474272599,4.58424183078391,0.969990845239114,1.2132354775279,1.23119592346929,1.95251694116963,0.932913241606825,2.06504265537279,0.609146685083146,1.41964521061362,0.804858096190062,NA,0.910564502838136,1.79396035527289,2.44734797873923,1.11996141816681,3.65025639003135,2.4914029981076,1.76168370361793,1.66829865375121,1.15851594887335,1.42184223789739,0.92846473940966,1.55259563532244,1.57494284101392,0.468701296195404,1.17992172811578,0.835281717481969,NA,2.93351196633497,1.06030863118395,1.21564890982091,1.12582701621953,1.3297744232846,NA,0.98781154200553,1.77690794754498,0.483628621434137,1.80041155802737,0.543581410642666,1.96198934284781,2.81880481628172,1.35411591970112,1.49406458701897,1.08900696546932,NA,0.656490243584857,0.364167061989926,0.933182808901471,0.952068908399728,0.99420682818973,2.95245264553551,NA,0.745634863643045,1.54218148045949,1.61276613035928,1.543564907663,5.27973683707968,NA,5.34832723301041,0.959774130266113,0.863975516933814,1.31034372243015,1.24994011822173,1.0758839327807,1.30715715115255,1.40382631281575,0.702450244497185,0.795228051399087,0.667835841709411,NA,1.41916023910355,NA
"sam_17",0.778926045125744,1.54490803036373,3.72110676420118,0.955268515783599,1.24719218842267,1.3731340342362,0.78690267438044,0.695900506986267,NA,0.695142950056529,0.942955435060765,1.21483141468969,1.2107747456622,0.584063395646359,NA,0.551365078423063,0.745272198355998,0.893026145643777,0.170553328598026,0.509066918344228,8.57120625926208,2.40868017190992,13.7088595974276,0.977100904418151,0.488479149137806,1.27114804811701,5.11380002761484,1.95694231815387,1.50734767618214,1.53769149029502,NA,0.649827068764105,1.082603078162,NA,1.33293859280278,6.10609005635731,0.629797871246508,1.81626448118979,1.1518606667042,0.0797623635097356,1.2653958188302,1.89940841107324,NA,0.764991143562385,3.02888579370519,2.46114575664247,1.34047290985391,1.72832682113142,0.248298026845491,1.79898758874824,1.38566920826324,0.397977074126898,1.03123211798637,NA,0.383780693583295,0.567888220989286,0.650642235866025,1.25035168922585,0.623585012290999,1.40734012050698,1.0790493936654,0.444580615446332,2.07775954740997,1.52149980786351,NA,0.859192891705811,2.36955426457689,3.44931815194324,1.0345854993943,1.19827892302761,1.67634572301143,7.41363140278418,0.969753416788343,0.187987810378173,0.766447064999073,4.73137752708181,0.890579368994194,1.18706466563116,0.90924119945227,0.505166298359229,1.04647476126248,NA,1.03565106958826,NA,0.764893184081367,0.86154590697567,0.915335456333461,NA,1.97856535391014,0.986229660261382,2.10092847626482,1.79483091441644,0.789310511426116,0.645550630992524,2.79484908976963,1.23729344407728,0.671005334904077,8.78130649416926,NA,0.593997208790629,1.15642190572007,2.39527446596242,0.82945460567994,2.25110909509268,1.20237452864529,0.688813201644445,NA,2.01779868229234,1.42859367614605,2.93288111420301,1.26242510185112,0.657478182768836,NA,NA,1.21320583392166,1.21147635236879,0.937152697796967,1.03516077591515,0.639250592749757,1.03326592050276,1.58670190450336,0.8990411876356,1.45186846529999,1.0410907117338,0.913947222589616,4.22111878725274,1.68518381648041,1.8524511858217,NA,4.41656484904531,2.06161076588173,1.12016811416851,NA,1.0517773256452,1.74707466905247,1.02636025955331,0.658474294128119,0.301585745491508,1.02386442484039,2.76089941307336,0.988938290385201,NA,1.04668404871577,1.6469055787073,1.5198839692103,1.42370103871212,0.922513020022136,1.9278224322697,2.48543567567783,1.30284069527503,0.450011348469386,1.42047688623601,1.09585440897326,1.13778336857045,1.03259331606602,1.87039928304093,0.484394205774545,0.882028475900827,NA,1.77388721916478,0.990527549081309,1.17385888842797,1.26556726869078,0.711758848660519,0.897116671268185,1.37320448404215,0.782087226270922,0.902748559808647,1.76388113212791,0.7205746153322,NA,1.04904733263545,1.49239797516891,1.36204042130121,0.0470278042137129,1.09122740888586,1.35793246185871,0.0343796476427438,NA,6.0431885463159,3.05778850696158,3.28833422999196,1.08141615826915,1.0261617192004,0.869243047862815,0.743412812016795,1.20789246140571,1.00780070220756,0.809463020554316,1.36993713347381,1.25365488021054,NA,0.425248194250642,1.41481124378678,2.15781694756988,1.32085612080653,2.39838208785033,0.95667246038473,2.52639007199791,0.90219537269614,1.27625450548839,1.22525756344112,1.68238138858656,0.670517817017498,0.92800181447503,0.541571953352432,1.09032777844045,1.81847143993834,NA,0.596199976533548,1.31547714539938,0.629990124575712,1.01595716674903,0.597012207810343,NA,0.919508904618725,1.59341151316186,NA,0.0498124962586074,1.15306130108785,2.31572831699477,0.55096694398231,0.714583587981759,1.93426354017196,0.847865822824908,NA,0.84697349972762,1.75153761955177,0.57096932115297,NA,NA,1.40025117982724,1.26042850518697,NA,0.724065461048845,NA,1.45991905805887,NA,1.58517485714716,1.38844149766095,0.650950518248131,1.24084257656087,1.31085082251657,1.27992573005501,1.55988090134704,0.232073822021504,0.577261923893632,1.43698114227643,0.658274389765168,0.712245469726445,0.223303602237925,0.97925772212274,NA
"sam_18",NA,NA,2.50022663536699,0.920056403447056,1.32414845256816,0.384568803348972,1.05802799931557,0.763741350855717,0.855539071764459,0.968882494891335,NA,0.807961261261585,1.2975745473556,0.73096877339001,1.46581867970515,0.216757393587301,0.653926225946516,NA,1.00359844800446,2.9630378141544,NA,0.781655903159642,4.98522659345277,1.88195084521746,0.925023668789755,0.246255228028577,0.711271877070073,NA,0.397527905553848,1.17614397198949,NA,2.3082444574057,0.674912684043353,NA,0.940759888323337,NA,0.658848122897829,0.206370418974368,0.703706046822938,0.0390831278494535,1.75318935908891,NA,NA,0.959091937729805,0.546369715892347,1.22703855802734,0.500203110743978,1.20511807755547,0.512191943167513,NA,0.706204830245516,0.384188577491273,0.752614406181253,NA,2.24354131242966,0.217107501433643,0.818785261277214,0.965261121422278,0.329156985323396,NA,0.482912316301305,0.744387204277687,1.15779846373263,NA,NA,0.929447248027761,0.338520823315443,0.6318391484608,0.542254811937794,1.01683339899359,1.22554788088212,1.41872379127384,0.781890036097444,2.71390036714039,0.801839124475195,0.978634183046424,2.2587778043209,1.22077905429947,1.62719031283783,0.40712734490022,2.51951532287881,1.84038733878222,0.623666327523998,1,1.4313248463305,0.822915169592778,0.594981613407089,1.46718935623423,0.186036414296359,1.16639977649903,1.43844135322025,0.00587223345605377,0.763986504285464,3.88296071017091,0.882352634486402,1.14499192515561,0.573579329232086,0.855755511487625,0.557706084910228,0.259944100030517,12.5158381942776,1.51491383780156,1.53529436313698,1.45726771886241,0.523313203300033,0.528317889006857,NA,1.01976729196313,0.850139112075427,0.697925203930639,1.0842959082907,0.348639308987923,2.58898762927227,0.713313222527728,0.994833785462479,NA,0.609804467468428,1.45438425437911,1.05818506473024,1.01030639691718,1.3092645093323,0.701266031436072,0.892604088290011,1.16132611966983,0.460086657114641,NA,1.26635857649637,0.964820819417222,NA,NA,0.720443694498493,0.994170895625176,24.8316851738746,0.0753419057341567,NA,1.2222154002463,0.426805674875773,28.7820691077035,7.55865690561972,0.79048772156343,0.397055930159234,0.747800853604535,0.881574523149132,1.69021011969405,1.1203873628757,0.756880872688051,0.746226984927821,0.387535336196896,0.846617606278892,0.325716358228441,0.495763574616781,0.580519026552584,1.23618543432005,1.43114964092859,0.466846381706704,0.943699370780714,0.443444686199522,0.340158152200656,0.43968178488888,0.256393854811152,0.217972213812755,0.767763526323196,0.994278165496554,0.648253772826442,0.297832252320303,0.751087088728027,0.380859645441999,0.807121939870626,0.73013723849803,0.815210676054721,0.34773269510881,0.31504307041071,1.0594496297954,0.740070651551382,0.225917427376649,0.907898076449072,0.738433860014995,0.0315687886235923,NA,NA,0.639211119451093,0.658470809976871,1.1881357912048,1.35169170814942,3.36118618776667,0.362391345922015,0.711268532456914,0.57393071689934,0.417636059346922,0.817944230344976,1.11122483732996,NA,1.0717749020961,2.19232593811119,0.175401290098449,0.791134115484934,0.414923303164203,0.467470672531279,0.496217429823562,1.58630566137739,1.05290804004022,0.656273634042013,0.671980521102913,0.703317031042218,0.896443800262457,0.575198037374841,0.653744584458672,1.06795151481924,0.766082918070474,0.68676373550562,1.17301899549882,1.08233967540929,1.2299220638329,0.705578891943173,NA,0.670043666864915,0.994787984192127,NA,0.76494512474748,1.20064923296481,0.993330009474243,0.565654000045369,0.728919564694722,0.942387492383765,0.751558842247489,NA,1.15911315234095,NA,0.328949536842034,1.71926324529441,1.39001135920919,0.862213141887396,NA,NA,0.551939936855965,0.704928970936017,1.02201594590044,NA,0.963517851140588,2.20956362012246,0.826597466787254,0.782847919017436,1.05601728002948,0.811315896526792,0.809801978554422,0.910791638219317,0.741773378399733,0.970601640347921,1.7082197302855,23.2031040245283,0.626789269476788,0.447408965400695,NA
"sam_19",0.869343980208201,NA,0.861473438852532,0.986206399810458,1.36167153836568,0.115137869280881,0.73055670917982,0.83366556506981,4.6716638869051,0.702999998830676,NA,0.776513249208942,1.00203834165965,0.71692852406529,NA,0.497849754640295,0.92258053393939,0.523656473049168,0.467193411624438,0.944700275227518,4.8491204788172,0.847851017767249,1.56126371810615,0.579378818191879,0.605743311883509,0.636356876477383,1.01665121497651,0.288155807492679,0.477564073118809,1.20429113687919,1.28491042406851,0.84752600904111,0.964202985880244,1.10858047844707,1.2565450654052,NA,1.4373211959803,1.39222759572968,1.52712804821918,0.0906000570362956,1.1361967321237,1.52288201172912,0.503907059022326,0.472135218103208,0.213362809587758,7.79490138225531,1.09506046898633,1.44157566568088,1.32633393420138,0.683602123819345,1.04701494315389,3.7666756355442,1.53451358589543,0.794356389769378,1.4461250934348,0.611042030804242,1.05520441305885,1.48421689857122,0.106011151386485,1.62347186141851,1.55890942579796,0.635268759602732,1.17053137310257,1.75883767167758,NA,0.982098692569627,0.484453496668724,1.24362152014857,1.26261305774143,0.924863201107661,0.709658761384189,1.18307568157503,0.643353618856906,2.08604406624908,0.623007832676108,0.577899083480921,1.16709880788651,0.567917528000853,1.30277499969679,0.150754325508877,0.459900193324273,1.5613059405289,0.859897161846809,NA,1.02978736806707,0.936501429707516,0.986978499116817,2.4958827686441,1,0.454657037630457,1.74996191770555,1,0.689180449475483,0.791878903689098,1.51152507505086,1.07525744050598,2.66638428099996,0.361094806361921,NA,0.279409433417341,0.855284243784563,1.42766739693777,0.705522499937816,0.745996619356134,0.881433208430057,1.16786493077147,NA,0.0743452033456771,0.960484360843656,0.873722537160235,1.13417217220688,1.56434403256982,0.89047575434738,2.38038450885425,0.863132518966901,0.40821052905714,0.851909712603382,0.875885118164482,0.976651055491959,1.00985623018141,0.628500995637236,1.00356758318562,NA,1.5002732911333,1.47996284649984,0.524797985077986,2.61726021261116,0.56650008689276,NA,NA,0.966948082288931,1.03923365785106,0.615275350657584,0.975667756670451,0.220461607699528,0.922157440187803,1.45079836445831,0.905761587482667,1.1465862315631,0.523459045904333,1.10382252700646,0.394527486979405,1.69305959928736,0.597369015875766,1.23590652653393,2.27065845895164,0.631716642237261,0.506902550982069,1.33263207084319,1.00879310534718,0.68923375166311,0.968763840139147,0.815283382624775,0.844036457538437,1.13058521449062,1.99776292539798,1.01061531929584,0.492949622787035,0.176164540525716,1.35420331082598,1.13704292426474,0.56885555423907,0.925518325209118,1.29448943927885,0.617950299207971,1.10598167889966,1.21478545325473,0.936905506023725,1.23515600203974,1.44004553272754,0.96102385715782,0.865975680043072,0.51117816305877,1.34824278949431,0.754110178562255,1.02374097820214,1.62174579668831,0.154582335602946,0.18910268187129,0.474182315631972,1.241560236018,2.26856510935238,1.48600354396807,0.78165561795195,NA,1.20341170159472,1.02494458601723,2.4662118481721,1.20495976960718,0.907081875015189,1.94958892009745,0.541417489541807,0.760580591949549,2.03720678304173,0.550298704685973,0.653820421643216,0.438550675957699,1.01091091280896,0.318374828564165,1.08561404876886,0.85223818650948,1.27487865889395,0.754352172049887,NA,1.02387637167016,0.559877366595496,0.940510545845857,1.04840393183121,1.86993200541177,0.930080430236036,1.20747399762599,0.905194686777901,0.879567784292765,1.38438048596101,0.300387479964961,3.31117138465875,0.912168334342055,0.537923456784858,0.0388594026193555,0.686910199500277,0.794091300028213,2.30571636959183,0.58860277129212,0.70400790107593,1.02216821362037,NA,1.06367393361742,0.2062418170326,0.0959167255803513,0.939976254181734,0.893707763051167,1.07421772737221,0.726331570299866,1.04363305469118,0.942691194841904,NA,0.829107646556864,NA,1.15285677256892,0.821126541562986,1.00661386693865,NA,1.21019750283485,1.3769120792972,0.814077239274156,0.785874377657656,0.980219636786793,0.473537645209861,2.1179024205927,0.482023196592852,0.801368319245557,4.24430995129531,0.162561999179915
"sam_20",1.01916250015437,0.712251832961321,0.134025924674603,1.17432750641938,2.99619858529352,2.0901848634112,1.00422790265309,1.11201502257608,NA,1.13775323577123,0.722858248092603,1.05846485377114,1.02181708863256,0.96260029927001,NA,0.36991886467745,1.13540657256265,0.809130472948459,0.635644640804184,0.830883848154777,0.30765163719569,1,0.97734377855742,0.83351736480326,NA,1.29525407865067,0.743089662270286,0.737236066471732,0.778652761531975,1.40986215593792,NA,0.954119756024778,1.57037189628229,0.570182020577824,1.22608580232724,NA,0.81164810650682,0.36958162806608,1.04227306749462,0.0365553273834333,0.542403444524322,0.393468980788006,0.438161124957004,0.475256880138132,0.71897135878686,0.183073609191588,2.49743040308164,0.790684358573777,1.2146145078684,0.815750122141123,1.02813746936395,1.41744326586603,1.09031643547784,NA,1,1.12637041365077,1.31882189277939,0.638243478770945,1.19448807852397,NA,0.874632836951702,0.488861477610733,0.80243544078533,0.863131454433878,1.1647021522612,1.1410161204903,1.00563671177558,1.28498162414654,0.650333225259249,0.722426657960155,0.62337288694823,3.40227180295969,0.916423112330459,NA,1.46757127060364,1.23830169092098,2.50606812740404,1.20074940927972,1.58443227881941,0.765618962461908,0.762506070094247,0.976176889525958,1.19732359139516,NA,0.60886126220598,NA,0.393027340862302,0.796413717902307,1.47059037216936,0.948052600683592,0.597647063547853,0.936935408142679,0.97523028531723,0.535008699152337,0.920265534511104,1.46083274378614,0.969015419975381,0.592135719238762,NA,NA,0.851287642846242,0.712706279873979,0.471798165203826,0.227288372787287,0.782821200753687,0.632833722489278,NA,2.04731061939383,1.01727508635063,0.482906701647411,1.0816305704144,0.373169396303801,0.434586879590972,NA,1.02469850947176,1.37657364540504,1.26287056617689,1.78010956680716,0.781595324947714,0.763823947158098,1.54735408661192,0.834512300053488,5.27469669810075,1.21600662194345,0.993577682418609,NA,1.09738298161409,1.23155931669174,NA,NA,0.839748250298312,1.73927442957196,NA,1.40465005331297,NA,0.827998983580793,1.79674013274577,0.424250942314789,0.740478631171182,2.45955242238887,0.837718367093546,0.680797247082358,1.23132320220411,1.53540047665531,1.34066922949187,1.19772436076923,0.895723551001694,1.52771850689516,0.759105772833315,0.533618923245936,1.27970806535158,0.804503535638296,1.20756940504437,0.45673175168329,0.863719467400263,1.37012949151028,0.340732537503421,1.60079110075876,0.67874846719054,1.57373694913017,0.473821292829556,0.511638618228287,1.71844782373002,3.61645007890638,0.630333204201968,0.856591702545885,0.848310309099281,0.652391868887746,1.02843545323827,1.10172578946719,3.11259426965973,2.00164092642232,1.87899858406752,0.137313722778884,1.15310696025324,1.04512495027369,1.10927901793269,4.07219227028348,NA,0.84759072987632,1.54389414607343,2.20026685986772,1.25720383894242,1.75517279083925,1.15313821708286,0.266088528502901,0.637817767792249,0.595857423894263,1.50290645945477,0.982948199615797,0.885485096943923,0.766713319306469,0.949119189558722,NA,0.482243160492057,1.63673355956447,0.961585407106881,0.381946958859609,2.90468573405401,NA,0.741676711551779,1.52245847715862,1.20123411710801,0.975683439471197,1.47452239221577,0.69065779948114,0.85283199520296,0.91064927597568,0.332976761060406,0.393661166711218,1.20416638249493,1.07035599005302,1.90366481502434,1,NA,0.69117466400199,0.622640284984345,0.926130385370098,2.42494346759447,0.916862032336637,0.846515392489552,1.69808790940396,0.967907679598279,1.01228695469638,1.24400098076483,NA,0.811175765197411,1.49249290192092,0.48724579938782,0.822795456093046,0.74267623673458,1.11145378443835,NA,0.717514143925398,0.253505033283547,0.48917660382911,0.963331114109884,NA,0.135311863174755,0.460946537191272,1.05659277958762,1.44504924725028,0.682177289294127,1.38681009420781,0.984208129518667,1.79082857045288,0.916881597580462,1.99546503774935,0.824801630824852,0.149240253641725,0.264696130197134,0.919250185313471,NA
"sam_21",1.60823228127117,0.977135997805997,2.61856723150186,1.14240783748422,0.913733747586209,2.00636874894705,1.19437149807235,1.15737986351845,0.543739792722715,0.677577724545599,0.616012933950883,1.08798709564343,0.826786783640321,1.55531995747234,NA,0.668073166127985,0.935175850812793,1.04450636541303,0.383168065495142,0.487415015071224,0.324899920578696,0.274534351967858,NA,1.26056181651951,1.12490415425624,1.00414448712541,0.782787128092208,0.402635245279994,0.913799966993751,0.677935833420456,NA,1.40265759830368,1.12863328190231,0.384460011464668,0.523791852135744,NA,1.14483374726379,0.873564178510134,1.66016499104279,1.33450945312468,1.28647410217433,0.916775738601699,4.71077029498386,NA,0.308274036312827,0.0430728692751799,1.10698512685088,0.99048590211897,1.31754745969489,NA,0.613646461743159,0.682113038169869,1.06839162643934,NA,1.2185573920663,1.08807610793202,1.1445960252949,0.75499477985042,0.147832497550974,1.87155342894518,1.12247736027856,1.27960484902658,0.769118973910901,1.36115939204167,1.70973301298878,1.35323536901568,1.46407684530446,1.43830979558772,0.78250432743546,0.600983990083707,0.68093717097831,1.04620384566867,1.01577492839848,1.97314778226043,1.16852965427245,0.518659043172052,1.38425979872249,1.13697987786066,1.02466679551672,0.27056831251381,0.876754044550138,0.647902222407616,0.780803628457103,NA,0.919774019472504,0.680398651772806,0.891634509779711,1.85364891237711,0.595245454759147,0.71970650390312,0.811793953638494,0.0614814226989426,NA,2.0687600096237,1.43765532062174,0.691901284332446,0.75409890848161,0.386204274199149,NA,NA,9.4741262323165,0.525868150013006,2.22384608512868,4.39053503232567,0.888623003049289,1.17027673632346,NA,7.51308353443238,1.40954710858489,1.45433345548121,0.835948851614517,1.36791793341205,NA,NA,1.12103883709713,0.763062577046616,1.02970177067759,0.996200550300568,1.05242988496498,0.998094845274864,0.985043446157895,0.870140567482955,3.04293992064594,0.762202143156,0.446298114365134,1.758083097427,1.50610304653009,1.3900119866871,NA,NA,0.984127661446123,2.61000010023889,0.692719097822008,0.31386066945645,0.718019162787815,0.756675664518635,0.891728267931948,1.43586038641732,0.635722774485757,0.312523117997337,1.11619984733118,1.14615692608548,1.34037774239511,1.95651684067393,0.865573934756517,2.29846421276353,0.916378134133835,0.536500839803852,1.16900342469152,1.17639262198386,0.932515314453557,0.941540212912471,1.04275198180742,2.11891381995081,1.36459687421687,1.39639350377713,1.76973041830563,1.36782993918997,0.128116345272068,0.447753683775002,1.82202073814051,0.910729232099963,1.08953588143994,0.481044947710487,1.34471427173075,0.827632881017897,1.08799533275444,0.936809164564954,0.748552582970814,1.34579387245758,2.44554215691425,2.12740637972313,1.95272518917551,1.20689317760549,0.906408692029758,1.10637895580159,1.13890386709851,0.605172250806127,NA,0.777804909939219,1.03053804391348,1.45677578356417,0.578938259301257,2.54172811914938,1.02907461758486,2.15434436783129,0.793929370341349,1.05425354106898,0.859098755099508,1.03314512273831,NA,NA,2.04182674082512,7.59627682808831,1.1010888162895,0.799234670383876,0.940140522116816,3.42013008136403,2.38196377800176,0.90863163251318,0.48274197970904,0.943972522273171,0.967883940200713,0.436430686120086,1.42249529302971,1.04550716165086,1.10302542259358,0.820182550488541,0.848399257335366,1.25801105008535,1.16688997894846,1.11573942793295,1.4529394252644,1.35597567928205,NA,1.01991683640648,0.867257821376473,0.810080209635168,1.13828910892904,0.458945182588867,0.734855116129028,0.781947344358391,0.772823089096661,0.690686039044694,1.0582011396547,NA,0.895855010489381,1.05292787736566,0.407172745309977,0.889808125755589,0.946791783087032,1.13490033527522,NA,0.808519511931477,2.00646982633716,0.750803742144721,0.671974901853355,NA,0.750827152905728,1.27592926785801,1.00611794716729,0.863176639889393,0.843809469246284,0.891274385017871,0.607302767109396,0.514040302565631,0.979553892657196,1.19634399881973,1.09490737044129,1.98793755877576,0.516645140125617,1.28427447110514,NA
"sam_22",1.15292052845604,NA,0.190397245172836,1.02531937023323,0.352824164299787,0.297729633451125,0.704791130846499,1.02069659893715,0.492420980271231,0.989232562090827,1.23392485638908,1.47526942163007,1.18004277366651,0.923810041318769,0.953460793418946,0.559737851721863,1.09293766200339,0.56073568493295,0.25315121086571,0.434603216564871,NA,0.714525526608624,1.36755516431987,1.05405039690791,NA,1.37938202307192,1.50314247920043,0.604945458895638,0.904697218294602,1.27483498230462,NA,1.1386053039484,1.26249561265022,0.209135465652887,0.985729898232773,0.3418054439051,0.580784213952348,1.58078890013614,0.990571287899032,1.73475966236789,1.33701994405485,0.565530743247065,0.802352031665531,NA,0.793107117760929,0.802779357081073,0.744914174355898,0.875035850540678,0.48750445498471,NA,3.3712646980594,1.99142523837583,0.685581932683057,NA,3.29714934060779,NA,0.895500148217357,0.777996024292564,0.568004810399155,0.718754671203748,2.16930266336128,1.1067313984598,0.676981277003542,NA,NA,0.833582490225794,0.939221186010954,0.934038006282949,1.57829671409905,0.621604304169735,0.862291553169466,0.353562184483891,0.8972190126852,2.18866986978377,0.851592340210128,1.26938865475424,0.58600890243202,0.53149835588612,0.34488789782848,0.717669415839612,0.99069160479729,1.16116914982983,0.787803784428674,NA,0.417421502013355,0.986449345813978,1.68992543813595,0.592843857737206,1.3084063851039,1.08813256994333,4.13284845729574,0.00741255935213289,0.923990231870727,0.820967726684245,1.1135820941597,1.27994189398896,0.672093761509987,NA,0.957113422991114,0.929679393729355,1.03746860626414,0.767436343180052,1.82437038114391,0.324254147875791,1.00767965196479,1.06596113186321,NA,2.32611812041986,1.26516199369327,2.79304490877509,1.11803641342606,1.18512917736057,NA,NA,0.986357654931458,0.54055691746897,0.74984933556544,1.31579633550673,0.824725314303456,1.3577595929878,0.389391687471759,1.09064700569022,NA,1.42423278159658,3.49441270506224,1.0108856279253,1.37734389556878,1.63781810294094,NA,1.53094754494467,0.781699733085367,0.442184130777073,NA,1.20862820554709,0.332017052282522,1.2049312437265,0.301008802731285,0.204584265099183,1.31266210762368,0.786402274080651,0.473181340035586,1.5520902222696,1.17452924978236,2.77109432674306,1.31729413105086,1.6478756691023,1.55714032286317,0.927960714104305,0.994037940762567,0.875451035662152,1.13717261713672,1.359107788137,0.472300086502218,1.50887592117839,1.57511005963416,1.37495714240673,0.922202847078229,1.31290490328019,1.03155894242445,0.166642816555191,1.15907584846891,1.06703426748462,0.977978771288385,1.28195534932354,0.475898081273852,1.59329584587952,0.50529800394321,0.811852102880473,3.87581466977598,0.571994202177478,NA,0.336141391981761,NA,0.716960182420874,1.81124258691552,0.893269381789365,1.2426509074895,0.328775220929072,NA,0.981219304228813,3.57143903612396,2.40622290950144,0.856525781563951,1.07649341709329,NA,1.14557091200391,1.04554708336258,9.84219265356633,2.01538222144357,0.846174184558862,2.5046386767221,0.298558242109011,0.601154922089191,NA,0.508248409693286,1.00324199078129,0.967539345508072,0.587715818136638,0.974640396755132,0.731344854406662,1.38253936236223,NA,1.62831071628649,1.47776475772366,0.632222955579627,1.05697531271663,0.98366831442155,1.53811599216168,2.64289612787945,2.08939774634345,1.40230883335955,0.738362795967367,0.664450669026332,0.385409071023669,NA,0.81330796521233,1.3037796026722,NA,0.0469160551837522,0.84084058771444,2.04409287870503,0.539165400697303,2.6197212354255,2.11517123005399,0.81217440166335,NA,0.775733941748218,0.262369023424592,1.15451234798653,NA,0.501705343225538,0.917962450683072,2.14971814850376,NA,1.05073497098486,3.30178249184467,1.10270772418534,NA,4.38876248372055,3.87336509801354,1.00201218105379,NA,1.62630996929238,0.882250757922763,1.39341404717761,0.984978468766357,0.870134186555635,0.0384703326640376,0.592100168650807,0.611851499849379,1.52716831986356,0.285213741324955,NA
"sam_23",1.87265275559564,NA,0.178768949520036,1.16016763577546,1.27119073725787,0.888018271700498,0.863098312198054,0.899609097667881,NA,0.50513331260027,0.967514848508963,1.07577953524369,1.25500661089978,1.08040166059367,NA,5.07828420524642,1.11491347428378,NA,0.350343645393088,1.33070969348508,0.862137931403319,1.77268308064781,NA,0.454401298526306,NA,1.15704668574881,3.84356952613648,NA,0.971209569524332,1.15180754011511,NA,1.72194990652925,0.803276759851054,0.268872221091421,0.588150564644974,0.211634282946063,0.452732362013251,0.557525302670093,0.936431326358711,0.0402122305871934,0.489992240737054,0.626510014876108,0.505140636123138,0.655889671935179,3.71402300647652,0.0747496558514213,1.24402061909379,0.89790044204535,1.43975184079678,NA,0.818210781651043,1.43554147236372,0.673024542509285,NA,0.949764488063357,1.53619720502326,0.477786415432235,1.60814843816624,0.822892148870393,0.6806409243234,0.911534505219467,1.07493126019253,1.09312681817826,0.503156070233901,NA,1.16736401211114,1.8342547550031,0.563693632849304,0.612580059762486,1.5253186731273,0.957343310255255,1.74005703667514,1.46188227623778,0.27241783613911,2.88714599187246,0.900117810166462,0.704706806060572,2.61566749260675,1.1741648907135,1.29445994333851,0.542760719246274,1.49294929346217,0.767979874417469,0.910339128086758,0.791347412643004,0.697518683157269,0.444455972492981,NA,1.44834268745003,1.49479435317693,0.557241382125139,1.03472320782362,1.35814790552832,0.308943119917088,1.83877721679661,0.838954252322595,0.470045181133953,0.927258300289846,NA,1,15.447598773726,0.774253436513842,1.94811517279008,0.320334706368007,0.659537275931945,0.728639632910612,NA,4.77886729914898,1.00746722857915,0.416836660906821,0.662716834780494,0.684304217956707,NA,NA,1.32503419088228,0.478107792953146,1.3668847446641,0.457807872848562,1.11700576944646,0.770195795375598,0.934849188360547,0.813795903631822,0.856436746757986,1.04676239915485,0.32715893578236,7.16201300784492,0.940871095395494,1.04917893284981,NA,NA,0.95898177970113,0.421272491911923,NA,1.28912011946138,0.746464509019372,0.969218597889013,0.786939000554346,0.817281116195334,0.768248538238332,1.34119713828882,0.644666259401001,2.70414304935997,0.935864334949668,NA,0.826773909207406,0.870831303101188,0.706706440570472,NA,1.49353993336623,1.05198123628548,1.32665507822517,1.31859430636781,0.722702698950424,2.30084826665014,0.816120756225879,1.054137013979,1.16066265600051,0.41333814605116,1.32137145574255,0.354141502436907,0.396461370256474,2.60949542361905,1.07429540143061,0.669372139360322,0.741006599735633,0.663118270588399,0.308256569449896,0.859545075920569,0.759149680559136,0.833166745761665,1.02714097978879,0.115157096097152,1.00995636360744,0.563231484404843,0.783063767853545,1.20361169816178,1.43687513982791,0.338638252727104,NA,2.49879353488747,0.828821044702741,1.28630662678954,0.762937680648219,2.0683067429273,NA,0.774447732229176,0.671688991825519,0.650019015537655,0.722969192947832,1.10685216525749,1.02441109982155,NA,1.06629157252672,0.419939678214644,2.56031572723988,0.921670188504433,1.03215680465246,0.564027397743571,0.424442206894865,1.04191104364149,0.852658700688701,0.763285139512395,0.629038385350389,NA,1.00571882352043,1.08946072967517,1.24755257701204,0.611625246219627,2.11521749673024,0.541146628066541,0.703623390498082,0.959230930794807,0.686952589368644,0.522423823859098,NA,1.22601923423032,2.13573618782192,NA,0.122604628185802,1.99655652007646,1.14938942644954,0.986689990280977,0.696500742266475,0.820686821573204,1.22011264604366,NA,0.863073093460239,NA,0.534800890553001,7.03120205638942,0.431565328758545,1.13487864931656,NA,NA,0.932142554604334,NA,1.0875875176858,NA,2.64278862538809,1.2572686434884,0.398564769033264,1.2845462675243,0.159350376844912,0.928231973258999,0.616412575778467,0.280627745706506,0.77378132763118,0.545623718817497,1.00891091878103,0.907308726153912,1.55043398768203,0.458479033818056,NA
"sam_24",1.0163444236569,NA,0.607043606530243,1.05603116450164,4.5804015579881,0.849482828693151,0.800563669901106,1.03487663097087,3.86024391873888,1.30275521827159,0.992685405934318,1.21491470255798,1.0930392624864,1.80324820237082,NA,NA,0.963042421098196,1.85992999368491,4.21803642223476,2.84924904682779,2.31980852243046,0.590716334020082,1.92248485304919,2.14561632952435,0.455174075378183,1.23854586102296,0.450744482172173,0.582024434169022,NA,1.02257178199516,NA,1.02982391287348,1.36243599765979,6.02522341038208,0.848318036201387,NA,1.06734934117733,NA,0.650696611906636,0.0429962061893102,2.25134772221618,0.782221465735864,0.426345909517125,1.18667878008791,0.47888297866279,NA,0.636734663151045,0.910360623099025,1.21343719800316,NA,1.96087412589498,1.1907332533533,0.940536235481607,NA,1.93635089667412,NA,0.730563433647887,0.508652445183173,1.36960161905114,1.19644968025083,1.13448770530298,1.28194848531409,1.4752268370397,0.852754890573858,NA,0.675554310364058,0.738926862706524,1.34912281642821,NA,1.26617931453625,1.25450309363566,0.696376127298108,1.14222377741152,0.917408655551197,0.710189701414479,0.425484756267742,1.20823408350904,0.389086540626719,0.961550603008063,0.903341737355223,NA,0.415574478042124,1.14840772316051,NA,0.98115420375531,0.924319075025998,1.62121793465925,0.398029627568866,0.674316442047329,0.841746733113831,0.835543664099705,0.0240794377094819,2.52800169218209,4.55461697775496,0.442463248789439,0.712155797094048,1.25996190473434,6.00929985536918,3.42074832681404,0.351017957403803,12.0644306267454,2.11454851986039,1.08726702728002,3.10301468605107,1.06816594860085,1.3804404059127,NA,1.80556129996911,1.21773194839743,0.564568338557991,1.14694664103324,1.39304797466706,NA,NA,0.793982414653362,0.780270485708647,0.622156357159823,1.07355931572747,1.15033509671381,1.10755236368922,1.50272762324874,1.2976441983155,NA,0.894955557043853,NA,0.510838404053636,0.875905243277258,1.48947849879579,NA,NA,0.677141513611744,1.12932755826192,NA,0.881857798701489,1.25494240718157,1.22971318132106,1.11945362822202,0.725662223622679,1.19585116655975,0.881918780000228,1.04572954250442,0.214722476776856,1.32697156932402,1.43028636866147,0.786809833600585,0.871986459877042,1.3376410427746,1.44886342810808,0.554774179132264,0.59925739464903,1.17000525813084,0.696012018402767,1.2486412063314,0.775414917739637,1.49754243060758,0.759624968448177,0.93375930157454,1.789349733099,0.657022013021331,3.81228246131027,1.43236690262027,0.29104001841679,1.07144270025186,1.08543189036181,1.18307099018451,1.03730201485447,1.02255576672366,1.0669343798855,1.65280365524028,0.775892245500459,NA,2.08626653185432,2.16886513642792,1.6200972214984,2.62271151196261,0.627884448443185,1.13729926060549,1.28036196409231,NA,0.910059823180774,0.943048099500953,0.432163523068194,0.814548778719813,1.02015282550503,NA,0.933217211905748,0.982539975332316,1.57357687505605,1.25253791043228,0.977915275140309,0.906669321939593,NA,1.12752584862261,0.172858864895557,0.0892405529835266,1.69287871229713,0.809102834756604,1.16831381483122,3.09424734523823,1.29661610479058,0.971659856762845,0.461177725931717,0.540355980721109,NA,1.20378450718988,2.09754371287405,0.620970666093143,0.898356105427792,3.54664940055114,0.784113984920942,0.550743010216742,1.23803491241096,0.732705315092446,0.945906239192404,NA,1.53382809351769,0.963280506946007,NA,0.0779682497567162,0.988384298318343,0.904553229330373,1.02799390893272,1.14903060310356,1.42252217569267,1.23627664678171,NA,1.01836627737305,0.787763222389718,1.20926816100291,14.0205163941308,NA,1.4261603147253,NA,NA,0.98348140195355,NA,0.809667287200325,1.07479416785285,NA,3.43895853383125,0.949961047951244,1.06358525933668,1.08995231081966,0.859444272526129,2.36116926474012,0.868287638522275,0.94959554494401,1.21860792016331,0.996246450286821,0.962026114268935,6.62049180187831,2.60115872588605,NA
"sam_25",0.577837433929751,NA,NA,1.16724702572533,NA,0.752804822394719,1.17356903454281,0.938528098372574,NA,0.524501345690613,1.20832838280422,1.2479181032754,1.14825527089635,0.682446093715177,0.70991158404304,NA,0.946157973098436,NA,1.60900967644685,0.759436428999398,NA,1.34148443999853,2.38844702903423,1.11073815544806,1.70769559587646,1.26972067610391,1.87262544388266,2.14723811022024,0.504396498622112,1.87180461001009,1.27550445571477,1.25815826158628,0.763653542797549,0.392930574444664,0.502487011793781,4.49951812368333,0.67540733328994,1.79801159990055,0.974246569366797,1.12476337952492,0.930934016989767,1.15289083881296,NA,NA,2.16580448376439,0.0538937833571784,1.41262369107647,1.75660635011553,0.708775949396472,NA,0.924093422119165,1.04411216090541,0.651431411622563,NA,8.69087102432214,1.1494909500524,1.24957910862952,0.867370884813358,1.88305278593988,0.503952746419419,1.04142133656721,1.14230714477693,1.13970285693629,0.817095044915872,0.331587434868751,0.956222678988177,0.526326589856512,1.38627049632375,1.13393470736958,1.69298737894825,0.896355002514437,1.01665478330693,1.10368578292228,1.28857004370782,1.72427304179662,1.72000852797865,1.85467499480006,0.628389477364949,0.703344385080168,3.34253710029997,1.2599204538171,1.44945996947522,0.446480468033348,NA,0.784213008775447,1,0.821442154095558,NA,2.82995347926702,1.02076187369008,0.601180006750377,NA,1.19986939520834,0.560475558601367,0.634127557474827,2.85495518501337,0.557519538043869,5.43827452287762,NA,1.05814963142375,0.71711193987944,0.817326726185592,0.919243114637053,NA,1.36149166047659,1,1.54786290246139,0.443829085506865,0.697521583414301,NA,0.860725124233967,0.836624461169199,NA,0.689362258077681,1.22852382692088,0.238512142676972,0.85725329930743,1.10477344219262,0.981468497572929,1.01188955702459,0.952378262818085,0.905417796461701,NA,0.696466166421318,1.57039405358981,NA,1.68464911058816,0.808044644224903,0.835751997281227,12.3640990525478,1.17488835441822,0.580413829144607,0.597886039847197,3.73574202227195,3.05238132952629,1.02421199388396,2.35432701560027,1.93091414939548,1,2.19740818577375,1.02376382233018,0.425997238000617,1.39114662124791,6.642025569664,1.62674261418482,0.792114964387857,1.43718570114405,NA,0.613053994829046,1.20862951144326,0.231745884000177,1.12925289023554,0.89307235839205,0.95053344484158,0.79757197294849,2.07071782295962,0.86132372829113,2.50341186952097,NA,2.18946568393945,0.871794475733376,0.995124477806728,3.89993706321695,1.45283690817578,0.562903903974085,1.06391792399438,0.692268603443449,0.826387098722814,1.0855373254895,0.942716499914856,NA,1.37366276788936,7.11980864997098,1.25657288607902,0.216093858642808,0.800676688114931,1.42231004254012,0.590786330579657,NA,3.09328394179223,0.821104378224083,1.10056696813829,1.0695193928062,0.733755790245384,1.07689027285038,0.683387763268913,0.942370905511105,1.75575979806049,1.20584456792906,1.24380691304574,NA,NA,1.28043686403562,2.6210170932638,0.604944798870392,1.29368383192917,0.73900571895608,0.760118001517019,2.82084137406679,1.25729618114564,1.46668927405591,0.584774671811994,1.84078109207576,NA,1.07451389017779,1.0232257842862,1.01135911565814,2.43182865384793,NA,1.050919729566,1.3051300134817,1.04506689393836,1.7100471105464,0.679971850345729,NA,2.98194119129384,1.40803078408809,NA,13.3383396306286,2.20488584139972,1.56376556072147,0.571019844300528,3.68060962455714,0.450287977729666,1.07438647026578,NA,0.903492877274864,2.24182852722916,NA,0.736667716826659,1.24604985541792,0.926579592897631,0.656107506749454,0.410069885365839,0.992803583928137,1.03650927709822,1.10972679176754,0.632200725689537,NA,0.860107200308169,1.11184683130314,NA,NA,1.50851512758689,0.331010738561091,0.426778355541505,1.0315581959871,1.04733344054718,1.19966054783749,4.77212494065253,4.21257105132867,0.596885428750061,NA
"sam_26",1.99697434965077,NA,0.388113438386366,0.92271283082788,1.76537957133572,1.00578168668899,1.11474539629513,0.958077278097206,NA,1.2737244702968,1.2892913773167,1.11083804264268,0.843422349263928,1.21338245112339,NA,0.591666865259057,1.04229094740428,0.746795679130285,1.30633827902529,0.856316526142881,0.526824316150743,1.07154750121476,NA,0.91469135291295,NA,0.846301727804707,0.873113762354744,NA,NA,1.29473065248277,NA,0.632121803145815,1.12134994231224,0.658463491319498,1.16914003198186,NA,1.13521573712773,0.982514643476866,1.3001218259085,1.67835854366685,0.736450831333255,0.318196473800632,NA,1.12964225285411,0.967559219389023,0.0322181346208252,0.967542490999393,0.97807981864315,0.833032665540473,NA,1.06577452278935,0.551071047852108,0.950875920282163,NA,0.181522506995116,NA,0.625361130010303,1.42062754158207,0.879549094626439,NA,1.26523509095243,0.597735421114521,0.876760587088692,1.13166673526671,NA,1.01955723482108,0.775056839421256,0.942953170345272,1.16023297925429,0.513301412550012,1.00310578078732,0.49567547556724,1.08611055470709,0.444668581981798,NA,1.520834069914,0.749236960019906,1.1506032733448,1.22212228167772,1.54623037278545,0.710838349638668,4.35123192043782,0.511370033624864,NA,0.825001622961123,1.07440063448054,1.17214861458178,NA,0.249114589404842,1.59436094968075,0.939281647176205,NA,0.837817679823669,0.226485283955947,1.14113122685543,0.335548152719118,0.714609503996249,3.44247140075124,1.84925447971351,NA,0.867407134145472,0.455871952701057,0.768492583732949,0.682214203429281,0.992534661156543,0.972621141685986,NA,0.0948975198400411,0.894452848503295,1.03044496925077,1.05683799701006,0.891589457995819,NA,1.5325311209843,1.58331230249963,NA,1.95267571832894,0.892895113855391,1.21701993002482,1.16411261994326,0.564096918098765,0.953608398734856,0.23855674821922,1.37233766938098,1.00642231758139,NA,0.518331966472039,0.584268864148757,NA,1.13178600861232,1.66899352865927,2.36253188125322,5.78105290370372,0.25916175953842,NA,1.26957827939141,1.04790639413925,1.05025463112234,0.707249049560299,2.62040435189923,0.826089293209026,1.79043598765746,0.888583277269543,NA,1.14754542450346,0.91154289414142,0.84491784770224,NA,1.02659131671524,0.88494477998013,1.26464389866485,1.04656577358801,0.553509773498101,1.20853464410125,1.04541827264965,0.923209041738968,1.43717672301834,0.624192399140592,2.38985292816836,0.590908866523172,1.10794292547205,0.662283430376029,0.648445080125508,1.73515714582415,0.886834800763275,0.954418340681401,1.69211276842071,1.17376422681554,1.18692275405706,0.893680671381517,NA,0.864464746081638,NA,0.574558141591953,1.17453679320733,1.01203292829629,0.810407598198588,0.214219686216553,NA,0.830423252026341,0.783202290156342,1.66012340889476,1.27848834866746,1,0.652422673582144,0.639155449228232,0.694065972785622,1.11480216454616,0.320018976999686,0.769202460593774,0.636276243166304,NA,1.16966862371369,1.37721559940793,1.81276302037986,0.857536440841352,0.814935583721387,0.789166603676652,0.393190925884514,0.651926663597636,0.37511315552204,2.08474192344794,1.00650227155564,NA,0.868036582823506,0.92500946662701,1.1696436997493,0.776419916284593,0.788183085843087,1.2715019262581,1.19492479495793,1.0187490213405,0.971952814801035,1.28436087668883,NA,0.543550659827865,1.25768695167285,NA,0.153434102115017,0.476020142781556,1.08164445929331,0.751932528498308,1.11866575179167,0.853144439785552,0.995915244836046,20.9388326220375,1.13216619528396,0.10876855690438,0.518706645802261,NA,0.766400310373231,0.711196703154044,NA,0.949188412115291,1.4869669287377,0.987963324320175,1.18480464144363,NA,2.00792382765204,0.743178966547884,1.40702356445711,0.659230125197617,NA,1.11685067819215,0.820559644047715,0.995683864379489,1.03809329813519,1.0079656769088,1.51938511156872,0.836440977191664,0.631367938538985,0.691498132844534,0.792436090594837
"sam_27",NA,0.594326531601236,NA,0.725235600257499,0.927717398048737,0.854650712513771,0.985092457213319,0.992203939768787,0.590139369042452,0.947036904761512,0.883095330082474,0.87122298293884,0.694730903745629,2.62337686271889,0.831037261952216,0.86298857771464,0.882377760955951,0.607180205709862,1.98515654991509,0.42671527822096,NA,0.686435969402112,0.278309828655988,0.650445124384005,0.837828476321367,0.677372599997831,0.238017602596006,NA,0.868002153700879,1.33504916077392,NA,1.28069917775002,0.994593337108361,1,0.606902628231819,1.04107974245375,0.835135664991924,3.12771182047519,1.634466530889,NA,1.76388654291342,0.372567009842264,0.638238969263542,NA,0.340944284940863,1.41163591813529,1.58408440636859,0.285420119016898,2.05703180726804,NA,2.07397060291909,2.73512198134452,0.780797045199836,NA,0.483359994802365,0.649927409766246,0.943141839027254,0.577662380807007,1.62439522324876,1.59399298821433,1.83127169738014,1.41953578458224,0.420563360887582,1.07303865165541,NA,0.842942273436802,1.14235128636231,1.15766926227381,0.285797694107112,0.948618310628301,1.13224370336455,0.600345560283848,0.759341285277623,1.20873335633738,0.617202473476644,0.117138728269934,0.735081835700009,1.34810766342567,NA,0.394560983212144,0.92104784772899,1.15245030325352,0.867419940202279,NA,1.34974015711211,0.543532650021327,1,0.394273852891631,0.0725955700110777,0.97608486802509,2.63478405707872,NA,0.889958463805433,3.11575472054467,0.50232200779476,0.762402212887768,0.542885537460509,0.812639711923611,0.92621890458354,0.674411556395966,10.0874596824132,0.459771667723206,1.05321368782027,1.43433089098862,0.794226947450352,0.845933581111559,NA,11.7772411838539,1.12138240041183,2.08270451301885,1.00750081714083,1.09689695959513,NA,NA,0.510782742612247,0.391216413922256,0.908280522564601,0.612908713310004,1.34273751388238,1.28839507790087,0.523749462344144,1.28817031287629,NA,0.771576860952494,0.312519306066597,NA,0.857469321407967,0.991137121770934,0.346872124365079,NA,0.806356374903158,1.72785185492527,2.63395738071667,0.169868528156788,2.51447026115959,1.15986651635525,0.392565513267563,1.2390016099084,0.728974463471812,0.0998364903624181,0.88478235169949,1.1713651411167,0.767653261558236,1.04243962773333,0.809101041221133,1.5331365042629,0.803697023936187,0.222560257721762,0.58713140274431,0.182811201231325,0.697513616086829,0.730172701252061,0.562651579845049,1.14613252337958,1.44144762297012,1.06291728986201,1.34885639591811,0.632132094463701,NA,0.839948351167652,1,0.915886055363686,0.446098555398602,2.6609128901911,0.596006608078132,0.845216200809705,0.867936999061159,1.05454553871284,2.210943817237,0.574840807344308,0.192141813349847,1.29048990800001,0.76271036758946,1.27118934420665,0.0353022959555625,0.872071074936337,0.886840959945014,0.767404545856105,NA,0.679090950076962,1.80953535562112,0.896381691164377,0.959497582763128,0.725595190880676,1.10969670153876,1.12119514974471,1.04990332389106,1.25794810838116,0.691289866248075,0.723252828619257,0.720571886418872,NA,1.10124637310347,0.284552410585834,0.380920969373796,0.646415392016686,1.12611628419502,0.501186846971266,0.319137252628126,0.800398613009635,0.668889436284364,1.27784101794337,0.919323772072,0.410107879643077,1.04185314875303,1.07861017321826,0.858055229905566,0.624415457390614,0.277119788872243,1.52327236879596,1.03549383401476,0.715103335517619,0.383970596926828,0.671710713075828,NA,0.636335000276022,0.725764145106548,NA,0.0257586207909025,0.498177314833261,0.64483942693923,0.415106520812008,1.76679861766595,1.91874404570266,0.956411070425975,NA,1.2338072606051,0.184683431139252,0.602746751496604,5.30152400605139,0.978626421284301,0.839255507406223,0.556364770947709,0.523792798141094,1.15915750669907,0.908553784455384,0.89706736378689,NA,0.14956066752701,1.02126825558719,0.571906095904158,2.07158930894498,0.676252021088163,0.99224122990043,1.48028484006922,1.06251750479431,0.894703750471031,0.742490110210333,0.169399957432968,1.85931297260811,0.351454932314177,0.631405101434525,NA
"sam_28",NA,NA,0.733372406426491,1.10468711525944,1.90903125461093,1.01540174242348,1.27889588762922,1.01178618756673,1.4244424355323,0.701383719455951,0.643777235398522,1.36692270835055,1.28235505608144,0.352302373096687,1,0.966163364886711,1.18101909128797,0.341767731419469,NA,0.966146141294802,1.41815189297116,1.48854097321565,0.41172087578815,0.443275955081188,NA,NA,0.870861396404401,2.78871367312982,0.451597453403383,2.09929381901058,NA,1.42533962038305,1.40728136440181,15.6912184164706,0.824893633161031,0.266959814830623,0.884811901923055,2.42796063354438,0.897276695566952,1.88207805617243,0.420218917625833,0.76192010497094,0.62198369017091,1.17548651477155,1.80418772945933,3.04942614612285,NA,1.48232013650443,0.17463317547045,NA,0.602637385382479,0.20703657077611,0.627538755500367,0.598282314406318,1.3312829289773,0.911981931519703,1.89853860773673,0.924294967499907,1.04938981555371,1.34008241506366,1.6132736939421,1.11014226719362,0.949716221171668,NA,0.766402782838731,0.978385343041159,1.20836047823838,1.03896369721825,0.744628727410484,5.19392397441839,0.595388731990817,0.404777533852031,0.720381758407213,2.31073920173541,1.97166525060731,3.88263377824536,1.13315715005499,0.563678174118772,0.499493388023853,1.17850346655933,0.238201990455061,1.62898076921208,0.441114391583234,5.69046717781858,0.689868762341234,0.897671273732538,0.656516769548689,NA,1.48201611843571,1.12973935438985,0.746749123724035,0.358908460468899,1.27208407703358,0.200167271594375,0.789462275614495,0.74188376019844,0.842182328853776,1.76595592671703,NA,2.43101600969154,1.198826339809,1.34757764740409,1.3600276168562,5.00754991979686,0.809818408100814,0.814703187801791,NA,3.18737022450095,1.28605478661177,1.07633132413406,0.891986663384029,0.637251580866947,NA,NA,0.816520297928185,0.51741157157212,1.11346399084854,1.37402235603029,1.01211498810423,1.13007143761784,1.58347562089722,1.00291294706427,NA,2.18795225911966,2.25833525400283,0.989114372074699,0.916228654767335,2.13172209035957,NA,6.38097838765868,1.1384109366824,0.742178221795145,NA,1.31047092135446,0.39182988581873,1.00411367561791,0.547985286985079,0.379895202369225,0.869755769966125,2.8788090304381,0.6153524246083,0.508220781411884,1.20255393573621,1.02085553286498,1.45992742353074,1.21273507814213,0.972048604370582,4.52483801464381,1.01727280014665,0.95309700243888,0.326884103137036,1.05858172359722,1.6893311141806,1.32464386773782,0.878833478493607,1.88281076718143,0.77664156661965,1.94124582114804,0.561541135343562,1.91913517957072,0.439683189899324,NA,0.957364394709399,0.994217134835265,0.369646468926536,0.901531703788649,0.423572712691711,0.954363520506172,0.721067365756579,0.713590149389608,NA,1.83690130322988,1.21209518350032,1.23552111444529,0.314268931193198,0.957380561451223,1.16271522497452,2.14674005794418,NA,2.69381184678506,0.96429978124669,0.79459601666337,0.931111000551197,0.835252686378387,NA,0.596879102367667,0.874288077188137,1.04671323742879,2.63471060695311,1.30758240844662,0.698238666541693,0.841533479866958,0.913720854301936,NA,0.382450376642097,1.16895845741095,1.38422132271659,0.506172697283535,2.21580393966901,NA,0.858679480908468,1.11637722129397,0.797404723364744,NA,0.824135446037265,0.761155121644848,1.13193452430119,1.32264675935797,NA,1.1256178188763,2.07893718368416,1.3633791143709,0.980110817739247,0.577165430218968,NA,1.2318634069937,1.24497833422,NA,1.19730497908598,1.03306467598758,1.61964392072014,0.961664375717561,1.37353055982757,0.555496180848332,1.28867730188389,0.18715878807493,1.01354706610552,0.614347182351234,0.757273133254382,NA,1.64383980289974,1.52304491426596,NA,NA,1.27232327932583,NA,1.36827673155736,3.13521880999549,0.6302260447073,4.0692078719009,1.29670826612501,1.43448589890929,1.46531168979152,1.29944168674133,0.354964139221228,0.383081059652011,1.18450081535297,1.41968667658455,1.36386616977788,3.00748766732963,1.104273449943,0.85130470339308,NA
"sam_29",1.33492463504811,0.489045033846341,0.234902282807707,0.998581653357114,0.443401246330438,1.20858218417432,1.48026030840494,1.14414740282965,1.82956962918368,1.12352864595429,0.863070385200015,1.34488097450906,1.06743606084683,0.698922971679642,2.10972888837875,0.957461753235056,1.19069956021545,0.699721916258922,6.20518097669893,0.747636629059604,NA,0.652103556543102,0.668157082008727,0.501282100376977,NA,0.787089944598794,0.60119103927677,0.374081046377368,0.715457553216772,0.61551929457915,0.362183527312444,3.99958006414444,0.824684150423741,3.51961098272764,1.70561774996196,NA,1.08372081025248,1.77204902553233,0.767045782943484,0.930408959655008,0.267940136761864,NA,NA,NA,0.103350071269594,10.6999310757456,0.487117018993582,0.755518690140303,0.239017306307381,NA,0.727883985563183,1.48481633409802,1.20827197742158,NA,0.0363625140727947,1.2803553654899,0.428567695513159,0.889667953623113,0.28802800206272,0.761406248403685,0.708200827375364,1.15991601338654,0.696442202143593,2.94553844194626,1.1752163579934,1.2375170530934,0.80357351140446,0.765022668029505,0.944552269881118,0.586501903269927,0.996894219212676,0.980342780036143,0.957252112606934,0.297369186173379,0.877201180768599,0.548612383674082,0.764754250550747,0.896032257360237,0.931308743731644,0.21252193345207,0.434638581610523,1.23488112630339,3.37742535754079,0.415316924727922,1.70102239202582,1.21938435547214,1.51532333517976,NA,0.632637152606522,1.09406530946918,0.639757265415223,0.973964313759748,1.19564049204301,0.181241858123937,0.708593063206778,0.82655654400568,0.664320378441621,1.20286011681618,NA,NA,0.718195126803022,0.808646765402689,1.64431500032143,1.37841297489216,1.11305400839351,0.972487337210565,NA,0.799190822518595,1.15995401864904,0.713116484182464,1.30030026427243,1.00595403617939,NA,1.58454193219184,1.05800662378019,0.438806669016179,0.398466275828989,1.05232569300635,1.06194882398696,0.859549791415183,0.592756640654937,0.927207575626749,NA,0.607916321843881,0.37460141952873,0.417543335269411,NA,1.3865612482569,NA,NA,1.0471250523985,1.48532227809829,1,0.600169649590732,0.187933773303096,0.918150726229312,0.652081996243306,0.352529143371382,0.825018047503678,0.469974143159831,1.32005401635248,1.29565042956333,0.499091590581279,0.0924440017845648,0.743502742382465,0.991292673068437,1.00926652560631,0.974045499818429,0.551826695560295,0.615931858383388,1.06299194216949,0.901543638416297,0.57284831300268,2.38185562484545,0.605307176878926,0.785737114872366,2.89131937163561,0.937207252632866,0.367329147244268,2.46814151906902,1.67681926390991,NA,0.590924697131765,0.534604965436683,1.01240271163599,0.84195477157077,0.934508350975099,1.08863399422691,0.809148338870761,0.895445532494495,NA,0.581894141854999,0.109748569668179,0.203694270605292,0.656675173133969,1.4234607594444,0.58534295845428,1.07253488292588,NA,0.409072995520723,0.628706610889937,0.517165160962404,0.845376126682364,0.554949051442119,NA,1.57303964434179,1.79613853050194,0.809450465963736,0.253179794480954,0.683763642233628,NA,NA,1.93682256768457,1.43940109546442,1.59778930656079,0.916861792914559,0.667606583174716,1.12852124020613,1.00732210651919,NA,0.911032392694214,1.65386815334823,0.334450316676215,0.770855398517023,1.15169575189412,NA,1.00824410467675,0.884511289296818,1.13599146275383,1.30301473332344,0.927252390149389,1.17283334372,1.17476509747673,0.756709172255527,NA,0.68057840335528,1.20913740793324,0.34769906876547,0.0916410064055359,0.355935525145971,1.00666999052576,0.662458682941391,0.670453618708376,1.12978198453714,0.938434419216947,NA,1.08137486137926,NA,0.822701846337475,1.02520399859702,1.16091907013658,1.30563468664979,NA,NA,3.05094674037924,NA,0.843079481772613,NA,1.2344972327422,11.3386796290602,1.15641110836563,0.395225255555,0.617126466114783,0.942350348918477,1.21907645599365,1.5507695301859,1.20144142498969,1.28730038369467,1.43736939608125,0.336160160045572,0.414743168636611,2.3291134328183,NA
"sam_30",1.66718399953571,NA,6.44225786208602,0.61510625553308,NA,0.592727090212507,0.729703488461685,1.17707326637474,0.672743289840955,0.784960932952329,2.09738574062163,1.20235153410571,1.03991004950085,0.622062439546621,1.39967853734003,NA,1.21979660038235,1.38926553858442,1.20866025517219,1.56845797404025,1.04976855547231,0.979979815156832,NA,1.42149185391395,NA,1.60199528707395,0.688778328121868,1.59603266259975,3.7097099723477,1.30199806380351,NA,0.47905636960546,1.25170320174441,NA,0.93331357325435,NA,0.544833976440798,0.776953866078163,0.530353228451304,1.46495554672245,0.575587566888906,0.658388186239413,2.54249836595178,1.80695577432849,0.969153819813487,NA,0.869269949264627,1.10513191175919,0.81423881421613,NA,0.649011544776953,1.20990533631486,0.647593219162242,1.43820725168882,1.02360745959247,NA,1.3209351391595,0.692742456727284,1.66342646291631,4.89799937197607,1.46172624084257,0.506369681862312,0.687980405350782,NA,0.722159966998399,0.888990710588652,0.169235653541053,1.50570639278982,NA,1.18217921220322,1.47009615999011,1.59367888843237,0.788434897817625,0.757380258348853,1.45436699432295,0.364263167523345,0.868023444255618,1.59841791447252,0.373947211054277,1.53081551746506,1.1309697147863,1.10106737858246,0.549213882174271,1.55774039276089,0.87103642633555,NA,0.539593432217986,NA,2.4791430188332,0.81070125461945,0.860157213230965,0.763602259951133,1.11542063813013,0.66067594237991,1.9626488202775,2.10591861781334,0.59001798545785,1.98419681207631,NA,0.45466737537066,0.767200570644789,1.09044590550162,1.13248149438823,0.982672596382817,0.688182580139677,0.401579667064807,NA,NA,0.683188064358852,1.47986049569818,0.977933671548815,0.475159971271313,NA,5.28853170913988,0.934990484125659,1.48563548697787,0.573302701289902,1.48086551605135,0.950902110455428,0.871271463861842,1.16877746714482,0.800106592954506,NA,1.70294037780048,0.887239352421622,NA,1.39124530510356,0.66718134854839,1.03670666444957,1.89014298949588,1.09796591334062,0.723427535375313,NA,2.36280867523932,2.44264369791559,1.14563226603549,0.575383890541071,0.603176566043011,0.55782228300733,0.183030097025102,NA,NA,1.08344136253139,1.89234304067878,1.22784990900345,1.13881405817559,0.955570014898653,0.560463780660341,2.21449956612472,1.08828701255323,1.40680693176233,0.757672381110024,1.12655156029175,0.934787191321491,0.845060043875727,1.46338870500282,0.511126691630145,0.773594037017996,1.11697725425784,0.28142916906179,0.584108277571292,NA,2.08703700429289,0.736966926765496,0.877856944718901,0.977530132926241,0.398891831614648,1.11080407711151,0.70700204409838,0.768502542670154,NA,0.675028739347469,1.74793130517649,0.273818547127886,0.6399687558948,0.948775020740525,1.05224206950193,1.36641398753806,NA,0.619235341953122,1.1642981150045,0.66876252914991,0.652983105103553,0.847767360134819,NA,0.857256082127537,1.33651618077121,0.951046303039967,2.12533499706635,0.924231277154871,1.03363686868265,NA,0.78108710263663,0.308757099065081,0.247754678235024,1.3126248267694,1.13611215675762,0.518309244377606,0.418283572419502,0.798844691264972,1.88332778725895,0.930278033851596,1.71218746272256,NA,1.21437567671163,0.49680593091493,0.702013912517827,1.02942593243485,6.49429670307907,1.20378438020891,1.0876988255815,1.00392198469174,0.265356622538552,0.35740067518955,1.07847809270061,0.928054581611989,0.934787828587261,0.955715408705379,0.663318175066026,4.65919680710785,0.806437149119109,0.891168837055702,0.489289477310038,1.42597124169461,1.11575625222159,NA,1.19362621445158,0.455243195818696,1.8597737825047,1.30324728634277,1.30419015384074,0.8129007490667,0.478834993864025,0.811158693918437,0.789391249019299,0.802962272880652,0.937170920174808,NA,0.334726078812216,0.797683184000353,0.683934520096537,NA,1.10634869825398,0.89995490923874,1.12166094879808,0.515083356421522,0.627636144065187,1.46500806834435,0.498964143644056,2.87320138291936,1.34821694726315,0.674738527653291,NA
"sam_31",NA,NA,0.274798827008436,1.24744578437391,0.61652565295553,1.34262991661038,1.07415630777756,0.946706093009457,0.756944281392179,0.687772993853171,0.88095212936125,1.13409108672548,1.22663461170611,0.86438450086858,2.75873105936435,1.99346865522453,0.856933673375861,1.16841209808767,1.1191655152275,0.592802897542613,NA,1.82026916028295,NA,1.88755036244245,NA,1.64363565050791,2.56595181647432,0.970863944475078,3.10462553770566,1.09308549031699,0.630011143202786,1.74454084275509,1.01657229179457,0.465282667909527,0.728694910054124,0.204780730210178,0.742889024703859,3.6258474099637,0.66121175957991,NA,2.73547716813928,1.18448124116835,NA,NA,0.934236976905021,0.396087186647642,1.0604773983399,0.532403451943183,2.05800940000435,3.70296509516222,1.25243454630869,0.594235512733228,0.775167611299533,NA,0.453814700236036,NA,0.566858801317775,1.05423116806874,1.2609500516669,0.615081707389558,0.808518617637857,0.912633205457957,0.664608453893963,1.9340080009837,0.452436079356223,0.997635500689059,1.59149358956406,4.35321141622973,1.31240947400927,0.754768663682077,1.18363723279376,0.891170991939217,1.12822393885673,2.63342732124031,1.35915151405292,0.380075488775412,1.02587982351976,1.93038206532706,0.434659360075604,1.0853675322832,0.889830603457244,1.0035482719934,0.505750965323264,NA,0.785697387878181,0.976629313462383,1.05458488131446,1.12306916137993,2.93012173495222,1.85239738731414,3.17089346465281,1.73504507551242,1.03452299656931,1.96384687267844,2.93667558682797,2.32086296822859,2.25725631892189,1.03700346382061,NA,2.5181266697006,0.748105595907524,1.67071640673667,1.49952684766744,1.25340669223746,1.09817974683187,1.61120046096037,NA,5.43145887397398,1.85887692663736,1.8302248051459,0.719484875279641,2.32309530287247,NA,NA,1.22925155656763,0.738824977043757,0.88649301724592,1.19705292942189,0.742953418337209,0.686486090666677,0.843439620655297,0.982804683046827,1.33221601763067,1.27063516341772,0.924321522086161,1.29600350502575,0.625381836217197,1.25094959442454,NA,NA,1.3417080114866,0.483075666031691,1.65884806076213,2.78760609727215,0.259177083480827,0.924351445104022,1.77012026114069,1.40078971941242,1.07440922943754,0.420828499837416,0.717555977375581,NA,1.13933113131071,0.789433969990973,0.908091268683135,0.933658061768455,1.32892825345468,NA,2.66332834838518,2.40156394925811,0.619703799934667,1.51591584848106,0.652251810095085,1.6649138639415,1.22635899833582,0.898797055585603,1.93247257688793,0.950091599007791,NA,2.77085718001017,2.57830173390276,NA,1.01602425436254,0.523557288342675,1.79336544840071,1.13974219770753,0.977290154023559,1.03083595317214,1.44540613662652,1.0425949087985,NA,0.3454292183367,0.606991989091776,1.45278963131658,0.562470629766511,0.901335091480484,1.29972300099724,0.41004223353111,NA,1.31969525941164,2.06807808031459,4.14125186415201,0.822399324436649,2.82600264301576,0.868579736618318,4.32294193385282,1.17540665935525,2.87344451653536,1.53747058875432,0.968221797772762,1.25366490506161,NA,0.586195058210941,NA,4.63208939131345,1.81051003209549,2.69961604733706,1.8408338634423,1.16222850531845,NA,0.982282527012625,2.1359632629975,1.16402934435506,NA,1.13156926814881,0.74197426802649,1.33521883176762,1.4517240450015,0.252213157334044,1.11534369655252,1.0786999943849,0.885295901348984,0.815464272206227,0.953371033813984,NA,1.32604991351441,2.04041485664286,1.25886985838443,1.43693829268784,0.863683111561741,1.36198047439944,0.835356125610913,1.22104666048047,1.25802624924088,1.02605585388812,NA,0.78480845389475,1.88501394861399,1.52405453590058,0.789571710094649,0.394396559235668,0.907943067072272,NA,0.472418582366385,1.52310304067077,1.70456997977863,1.08752351230868,NA,0.522750074363257,23.9489040301116,1.63222828906422,1.70341603451794,1.42411721592188,0.965471487347039,1.0470981421474,1.18917804295088,0.723229300328186,0.186301667022127,1.86925726999995,1.25810539217378,4.69628803193837,0.793959376482161,NA
"sam_32",0.800929734892815,NA,1,1.00141834664289,1.02098991482425,0.73148511699121,0.677757891777076,1.13723638684531,2.02628358474551,1.10698948020608,0.937252143017275,1.18530767786701,0.743859337016394,0.886361598120143,0.866974453780815,2.11207524558642,0.700498824243212,0.510898607414878,0.979865300814327,1.135756449338,NA,1.23177456012435,1.03791108723922,0.887890217308188,1.59810007493464,0.737341016850175,1.03826862701471,1.37719899943529,NA,0.848128491444026,NA,0.96464377802826,0.993016945703297,0.226438049265361,1.04229327265151,0.498394352251696,1.33340791607112,1.64816020425898,1.02642960905438,1.01916240503488,1.13366434881636,1.82252925539022,0.832658568643525,NA,1.63854247515078,0.100926351106852,1.33928192208688,0.779848180559816,0.640413950688105,0.805124458707742,0.752018724938799,0.434692603477159,1.23685208442457,NA,1.87429966927916,0.508396319791933,1.64883202560308,0.720711428794505,1.28108619662957,1.16010907323336,1.37190477948445,1.18461633564876,0.520144061788763,1.0676428840414,0.565225657479197,0.70537865896474,0.844723693724172,1.45230639455979,1.29373618566662,0.492932293611815,1.11135019195443,1.22063679317837,0.494382069978626,0.552015245648732,1.09083005623041,0.685333356193506,0.779645834906427,0.767736075959544,1.96797389832293,0.990096106991355,0.59986800077306,0.938925756861855,0.800768844115718,NA,0.837076648752289,1.00151791959527,1.21958135555937,NA,1.62549427965965,0.702740529511345,0.572058968780315,1.87031428005889,1.09299987924786,1.24200088779694,0.946608046932446,1.38230653984676,1.02572663323197,0.527853613456236,NA,1.24480727141452,0.699837194562598,4.91179086399854,0.811112742247156,1.59381140142367,1.49923399998635,1.26268925958316,NA,1.25579790261708,0.84277044065302,1,1.24933146134257,1.27798957476571,NA,NA,1.19460097589829,0.759449195960923,0.88856004863646,0.905394910818363,1.17852140813625,1.23033232162352,0.97567939212434,1.02823715476745,NA,1.13877707632977,0.432262073775424,1.92008120437394,1.21378662060706,0.907537213782056,NA,NA,1.14961376438507,2.95980495988377,NA,1.28623318014112,1.01511204061813,1.05538275353358,0.869265456990176,1.99304180005279,0.956551900707948,0.865859133266105,1.1351633913105,0.859470628648856,0.99741586174377,0.779000357411241,1.06201450970808,2.54645937197063,1.251897715796,1.75655489984859,1.11096518836135,1.79938529918579,0.421763209307473,0.881368955631268,0.80337211239371,0.802375718493497,1.14170942860173,1,0.600708247052941,1.00900827091962,2.27998589430123,0.335430560303149,0.738569671552562,1.14836216222303,0.917376808520211,1.20499668619109,1.24830344727335,1.11921995901575,1.1334276253849,1.06030186381495,0.939313400913775,1.35899530314345,NA,0.964503579355995,0.880242417514487,1.29560138332186,4.53395953521464,0.862292691311192,1.17661167325468,1.2246236100783,NA,0.572865130898406,1.32950277227248,2.13032133659403,1.13229636739245,1.06293083405108,0.638257137823376,0.922806119365774,1.22969220598083,1.97224480812387,1.11433340975548,1.39356698701437,1.38055387375843,NA,1.1815479354999,0.875984944937029,1.3634597503196,1.11362122707944,0.820454537195605,1.30587048529136,0.838067079828346,0.810126624948097,1.26891875165296,1.39538975527572,1.64411259233652,2.07694397958012,0.912762451323209,1.30884549570309,0.778878817450862,1.17127458708041,2.19772393712806,1.03801352802006,1.79307452598603,1.06536844785332,0.632971377788286,1.43904861214744,NA,1.45870082403728,0.804017922808939,1.43185748472108,16.2543020466508,1.01161570168166,1.55799175606324,1.19537615192361,1.30155321374127,0.752853278322234,1.06294480291749,2.41624341855714,1.25042856532044,0.538667567560588,0.625959760162211,1.00359976271048,NA,0.74506402346289,NA,1.52370702768891,0.808246402996977,2.00653384014835,0.889026419120677,NA,1.78269229437378,0.647340942548221,0.700516192489674,0.773505036563128,2.90412247754772,0.845227606519593,0.952281573364864,1.29176218215235,1.6465980406527,0.334853208249729,0.366895625388631,1.93931404693525,2.3143767788445,3.86795660557409,1
"sam_33",NA,0.948140613638611,0.106968523543716,0.965537013484825,1.03603391745458,1.92368687376758,1.60186147321742,0.932265542704668,0.894152907208222,1.28331173895989,NA,1.05565340122496,0.987232569399542,0.916086700590596,NA,1.75311771904837,1.30656938266957,0.725897286567171,0.710595448864944,0.767813648530268,0.499635581332656,0.778201001122088,0.510815875437077,0.685605893663907,0.537916393653606,0.61480677506619,1.09893685103983,0.196717578329081,0.988332391705342,0.763618885356276,NA,0.619189071753969,0.694421186615708,1.11782569855555,1.47920608324572,NA,0.682106828728856,1.03164544905722,0.9156790282508,0.107726326472383,0.485408779988797,1.34566778151642,NA,1.20459749432005,0.0585943872151347,0.334054427448455,0.343119173468589,1.30462474461398,0.555196640692067,1.55067182372478,1.47203613710119,0.426044177441081,0.7283167732516,0.611237797890346,1,1.08696804710038,0.706099678100343,1.1717278692921,0.358120501711003,0.390090488739682,0.884241151415264,1.23877606341094,0.469550392740994,0.551910600704525,NA,1.45104233539156,1.32446649586932,0.950650643920548,1.25544557379346,0.75480046915905,1.55396008625473,0.588548276443813,1.09588812499305,0.367001984978643,0.541407005264075,2.18152150689571,0.65609497639972,2.24409066095421,1.27822324653387,0.559869938294353,0.684630878127964,0.587991484549336,0.262357554120358,NA,0.859409008010096,1.09373558069243,1.21793611021955,0.554739872961593,0.50259025551563,0.915291454236122,1.35524002773725,1.96769317958249,1.31838505019014,0.195908104569942,1.2735258686481,1.36075635342982,0.58434356373785,0.161286220333509,NA,0.341516286158368,0.774226183119623,1.5890609864635,0.838258883309994,1.13132757098086,1.20694348843987,1.01242923292225,NA,0.720830538735142,0.971357832082902,0.861662087137161,1.16651223203467,0.97250122265675,2.02115424212344,1.12426271802018,1.24667293115008,NA,1.36188391724913,1.09489837179059,0.789447476853602,0.957708183369666,0.290406574598807,0.993202650803954,NA,0.509442585266303,1.18088770091201,0.310615547484341,0.469843357431677,0.979978688056684,2.24544904109516,NA,1.95416870716778,0.497773979253293,NA,0.618331769453754,NA,1.0096709900877,0.719330494164331,8.79931104558103,1.91583894630983,2.3199909573543,0.805553273577876,1.51049749467341,1.07767353695123,1,1.13434379280918,0.9588389462844,0.690875420708506,NA,1.66897221780749,0.720331354173471,0.87598300392344,0.868142298302058,0.405853423911119,1.20023686563444,0.834023700711357,0.533587046176767,1.15040140764032,0.835925664199502,0.634767973317103,2.06399184755063,0.94835314347361,2.87990112603232,0.684876325497243,1.63702721486831,0.801106215788528,1.13292653331029,0.554668711182275,1.07911635840973,1.4394867994228,0.907845781621563,NA,0.512790595750385,0.990043636392556,1.19256829173878,1.31301091810446,0.85518097819222,0.976800853719872,0.862930273500626,NA,0.802389113461474,1.33701993764052,1.70710079330241,1.29850370149877,0.896778500101475,NA,0.710272323879502,0.946539852031958,0.606362555363209,2.20439518768423,1.01126843023584,NA,1.44018910300226,1.68240531167822,3.28066753288553,1.31799690516219,1.39726492346283,0.502668628078202,1.42136490728873,1.1265802819952,0.839929720413701,1.12687502873693,0.860126411898423,1.21749376841351,2.38489527691457,0.757924634408379,NA,1.15310110238776,0.89684049027972,NA,0.617871918773523,0.97225002052931,1.08878987109084,1.04259929765645,0.569232758879548,0.133784241554947,1.00645456520089,1.052665983744,0.426228628161662,1.17367177420527,1.40875844184816,1.12809090591051,0.612523958920016,0.589694223627882,1.9728240487521,1.04437173794314,NA,1.13503217459646,NA,0.708923187739349,0.945435391469238,0.614047381231827,1.05741488067848,NA,NA,1.03612854805044,1.58429458378583,1.07536797579419,0.47312716548287,1.37475381620237,0.615659369814319,0.860704517763195,1.68521708187668,0.589162160345128,1.03254546493754,1.56900849994475,0.437710735081864,1.11177458628341,0.292935080873142,0.832449314595345,1.18628678081919,1.05519473016726,3.4931609429009,0.317801596565236
"sam_34",0.490900200745082,NA,NA,1.02891050302897,1.15883118734512,0.776160473910584,0.869307292314503,1.45468125208778,NA,1.01699766519776,0.60211283462478,0.958585112089111,1.28965172560072,2.04750249988481,NA,3.40060840521281,1.53348245321245,1.95827289457213,1.76388398381452,0.892092178977981,0.627267278570809,1.11181406501466,1.02265622144258,1.15213111661421,NA,1.07795644478964,1.28643672392567,1.63976482375514,2.31842363298832,0.48352266874899,NA,2.52335942543458,2.07460373383242,0.343539747217682,1.06270220285383,3.77485532565852,2.23868334914832,1.73539190295725,1.44525501214016,0.491064736773339,0.606892098628872,1.22171141465771,0.461267185021877,1.53379049449468,2.35255180245294,0.529760797163198,1.32456193025086,1.4054210359726,2.77887744109023,NA,1.11340760049617,1.17378927053131,1.25054645748141,NA,1.7371467369106,1.51423344860655,2.16611658683011,1.22493461356013,1.31361500906146,NA,0.982671228205364,1.06761920105189,1.37921605819925,NA,NA,0.962255653814604,0.867655048147511,0.928801642516024,1.06422676024369,1.49711883486281,0.971214687225883,0.546767887416848,1.7433431232534,4.40807832395047,0.592818415972471,0.788002440139977,0.71381167680726,0.633927084371835,4.90202037702077,1.8418788026515,1.19606792098076,0.844354389249128,1.62287573070533,NA,1.94002943929225,0.59505764150502,1.23556444829594,NA,2.52814562724403,1.18585861220992,NA,NA,1.00648647595822,0.265283596884202,1.28816379101469,0.900241809957914,1.42338516784509,1.14534319937733,NA,NA,9.87770246566295,0.620907624368799,0.993808710324035,2.18731173044509,1.56907420875231,1.72157497230567,NA,1.70624790198733,0.884450527403392,1.60838179407252,0.79339448229759,3.47793753679377,NA,NA,1.13270731935685,1.03896151780514,0.981088541987429,1.88664214000607,1.38701013950033,1.00190515472514,0.58974028130865,1.18718742686104,NA,1.15859931407113,NA,NA,0.547656296918834,0.796890459009069,NA,NA,3.44526605151065,1.18121942154193,NA,2.39339545356348,0.899966799469886,0.891726153737318,3.37656356869577,2.5054913610532,0.747661316463301,1.22374694882084,4.08887204261786,0.664687534114309,1.64751992258041,2.40510797928791,1,0.575811856195097,1.41198462179421,NA,1.42011372256389,0.812545219199864,1.31302564610459,0.979514310647291,0.442722590057261,0.989129619113702,1.21296367661752,1.65293515545266,3.12492630009091,1.13813946376064,1.82805331707035,1.46242000795713,1.78853585845952,0.824589840416824,1.61561795055062,0.208985737593832,2.77179384184436,0.968637259876354,2.32982093412463,1.19913448958006,0.978714334803505,2.38452228780611,NA,0.209405721150634,3.49869788290471,1.87175457672192,0.558459692600669,0.895232793539,0.917510794746465,0.760085661013312,NA,0.763427698065444,1.29822511649313,0.85866042122517,1.10377637366448,1.30960337167401,NA,5.43697088504527,1.73976385894086,1.10346066185361,1.69017104822767,1.0420349729654,1.57294140674543,NA,2.74573864125803,0.713627516158754,1.78007877446031,1.42293727497782,0.801280362982915,5.3596659316278,1.04216317003158,0.754486054132135,0.985230660799094,1.07781306912639,0.963655380503493,NA,1.24506172272329,0.680290757095888,1.09925387199976,1.28245931825017,0.952809758255267,0.754694795117848,0.534301641978544,1.30938892122499,1.09745355403186,2.77200942729666,NA,2.76883452104443,1,3.17496385452224,1.57063454332798,3.27043020700603,0.905635673960314,1.87275186559084,0.636775269908467,0.883102052156642,1.44715339765042,0.224737375646722,1.09354033941957,0.82736148441572,0.925378468775267,11.4959178882678,1.4262310133731,1.51564675504328,NA,1.47997100307281,2.75652921363765,5.52283998459968,1.03085218908624,NA,0.496336867080903,1.20520785216064,1.23855506629909,1.04856261349078,NA,0.934962597844187,0.670770094026068,1.47747100883495,1.7433412354177,0.511267336340819,0.856616435928865,1.53723562859003,1.76401120876653,3.07264133310615,NA
"sam_35",NA,1.02807940915631,6.78223676653164,0.888507449953452,NA,0.772411651109258,0.720910750287198,1.19192545207792,NA,0.882534663918942,0.963287740804432,1.03734587606033,0.997961658340352,1.19129874908365,NA,0.880940896953171,1.06219450646367,NA,NA,4.28700229116491,0.4512318291453,0.527707115582576,0.980337110776989,2.15874521701031,1.99477419218835,0.917134909489206,0.412973886053271,0.567250562351405,1.58952247515506,0.662596718245821,NA,0.783046240939303,1.01295062831402,0.969067046411241,0.670810231529671,0.638131501203001,1.01652694657487,1.24377922372102,1.03037173595802,0.0992534695816721,1.58022720047859,0.575651568460906,1.84102753549487,0.537964518516833,0.359422165385669,1.44144699750412,0.971986383246911,0.417416496113344,0.456163955566058,NA,0.676964617897554,0.45080610527525,1.55485453904257,NA,1.66053814752234,1.2266764412137,1.04173581026456,0.585930498589484,0.617212901550325,NA,1.38474368015108,0.791485834845841,0.27819086154007,1.5841055812354,NA,0.924251663012268,0.416977909954524,0.758036988944045,1.40440991151218,0.505529675433704,0.88292952568696,0.287794876176174,1.19420527019237,1.75245987516013,1.19977426640748,0.0505643486887934,0.996639902060203,0.689216343041624,1.15201040903681,0.509586948710886,1.39630437417689,0.992831006471861,0.641796519160708,NA,1.31521903540866,0.9095987512023,0.663898809314164,0.893639639261195,0.573650801004734,1.03536112195626,NA,NA,1.74814857945391,4.00325956308928,0.901818236189655,NA,0.819261702795576,1.18131159223828,1.04288657700889,0.48551773239364,0.916555633116267,0.797935182974719,0.352972775380594,1.41168968010889,1.00538092408026,0.91091921779988,NA,1.85231889596797,1.22510232845652,0.58761582735948,0.915428393653896,1.26665716756379,0.572504529914875,4.00468267624289,0.834415276155943,NA,0.776337180705133,0.682275128921865,1.10982547735679,1.06444420105686,0.772831483777608,1.08725652900515,NA,1.30229033378181,0.666375155051175,NA,0.839867555353575,1.16070712174371,NA,8.27157144031874,1.121267868995,0.763600211361527,NA,0.582047003562133,1.06776690883274,1.07007477782075,1.32500075438813,1.17553927269717,0.559289195719726,0.0549918930343513,1.42305229395197,NA,0.922971791118413,0.864555905366598,0.934207130097898,0.523244244299154,0.938464769852227,0.764157965862963,0.902294230850848,0.387596149213432,1.36550068922213,0.695746515877938,0.679746182999492,0.39994942928843,1.44240335185074,0.602648628526622,0.580069304130799,1.14477195421861,0.837668835616066,0.172019809484239,1.32197060778852,0.419292420827314,0.944371855784673,0.7388739106031,0.930462562725186,1.10083415967938,1.30530838824508,1.14897224630469,0.636872529199365,1.37262826052696,0.525291220420163,1.23182911871635,1.33936644807191,0.888102033288922,2.76204046993641,0.981428230030633,0.554113165577404,0.578057891494643,NA,0.246531396692094,0.66117395988136,2.20319532429813,0.809216340970451,1.52998972644301,1.42877124904131,0.876380581167051,1.41454082770383,0.517384228580178,0.406148056969166,0.865785083485089,0.892482387888964,NA,2.10711499314944,0.138104512972603,0.442784189480449,0.780400489796715,0.516208957099504,1.22594994745717,0.426165196185121,NA,1.25304130428478,0.766226921594899,0.586016391211588,1.25298632064716,0.774274510577949,NA,0.707206912019837,0.857614626295206,0.224467811832816,2.94448825623714,0.522104387264425,0.79333046086264,0.476643338907273,1.45742549042003,NA,0.807035112420125,0.758372831987931,0.641018876719238,1.30231261100357,0.760280440930242,0.638887355973396,0.756168235066743,1.02172342236863,0.708459088594685,0.853901212987965,1.08450575110352,1.24067269408575,NA,0.521038073779077,3.14993535988891,0.737801731679249,1.94383469225749,0.624293944015064,0.821203491826482,0.733579105564529,1.80168614639819,0.720882581736728,NA,4.56422021259376,0.363571147650344,0.485077635878887,1.09924472665342,0.936035399291059,0.61036079917305,0.784137114901158,1.66606548056346,0.793846846467497,0.134437590951569,0.465915975674633,1.34790163483206,3.35186534054807,1.05825339911592,NA
"sam_36",0.703096149473685,NA,5.93069425588144,0.909909900083384,1.61739666996191,0.963226454714731,0.896429679319788,0.643759084640773,64.6938275572909,0.792926402877365,0.848948348831025,0.879764340164,0.89549154234581,1.5012113836184,2.14393555760406,NA,0.875731950985503,0.401557069971682,1.01521918741101,0.808732976352447,0.617616567443633,0.990299352235061,2.89747273383216,0.333694556502827,NA,1.23135193066362,0.994062829468611,0.511521869755268,0.50453286448017,1.36470953261607,0.588091167542041,1.05773735241687,0.880284308472239,0.812527369785809,0.82333946285278,1.53155993014129,0.344072867708775,2.30497115458555,0.95055597875653,2.24729621909384,1.0217674394639,1.02516656009663,NA,0.979690207477215,1.41642545083576,1.06610026526068,0.933475586169454,1.06953376385643,1.13674562208524,NA,0.587619207670486,0.603038672436106,0.609858903843564,NA,0.468108151817327,0.972210401539655,1.83881228732991,0.941854619536249,2.43021907540526,NA,0.353755900871908,0.783185530206585,1.96890766307106,1.2321842883522,NA,0.816582840735273,NA,1.38741602843928,1,1.2164674270922,0.760922188411261,11.9798489903386,0.736980979569123,1.71719291263983,1.28896568232715,1.38170735340153,0.664521945668989,0.672241823714645,0.577424597061226,2.09460136899623,0.629164671061838,0.996451728006603,1.32604904110953,2.33239119185178,1.07330595089967,0.777537315532056,0.986946486269729,NA,0.990448104848146,1.19036016958168,1.21303992559083,NA,0.839608114870777,0.853267128256864,1.56566126197082,3.41860353584445,0.723551179098136,NA,1.34885084192647,0.980712120455032,0.951690427270506,1.07852822818719,0.744999582969149,0.474773249796397,1.03407149426041,0.815680667434257,NA,3.46192717259038,1.61168272656237,NA,1.02582813264723,1.01711246944014,NA,1.31629213205413,0.631447811250866,4.09294214960176,1.43631985671684,1.20899294009895,0.59394688686342,0.872732379975099,1.56578303758553,0.787220051892258,NA,1.9474416150968,0.576755557163962,1.14044488306375,0.846948902615354,1.79437356747274,NA,0.528741869253218,0.881404852211882,1.63198590473433,NA,1.23393927240618,NA,0.909796712491111,0.944933448601171,0.633200182928697,0.709948590651908,0.433432592318529,1.08108490380938,0.56986037957574,0.452649650251379,0.760955091105043,1.32634731717218,1.86352501281856,0.968974374152326,0.801987378700034,1.75876952386759,1.15836767321273,0.621580379844144,1.14124576889235,1.63490903608158,1.08967135812238,0.645827549155823,1.31276562564307,0.914358370450828,1.54105073925807,2.19677347370159,3.84420841252594,0.663932267598146,NA,0.490936812900252,0.151090287636779,0.677722241623461,0.985608372818295,0.577503452886665,1.02039400215995,0.52204749989902,0.654610189216097,357.239912138056,0.403649289318925,1.21013519194356,0.662709450405548,0.772396283839209,1.06065196085408,1.04778334318548,0.628240988749878,NA,NA,1.38850108922497,1.54481880120773,0.658231254328099,1.57742298073183,0.499180234841849,1.3725888402811,1.60886662040373,1.17959357269223,0.727542117689728,1.03714995320677,0.814455081274359,0.619294629540191,0.502534679961278,0.597549950462161,0.394113049593941,0.738391734678447,3.16866085302398,0.724273446539612,1.83314462027775,1.38345226385948,1.10486723354065,1.3357078823063,1.55003293172068,2.29556077595297,1.32113167812951,0.339655460835343,0.923100288620682,0.921813685562422,3.10241854265674,1.93363896268905,0.855304467032121,0.893938614597031,1.08617952476948,0.714532740359176,NA,0.775073191719349,1.04104268604724,0.774008764327151,1.25610598279471,2.28951091695607,0.854968762853571,1.05590903167387,1.21945465530735,0.613760627978336,0.833413934876218,NA,0.609375274844941,90.5238671857957,1.28501331501485,NA,3.40549986980727,0.702382047646934,NA,1.22089774763855,0.764403635709667,2.32680645607602,1.0527752841984,1.38095569795459,7.24561455648769,0.913025318117811,1.02648460287602,1.16124443696609,NA,1.06115447680045,0.571666648551943,0.970378267022963,1.4184544682732,1.07439930008605,0.864143789213788,23.8201506891908,5.15712093516353,1.08895042815217,NA
"sam_37",0.591870434486832,0.670820386310858,1.29790487506849,1.17432653070302,3.1620244565701,2.16052606120544,0.919976030796287,1.08802008692166,6.23619783901548,0.842662629661082,0.50943555748196,1.28333635923988,0.819384950895506,0.589506538269417,NA,2.05655350516639,1.54896101247747,NA,1.22685570535549,1.28720574689858,0.583163020976453,0.62776344286246,2.4422005671831,0.426155222928013,0.800334734946781,1.33042027358821,1.67514841704401,2.0186801872378,1.7781680880566,0.966545683592997,0.669703374001163,0.668882561328625,1.12481753181062,NA,1.22599262215752,NA,1.12954895426329,0.84613149133435,0.955887424195187,0.775612798582813,0.823552478357669,0.26281935108948,0.929044989393157,NA,1.06399446346388,8.28964591698981,NA,0.741769115205997,1.28415907229607,NA,0.835423467987178,0.59179825829425,2.32313309058221,NA,0.889565079208901,1.42489324954117,1.25851974592124,0.727962558446538,1.9988839947869,NA,0.848587100622199,1.12818910210331,1.00757049458334,NA,NA,1.20545585529664,1.55366188520122,1.14412519413653,1.3427954453454,1.77301825793252,0.910690216385668,0.937932011351265,1.35832224515799,1.65711167711362,NA,2.26075180307741,0.630724381515689,0.70588288034361,0.542013553112661,1.19156739906337,0.520777763286547,0.548995406533316,73.9691751002581,NA,1.79878907433825,0.998482080404727,1.24252931359903,0.793375889757923,3.1142440178016,1.37622195813407,NA,1.01711705065778,0.89821526027196,0.643242035153358,1.39683332630815,2.26274925778446,4.54694426060628,1.0870912997877,NA,6.99540854687514,13.0367787821794,0.74084230614042,1.59846067547948,0.680230293486751,1.01032422551836,1.49562203910331,NA,0.585535986676083,1.37198348275964,0.960446069764962,0.977547846126275,1.8516580956584,NA,2.01252721864082,1.31840314804911,NA,1.24718077978805,1.03937221021411,1.1239889235948,0.983084488287256,1.7376632913921,1.23240395326662,0.252850182306274,1.58265012679705,NA,0.674867217463413,0.345011980625411,2.25138196057082,NA,NA,0.942462295445054,2.08031393309319,0.444209536832137,4.10629782444808,NA,0.86449603302337,2.4840772862332,0.983041724886041,0.569809829800821,1.99441806520869,1.500249591416,NA,1.15535522095607,1.31105246986857,1.1056984323617,0.250133575992904,1.1105370072269,NA,1.69634597707672,0.55241381024678,0.765230195204167,1.05195990336197,1.49402556250024,2.29406995577431,1.25398180968149,1.25760505019879,1.61805839925006,1.59875810157152,1.65187169783955,1.08118710360587,1.08604004351391,1.25152310304449,0.662251024739043,0.924795029993208,2.4545558242422,0.976018873710219,1.33592246732859,1.10344577773117,0.792270332046833,1.12991748291225,0.728356259376697,2.14718880496481,0.828953545967336,0.99376516714509,0.259083832481671,0.980667148395017,1.38201607041429,2.26263676940976,NA,0.676657801394212,1.12097881267032,0.925518520159211,1.03665288226829,0.908003655603294,NA,1.6817692299858,1.12743844972046,3.83320596970405,1.95492395814267,1.06449025715453,1.08439634556551,1.50988956990464,1.02655146273202,0.973232440470115,3.3894593514312,1.35918317475484,1.19961866946095,0.702368218003713,3.47896190088993,1.14032106877649,0.728789710668632,NA,1.55781781175287,0.934554298882624,1.61505775730532,1.11518825450944,1.05295617966882,0.996878537024189,NA,0.9730357083107,0.783440949140505,1.20759037159219,1.39440851213671,1.57998206445948,1.22785815028346,1.29416575260938,1.43050697897355,0.464992301279716,0.571785929631347,0.719519990019307,1.27870614798366,1.64070052977072,0.90827909490507,0.968740150500505,1.30232731265837,0.579667616959652,0.981633722626945,14.9306505242436,0.662892661925995,0.945628776091273,1.28731827100012,0.988244209310379,1.09247152686007,0.652249856740539,1.46147266079486,1.85883343214275,0.84761491493565,0.47722470244224,0.349449977055475,0.856587539941268,0.955043276091,0.423566290805823,0.544014934819285,1.05308321370263,1.00335366975472,1.85208830784438,1.57807438065876,2.73402713691375,0.308671013114206,0.0961170882977734,NA,0.433315411551315,NA
"sam_38",NA,0.688426571135106,4.25342411813326,1.23810682789846,0.45678426756271,0.819695959036976,0.804891148858147,1.26202542130314,NA,1.02288824849479,0.803117537613586,0.958694109685964,0.911106254018257,0.265578433663993,NA,NA,1.46976443251146,1.06269827600867,1.38438784066927,0.853829367174187,1.38095950429804,0.864173336504352,1.43070297103486,0.885323019972192,0.231339266292366,1.4428492809566,3.49472256825004,0.31722181676301,8.61378854461887,1.36868360921102,0.321467001151265,NA,1.13722664751417,1.69547929860066,2.41556964611645,0.475881002496513,1.93150767853143,2.59362697249143,1.01544807702393,1.05567509614538,0.322025366084558,1.65682490431409,5.04304332735639,NA,0.532008265972054,NA,4.11554841638344,1.22410527866797,1.52703568250871,NA,1.04615609943352,2.41784967644012,0.820920156959644,NA,3.40933096210055,1.21596620949114,1.36913897079969,1.73642731787821,3.15489322303433,NA,1.01732877179464,2.72675359541824,1.96211317112642,0.81442115121906,NA,1.2804911477329,2.16663609632429,0.727563140089808,0.83745150273005,1.30683534528259,1.77104504731342,0.89988503169729,1.45127557524856,1.6290739548584,1.18379850526063,1.45989126825878,1.17695660940336,1.32985690789158,0.792051309003954,1.23320960651015,0.799755647574334,0.674297733635095,3.77639577268861,NA,0.898439670255959,1.01754204038668,1.16893382068696,0.735666188954982,1.94089131591841,1.45927902557604,3.29309505745751,NA,0.847549291743816,0.160612426128901,1.58643658328245,0.350545070373435,1.27226569764445,0.582966702702324,NA,0.838175453186459,1.11646098458576,5.19954518125465,6.64568672486595,1.93203083067988,0.913740497005734,1.11615213465347,NA,0.051890060741977,1.32649179458434,0.727490096709585,1.14393664693108,0.947570195858239,NA,4.65372789334134,1.11546246829353,4.43494850985104,0.980887550866462,0.838508989401471,0.796991316106044,0.867441232019547,1.92582230780754,0.984970378689819,NA,0.847312137010616,41.4605901374305,1.34454550273692,1.82295801933086,1.54589808704433,NA,NA,1.20338903475193,0.83076709580942,0.376833207177203,2.27594885243073,1.55052070632675,1.0344734841281,0.917010677050864,1.105248216661,0.875173171438465,1.12467688678135,0.572167064368144,2.20128900916452,0.943574030178388,3.88198546097109,1.1555341646778,0.660991944491545,0.792092234248785,1.06276235069721,1.06672741168135,0.947361989106464,0.984915104735121,1.68396536069762,1.92943368777542,5.61835268426782,0.946718053745032,1.72654101582097,1.59781787118799,2.21178807662276,NA,2.85730421596016,0.93120685537501,2.24489362381055,0.729049882782873,1.19520829308316,1.10594864397458,1.76888639030758,0.672135855765488,1.18919585486856,1.46230718830598,0.626037928565234,83.20521886088,0.624171863719759,3.77219559998268,1.20409221865294,1.35007760524791,0.985975742874087,1.25772882162898,1.48792480496342,NA,0.691881674246471,0.950964835021255,0.93619543590129,0.979708743583668,0.853580005497348,0.581011646797099,1.39472217137586,1.56166161374223,3.25548006052854,4.20645078379009,1.10698179608552,2.73545929344189,NA,1.16324704307226,NA,1.57410836862057,0.988853547780008,2.21587638501873,1.07474096529565,2.02881693329492,0.355841396558751,0.960418562644285,1.71131709335293,0.443849655647407,NA,0.884523726584826,1.45173148445464,1.18771203895717,1.34746615240068,1.79665222245368,0.800021922215108,1.28369658670706,0.82595457681662,1.26934237026525,0.931776967000184,NA,1.12635256651406,2.40940342192686,NA,0.922201126348597,3.03140058879544,1.82915598678823,0.854677832697038,0.771467635945393,2.35681516409297,1.00408475516395,NA,0.827732323505157,3.48665869214638,1.62514433592593,1.21410218287065,1.05167538281297,0.997665177129148,2.79980087278623,0.899206494920047,1.47210908076102,NA,1.33232713310303,NA,1.26709471646249,9.17612665006897,1.06357601658326,NA,1.98695618466452,1.61211432061264,1.68847851392953,0.704035500583586,1.19144255925486,2.47492671012869,1.77625906672972,7.37192282293863,4.93382977617292,0.527829828400844,NA
"sam_39",1.0249034904982,1.06399353323678,0.565082772384734,1.05782229406435,0.228801698921143,0.915722293105685,1.02815507618241,1.31440484789388,NA,0.636971236002368,1.1289761722938,1.42300334031911,1.50620935829786,0.745998038055777,NA,3.53727111920906,1.01913263324703,0.639159295185843,NA,0.685429860468229,4.5578721572343,0.880088747485504,NA,2.02953628286629,0.579151562076182,1.66616143407221,1,1.1750239699406,NA,0.872751733081444,NA,0.237886887572627,0.946299032958421,1.71766468918791,0.864437977281941,0.388888927548665,1.2279203722526,0.589211322954555,0.769401138541818,1.19683103201658,1.60360403220899,1.07130965694637,0.317728493527985,0.753262171220802,2.23192124981272,19.9262261457945,2.32131457374837,1.54290862839038,1.6115478283886,0.641063062004136,1.13731295180138,1.61465124732721,1.11982456422398,NA,0.0259341790304108,2.75968407848572,2.29323904532774,1.08815510475501,3.03014019333353,0.474174385268485,1.2326314311147,0.84045275056284,1,NA,0.689892429499486,1.43380463229742,0.650974405093488,2.0662161684107,1.04493476565623,0.872339602181339,1.06086311756313,0.614159208669367,1.04430189699607,0.232734787991714,0.323034093572425,0.368134743544368,0.537585306877875,2.06239182791143,1.00644935225273,2.75377031190327,1.77497015665906,NA,48.5855461713717,NA,0.527301459043726,1.77487594212793,0.948451736536101,NA,0.0829605623109788,1.28595568494447,1.89530891521849,NA,0.889947549340604,1.08775141015052,1.47762880436412,4.43580233162542,1.52802137746077,1.87790046790857,0.582926823590977,0.431838504849868,0.94126172583178,0.385435548820826,0.403590592549028,3.9673246355671,1.63425696503424,1.02087039715624,0.670462267412711,1.61228486340356,1.04477801245354,1.90652705214709,0.952026357188075,1.4575519707332,NA,2.08224450615179,1.03300769351057,2.26757177585932,0.758028490134853,0.817330061909547,1.00629881504987,1.02425959430262,1.72756842099869,1.25507247677682,1.78259898856981,1.03896241754094,0.69049801412591,0.714155975576776,0.438567058938224,1.12760898186458,2.46070706947196,NA,1.31299637226132,0.754897248500634,NA,0.497681356003781,NA,0.924059904063563,0.986011338394023,1,0.830087415741738,0.855049944471585,1.06890125218651,1.67731900188981,1.27870617274948,0.255301729059543,1.2058366253658,0.733775889553016,1.14307584478526,2.48125720510729,1.12024744225733,1.28524980186078,1.11285816582947,1.14930310186256,1.29799779922905,0.467824429420784,1.3390552295339,1.11953764971483,1.10574055203019,1.3011834053096,1.49092909372579,0.437833527953313,1.96208957084963,NA,0.699336545757313,1.07362650916201,1.64434636610165,0.848831316489372,0.964565441682993,1.1052505236241,1.08218997009279,1.06845437214255,1.22111006437077,2.7654196649113,0.175408248237945,2.58456984588365,2.45394340920294,0.982754253479296,1.40579349759632,1.46998117516425,NA,1.22897212673643,1.15198529355741,0.905996866565269,0.796156927351745,1.96813669747587,0.971754917704392,2.70961780163141,0.937630833415817,1.27651884604934,2.23160535166071,1.18965769863571,1.5365212686523,NA,0.839174793356178,3.12012362039397,1.29733870207967,1.74882761795258,3.96351238043691,2.36328154774061,5.31510264524378,1.51130423747511,0.735174322757792,0.909557322570261,0.993497728444358,2.58120697498525,1.43996159878107,0.626552762246179,0.954062307364656,1.18930840552108,NA,0.562284294168486,1.11157376057818,1.03973875276036,1.97916881451456,1.19514678592896,NA,0.710870527665966,1.18588178962701,NA,1.65343034232815,0.938648575889065,1.45974827933192,1.08960461008552,0.487397209445339,1.18671629312909,1.18473128716559,NA,1.00843757912911,NA,2.46891432971967,1.23430622592757,0.969227142197676,0.689478467891805,NA,0.422004822687489,0.91197250746902,1.10142416379589,1.09320240664536,NA,2.52850180995612,0.579170229138862,1.09490051899102,0.789086090669255,0.447763159276002,0.955028273870939,0.868192068061788,1.13504707881765,0.856818227011679,1.70240594276247,0.530379730655952,0.22583648911214,1.30915486042066,0.941959169836669,NA
"sam_40",NA,NA,0.248686382717599,1.01749420058999,2.32573789987515,0.986127188519618,0.955233112813508,1.16019413794065,33.0761251959669,1.50021549084606,2.30368595141767,1.49295613152184,0.729359597967958,1.06267368707058,NA,8.98444074506975,1.18407640440779,3.28238230483834,0.431737240466106,8.53311829581334,NA,1.0941574817507,2.13603724529707,3.0314332889851,NA,1.22212617300057,1.47402249203286,3.97080340029406,2.27669432525004,0.783662860634092,NA,1.03816985390456,0.751913269338131,2.62168582148822,0.96649058625671,NA,0.960771364452573,0.907268632658787,1.27389975182544,0.0531238892732118,2.43385984915554,0.751087209995162,NA,NA,3.51486456497057,33.3948010267901,0.837135106885388,0.723583915106107,1.13667165032185,NA,0.741770489753314,1.25296538099327,0.998086997103527,NA,0.742012932689902,0.747740702801924,0.951444142470673,1.4283523491737,2.96003973741118,NA,1.28028541972545,0.918441825446721,1.52355678061827,0.689771978112911,NA,1.13886729116365,1.05087456719218,1.2869466608972,NA,1.92886983048074,0.819321304553945,1.08229704749174,0.885582621164873,1.1082383146605,0.93426347417989,1.90691708730595,1.46057624982299,1.0287724204297,0.630156625951672,4.73705161575044,3.56166850364971,0.96435172224104,20.3473486183572,1,0.97377947830128,1.12445226769219,0.779087910193634,NA,0.320391424105995,0.821817397052505,0.573492157642319,1.15508343369133,3.2595353710693,6.65577104854346,1.28468299247948,1.11311448307915,1.92934995578377,2.71056556142909,1.10366128593018,4.59121162576862,0.795434327865528,1.71686408319939,1.45191174220653,0.38136023857154,0.821716523030615,1.15717814879607,NA,6.40444964081875,1.78358075862782,0.585785919188944,0.868890435465849,0.994045963820609,NA,0.647676479401628,1.11761888418314,2.26072427136603,1.3183368326864,0.931753544835315,1.1756118221108,0.857012877641327,2.01563361833644,0.864560616609021,2.59134624907877,0.693032632043152,1.20736235862984,NA,0.568715181410472,1.57017291109241,1,NA,1.0149624052824,1.8045461277829,NA,0.540421604538909,3.6234657296327,0.858952357859914,0.661619979628719,1,1.41486762053291,1.42385170114109,0.737965551260955,1.31424998543369,0.989652739400187,0.384424088727153,0.898408144850127,0.851895938948079,1.04843751975991,NA,1.02079325899728,0.729830924603351,3.20926525157489,1.2100083077132,1.98455180845108,1.36913818355033,0.748390360605935,1.04819520792553,1.06142342355611,0.575424779821763,1.28631335783731,1.32978325043713,0.920496955192801,1.73792638919543,0.909898026180412,1.3742187519105,1.90181421840766,1.10043520815949,1.53123160637995,0.900065153484068,0.782533376884966,0.983616423587789,NA,0.849597053978629,0.238767772256058,1.79980768660203,0.173635108593878,1.15950002426013,0.814160899403849,3.75826359448356,NA,4.06504250950355,0.503755945457034,1.0611444326418,0.950880226167041,0.686982570355338,0.659476490775764,1.0528884057831,1.11756665923458,0.481331128993221,0.882204202346418,0.963923312519547,0.956588815678952,NA,0.56038771829405,0.69010001380067,1.65327165435502,0.6143856680479,5.89378903424862,1.29382350274053,0.506558354048137,1.11289807769455,0.793827459067517,0.82724946747088,3.00404777590725,1.84568114394069,0.781341378678202,0.990111398204466,1.15873202367746,0.566933034508539,15.4344745448352,0.368855522598221,0.575510701064986,1.16632766410613,0.656103015955944,1.85274642681785,NA,0.758304145169957,0.811218099958192,1.78808071073842,1.07846335361955,2.18991825591441,1.30338262376681,2.36855202567531,0.295205960080708,0.877459089258097,0.982774175304978,NA,0.883319443441887,18.4261329479328,2.1086803922662,1.15240588718332,0.564849547219924,0.442678861924125,NA,1.28648525459033,0.630056690196292,0.653198599659787,1.18626376785448,NA,2.21618688630089,1.10074320908557,0.798689623618063,3.27349132377679,0.79558633014431,1.06618052190356,0.99664633024528,1.73640740224175,1.1495022727533,1.78353462144481,0.411165804080342,0.684393024072676,3.03587891944541,0.764532607737369,NA
"sam_41",0.746588811819683,0.76293128736324,0.512062971287375,1.25548581873253,0.681006946953179,1.12779383798571,0.980271067377531,1.0833597781852,NA,1.78602469859151,1.01446108184937,1.17373395394736,0.989664282798881,0.825073026858115,4.03200597691227,2.45434614199715,1.03567803561615,1.29987397939549,0.532639671070038,0.413067572336571,2.09497930708094,1.1367012290263,2.04499670800395,1.03922599292545,2.91720998793576,1.0310257636708,1.36398626854292,0.193053545690571,1.29408533534763,0.711395282143845,NA,0.855476871502781,1.00777103582895,0.653842425746813,1.4534852493284,NA,1.24485024910023,1.76162873738986,1.31368782066378,NA,1.95905694713961,0.646674986412154,NA,1.07198048996533,0.137606361026011,NA,1.20001882657723,0.611528058345794,0.207211979426923,NA,2.6218862187196,1.12452263121511,1.29004222964973,NA,4.40725433633402,1.32356315956903,1.13598854303887,0.986507346379966,0.829236699981473,0.6764325365948,1.527802571119,1.13639269546866,0.56906844490621,NA,NA,0.805890452938046,3.33596021506643,0.808537782261394,2.97021460517009,0.961799937881006,1.61715572696045,1.23260037576164,1.22508135755287,NA,1.66137332024059,0.391692447423769,1.23042262741135,1.63154011558934,0.893823091513168,0.817309334550731,3.39639301340379,1.06751995978815,1.01210273435968,NA,1.10027455207125,0.91936740772398,2.45670362647827,NA,1.89984583449804,0.915808056756416,2.46349110286421,1.82206624331814,0.702474129217409,3.44577553602173,2.42183147124494,1,1.465453219205,2.09294627571854,0.643893594694433,NA,8.78170817615221,0.729306004348197,5.37537769738202,3.93923983075827,1.26866772812074,1.81158939749787,NA,5.85686586357694,0.624689547910319,2.07194029791675,1.18618486883907,1.92266674218548,NA,0.976153995111029,0.746714265254754,3.07986769905845,0.711292952962757,1.55461616130427,1.16611509873788,1.09158921250145,0.789901914341772,1.05666000339498,2.95995486309085,1.35301960844194,0.678791213556398,0.379649838596474,1.5937828680738,0.781878446426172,NA,7.24703562899471,1.17754555221832,1.00582910437482,NA,2.42508252471943,0.612514194934124,0.763879965872594,1.17861006840723,1.49329294259843,1.24639149450642,0.227121463730341,0.864310328703524,1.74833588870452,0.829701147526777,3.20812965129347,1.00538041607899,1.18099821203696,1.37223554458071,0.661216498356605,1.87702470501704,1.45174187882054,1.64828062288181,1.0814546791463,0.954897800926174,7.34748672445348,1.49998406821429,1.55686352406689,1.61885193085107,0.824563055367756,1.89370532384346,1.64256481776617,3.26638978046589,1.21552072126312,1.0633270118853,0.294640585716362,2.19072262712936,0.972765837212805,2.45336750284609,1.02200268956679,2.80741597290319,0.92324272961825,NA,0.532457888551365,2.75727556799594,1.42834207400401,0.177040977252108,1.19592180256358,1.30210255233711,1.1276900724164,NA,0.181290832608595,2.69294410724808,2.31138677461061,1.39109334612312,1.44606150399588,1.36908306601933,1.5994959057058,1.69251529693206,2.1223659097562,0.716003475894327,0.795817753936192,1.2238813856884,5.64920735040472,1.00856884628346,2.1198646844205,3.58370134495315,0.8801515561163,1.48967394319072,3.39747029644762,0.539169600655297,0.572634211872843,1.28653230540971,1.17794354261327,0.582738888842012,1.70523239581695,0.769685337495831,1.38132787980337,1.15133065346524,1.61890761356079,0.475205723444096,1.02063122830209,1,0.69954096493612,0.750538460044706,1.60721495301418,NA,1.60362197767966,1.93914060955467,NA,0.361996972712609,1.36461580551688,1.13569811033179,0.903303407781408,1.58554293007861,2.8688609919617,0.911884259729666,NA,1.44072548797531,0.943383918162889,1.22421854215181,0.88430874258814,1.86388204039604,0.991827393401192,1.82314403042833,NA,1.64655524730819,NA,1.00301635828244,NA,0.765093465020095,4.81858235187253,1.13473858405267,0.796675340631145,0.462925291080205,1.18340625801639,1.96787533549619,1.01353857071969,1.53207978079442,0.484711462921429,0.916068066332399,2.52666068643001,NA,0.922771309463336,NA
"sam_42",0.995312934338956,NA,0.924122825869146,1.16876399218399,0.303713394698329,0.210015035193121,0.968340291153628,1.52664538774859,0.982846338073828,0.785953488748273,0.385378385101617,0.946428854471478,0.681926965622726,0.663945634277907,NA,NA,1.25689672845525,0.25533960233509,0.723197574109474,1.48224220961812,0.227397105096057,1.08156676076173,0.507158698828701,3.49071845060131,0.35429014460686,0.937166721232797,0.372930455902949,NA,0.636483089035672,1.15931665389232,0.257652316569556,0.811812747188313,1.58319930996374,0.255938895451041,0.756768810890133,2.40038430523123,1.49009512620439,0.633750757648026,1.04633473582775,1.16182598740538,0.542959231018046,0.707175974766522,0.412149343094276,0.30181039291017,0.436900695793463,0.0879084252073678,1.25926835759369,0.63791046483278,2.51582858848133,NA,0.934671751832296,0.639260817416056,1.2272032856709,0.957165346020517,1.18430747136584,1.25798822695947,2.43974436727869,0.663088042991248,1.07842006453813,0.90168351246543,1.23291012533134,1.56423728737829,0.705996833874452,1.24000686889377,NA,0.964260717905759,1.71598016118139,0.802264249451004,1.05652966430668,0.558814304182407,0.81379609782759,0.533673628442378,0.914514780168127,1.00957854817876,NA,0.315537084227021,0.599142580307772,1.13031859625868,1.54683649721311,0.831544925578636,8.18956817109249,0.781078362153998,0.706990562820329,NA,1.10532719498928,0.846390280932184,1.31263773186078,NA,1.54048019526116,1.06066246934365,1.27914118758597,0.594176351415829,NA,0.114330746547307,0.480872379617654,0.98912689315075,0.725137861540597,1,0.438645133732682,3.27047238454755,1.27912604435486,0.404054157688589,0.445577438279069,1.20963029872392,0.853023583210274,1.55908524077095,NA,1.58992695455525,0.860876743329295,1.64894751034808,0.908482444002577,2.8270993461229,NA,NA,0.910297569299689,NA,0.876470793246971,1.28715834882129,0.941690178944427,0.930932525308231,0.540766035066304,1.35359081649894,NA,0.560287507449018,0.289033316667403,NA,1.06491320503064,0.870393440136004,0.668566904844762,NA,0.658187610769754,1.60470022743492,NA,1.90195400021428,1.98308821653523,0.950361233714979,1.52179018192562,0.417900533503395,0.964734996763378,0.231100857765285,1.64363303962006,0.469822609009232,0.935364661556682,NA,0.894078141499048,0.901385333158137,0.667130935121698,NA,0.503121267193464,0.6914164269389,0.730852906701202,0.791201392657337,0.586627640282621,0.41496042504052,1.26360162323794,1.29478579029977,1.51504361548167,2.09256169132978,0.430848099825021,0.195397366598559,1.76003254547731,0.580273944820432,0.507328342850049,2.10365371464534,1.55545633917631,1.02725755939132,1.46801357810265,1.00340357428659,0.940158479328773,1.26544379256047,0.228781098232751,1.17088783934941,0.84511954012164,0.445520092472407,0.29845471798885,0.975232347343057,0.65165158251313,2.76060594191143,NA,NA,1.60166810953688,0.827462222469543,0.744532494669818,1.64617645348537,0.560572414061987,3.68251417672756,0.763883219353968,1.86281123192392,0.451735998858652,0.758876731639911,0.887249256570569,NA,0.949329959633705,1.13314680405113,0.822501404383321,1.80571440389535,0.330275021876021,1.77285800485436,1.02560200008156,0.534418640220511,0.686997801352712,0.300022492261295,1.08832816103145,1.22817872504354,1.46571979418551,NA,0.946801635784866,0.619444052539459,NA,1.71939521698009,0.957093629782003,0.932936604703394,0.521609039011784,2.31226644655906,NA,1.4947190471716,0.979844662679051,0.862522021195443,1,0.78408537536012,0.820354828841882,0.549404258060593,0.579496842429206,0.948287574630807,1.26579342737014,NA,0.720919038551004,3.64760130027182,0.575821659590684,5.87019534200874,0.453853137950645,0.2439408653739,0.769314382493386,1.43777000290831,1.70687763057239,2.2799512705611,0.772255818032957,NA,0.647661335986079,0.770362836262857,0.906522588479205,NA,0.55778278249164,0.908628435114087,0.71592322793512,1.36805034965217,1.2440520939727,0.802488326258984,0.691107731798543,17.6344730499499,1.05548165783633,2.27012226581726,NA
"sam_43",1.098821976871,1.11908215631077,NA,1.17948727321067,NA,1.02333259803466,1.14692228359746,1.16889960645923,0.310082710608178,0.473555336170631,0.793566707034582,0.75944715945277,0.996017613060435,2.09746656270245,0.698966212296758,0.252242909056513,1.12977478834947,NA,0.996401551995543,0.808971047525988,1.88198249996486,1.37932185610462,NA,0.603404890165844,1.78832292135998,1.48621126703741,1.76623053701715,NA,0.748893309987419,1.00741235049025,NA,0.913024702543804,0.760431057635024,0.368519370863268,0.462148110215881,1.85531136110963,0.79860522478855,1.57198753782379,0.921748944557335,0.0709918594249624,0.865075224300817,0.545650651365928,NA,NA,1.50397597813632,NA,0.444226939321977,0.584280319374515,0.89519396979181,4.26436421787159,0.883231089334474,2.962478493555,0.676898522173825,NA,1.50051600025798,1.20864297267217,0.884988711825757,1.24766430718238,0.643970326928512,NA,1.09371611038926,2.1672123596671,1.04857972199299,0.631121316582714,0.367866754200948,1.10067963402687,1.02855532243685,0.87785574720289,NA,3.90306722330953,0.877988192124915,1.03527763761305,1.1287658317082,0.505576777902506,1.33062417702753,1.62947145784581,1.59665821848095,1,0.608454927680821,0.697477137701,0.55365125723321,0.905118570303173,1.16714863055241,NA,1.39547819632605,NA,0.633968290431364,0.68429311061516,1.05061550750633,1.34909783539228,0.628469254536721,0.714758533570097,0.988671287963731,0.712169672775488,0.551903048124103,0.310790495082079,0.483767284085033,1.60890327569025,NA,0.803334506162411,0.781284036258231,NA,0.758772431798417,0.705593612574891,1.0244954656491,0.797712239868056,NA,1.11208863419685,0.965635375990352,NA,0.834686219779606,0.688979606451843,NA,NA,1.21285099321379,3.66971776522205,1.43644282680667,0.721506506004713,1.04042287976526,1.05422086400945,1.19831301840321,0.98150888270931,2.45637406415645,0.489783395024389,NA,1.07478342580037,0.640932807987099,0.917228486053507,NA,NA,1.62594494874223,1.17121182336834,NA,0.954277821454422,0.68198880283805,0.996013273774477,1.20677450134367,0.805700290847538,0.879483300725061,4.70951558690781,0.462810094940945,2.05596034499036,1.03652389078595,0.439629464157515,0.695468230081979,1.03649791623389,0.832032921027681,1.23533336692362,0.646371251504353,1.03957677461301,1.23379147746414,1.17877787133296,1.27408741704111,0.884256003700586,0.984164087162516,0.580211806139744,1.41841783191135,1.08667467924514,0.373513989018668,0.721185116062002,0.464617617537821,2.20099440348634,1.3633386013123,1.51211580623138,1,0.867955246789549,0.545200356583515,0.992218102969182,0.678613997747814,0.991167167045386,NA,2.20831944590055,0.622578034475142,0.5993237858917,0.411640277492447,1.1018410814197,0.618316125297347,0.701705717003156,NA,5.11372888981896,0.956913913286464,0.599007283431768,1.20465559358401,1.16363387673181,1.0715853209789,0.552556247960497,0.743511839944058,0.707481108590667,1.6596392861845,1.02863566342412,1.12599429860576,2.41064139721074,0.916990561954578,1.35830562645075,1.71005766640554,1.74047188619332,1.21183074570557,0.601337297131134,0.920795180564867,0.734287032835737,1.02027151744409,NA,1.03083169982706,0.38228118915973,0.69781785823236,NA,1.03662429848393,0.523736315599024,NA,0.824949162847655,1.15637322146914,0.976668105997951,0.648643731688833,0.734406035050553,NA,1.90846657038994,1.19888430723885,NA,1,0.942221944293163,0.891742987976021,0.315289321704788,1.09767448496312,1.10936557765756,1.22651840256116,2.10260338632293,0.899506307327761,NA,0.975176369129354,1.10981957637786,0.250701537743045,1.34355315581558,NA,NA,1.97790131205277,0.488813918531707,0.94464658325624,2.4458472465856,0.90707186388036,0.453931091970245,1.33650821381729,1.17680500609725,1.2340728869109,1.07487431235742,0.909169760330561,0.709672318790601,0.877097006931557,0.683162703103857,1.03969131011927,1.99931440423893,0.504796789599958,1.03908550973167,NA
"sam_44",0.706464197552215,NA,0.328100288844069,1.19376807385879,1.29258588554039,0.710486464167059,1.11134324564164,0.586984079433721,NA,1.07024387541268,1.05572289448742,1.61769939553259,0.834192591503846,1.04583317509742,5.05546736904271,1.7944074031091,0.986927091219383,NA,NA,0.510476125944053,1,1.56600752125591,0.455188352145505,0.818642589318919,1.3264386568573,1.09536001549851,4.73606754218477,1.81145931945135,1.04007047143109,0.88856880432171,NA,NA,1.44913971190288,3.40165162003719,1.39412120941033,2.72863415814694,0.935451303438888,1.11796835975234,0.920096399433293,0.103066617698793,1.35725081155447,2.78797386173497,0.747460201911988,0.702916201579966,2.34027684697445,0.474085262224765,1.4482020710362,1.25548781732412,1.68303110371718,NA,1.11020701190456,0.949218889852273,1.48961901757862,NA,0.864832508596931,0.324742914003012,0.792406153176769,3.35521700398377,0.911445821964351,NA,0.548107277403846,1.41604290570994,1.1196984809664,1.1382289226493,3.11309944599212,1.11791163158609,1.37543418386813,0.809306270475187,0.430944577245009,0.714627766742127,1.61165961708821,0.739075896867069,0.803779474849003,0.47342230051917,2.54447393355655,NA,1.30262251899627,0.891452704730813,1.19680988052547,1.74928440992654,0.756603204950401,0.933751187641615,0.39567641101457,NA,0.994102212730735,1.17672201487983,0.70324410224528,0.975179286078894,2.7965687664788,1.25373955210403,0.688637390090287,NA,0.514831699355656,0.303622325948905,0.466549768318825,2.2084933887224,0.97560104221536,1.15673848586936,NA,3.08996220057964,11.2906035506765,1.32591813750955,0.713204045230938,1.07267473075634,1.07817703314266,0.543092415912393,NA,1.36651930918873,0.708012716318078,2.21686051498288,0.947946670673707,0.893379409054998,NA,14.3214776743135,1.3819263338787,1.40580040272555,0.899572974691185,0.908858569793751,0.685865199243568,0.909125281012354,1.08960797173887,1.03327062106069,0.343371897090005,0.39412041268453,0.406602858185171,2.54579546295628,0.867128688673338,0.892775269639587,NA,NA,0.962615370769245,0.693722424537675,NA,3.02883941635134,0.813297712168652,1.15420675284372,0.442353352001301,1.27734433519869,0.8514425661542,2.58066202033456,0.792141736026272,1.45636958988699,1.20893428789559,0.97914446713502,1.18836136015522,0.915013500108236,0.796445666490163,1.32645245537475,0.600630970247204,0.427651792276022,0.719514986408614,1.26289154408333,1.19647879233283,0.939134807906227,0.739175229291073,1.31006119691883,0.889593855678754,0.974563453253292,1.04865716061304,0.477528853727011,0.664676026873124,1.89486241569617,1.93973093697673,1.84990524318444,0.571644359310185,0.87684238176951,1.11024993658883,0.858037866684811,1.07594296389829,1.31649631992279,0.108302512437529,1.03385701312049,1.11929665976815,1.05422644857315,0.205981142919074,0.93235216155104,1.23383387062802,NA,NA,4.44021633010209,1.14365148121072,1.03329726518032,0.892902505357107,0.979351465027402,2.8333897047527,1.41975818107856,0.605278230856838,0.73713269074898,1.37828526574233,1.09613575048912,0.980284376260898,NA,0.632615694785897,0.61307948089026,0.95685561307765,0.540525653894687,1.05133693222411,1.38456321363485,1.08371502454087,0.67932770497205,1.03217831445946,0.995519655885468,1.34297305215166,1.51837473332976,0.869851038010585,NA,0.893210376041863,1.22921571251583,0.519562423644049,0.796119005683264,1.05225894468768,1.07900773473304,1.1023929142253,1.21791863359197,NA,0.594412669007297,1.51171033148774,3.11939220521654,1.67516044256535,1.10513300428254,2.50991012342157,0.764296121455267,0.930893887162779,2.77756596024576,0.692582780059887,NA,0.402411871351108,NA,1.39515440369214,5.52091251517964,1.1459390898439,0.501709547139734,NA,0.762449196132263,0.795609319627185,0.839498598991607,0.851536673929825,14.5524225001101,1.32086831477619,2.63768507122813,1.11577197286364,1.04157903018529,0.687887291357084,1.04133006672152,2.01096383970598,0.777344896149452,0.778214388060568,0.692852292538799,0.933559417524846,0.291864061346155,3.67642608514649,0.472606877027366,NA
"sam_45",1.14315006393475,NA,0.439167737108378,0.880512627326734,4.02837274751603,1.70551963401967,0.959187549626302,0.411361675717891,1.43497425419408,0.992142026868266,NA,0.964852956699197,0.991241081711034,1.30538557818365,1.11461481990409,0.752555497654704,0.704200105483224,NA,0.766830821586503,3.87446049815772,3.50112276196402,0.699002293886016,1.14913400401726,1.1421305248942,0.348075163931033,0.792315385061126,1.25004753598894,0.465144586416954,NA,1,25.3735986742247,1.17734520182224,1.30332159815889,1.39537369666374,0.79598809744361,1.60258448239358,0.510282753479015,0.3010881821919,0.639042146047696,2.36074931786808,0.709970466332767,1.12018577798299,0.662408034541983,1.66646455157631,0.590128468693404,21.3589736747519,1.67082742522627,0.810996351337909,0.895363519134559,NA,1.19986565390869,0.468396280395973,0.624152468279868,0.519198320895534,2.99000183348418,1.09910716669979,0.88279130299714,0.966706403924684,0.191803969474106,NA,0.48296838019287,0.798251464885855,0.636593825721718,0.660839449889657,1.4881948406487,0.84994592226017,0.908072060509716,0.669346058896888,0.698031542873831,1.11630471095551,1.36940211921059,0.774690942580734,0.573027737977661,0.453932995545839,0.946916716049247,0.543227090914345,0.960385734030108,1.73413423714127,0.678162343947597,0.456474373748442,0.587963188160285,1.30835575380727,0.698296427771793,NA,1.08308000785855,NA,0.511641792586639,1.4910024156279,3.09355241917782,0.696461364908189,0.971292041900813,0.629876187919287,0.711666212988741,1,1.46755380043708,1.43242796758355,0.646322765269688,0.495936189636394,NA,14.5258574861636,8.69135236858849,1.36845988062728,1.04269047687954,1.89937512807347,1.07335349464761,0.642941130584955,0.463883566710396,1.48103439771263,0.989173736101265,1.52872423470071,0.792656554500295,0.774411356485158,1.38031595923807,1.08622311673713,0.8585898121986,0.56820142435104,1.14478080977916,0.254214494861541,0.461035109744675,0.72060604507706,1.45470798560641,1.03913772683514,NA,1.05333301388592,1.29375659283445,2.08665602762705,0.803243911174396,0.8275261782849,NA,2.54405967132484,0.826696849545583,0.436478022690886,NA,2.67605338220217,2.15061165032234,0.899327708020788,0.707927257497273,1.2988694228722,1.1953253977732,0.884992494396233,0.68973566283034,0.740727128638836,0.878096329787792,NA,0.803241722443009,1.61408674679885,1.08238061449852,0.647260997538082,1.52897829772333,1.18413139177466,1.03559283081377,0.959091237504633,1.42500617419923,0.968552944543391,0.637219573390193,1.53682561112722,0.803905568408042,1.19473424039209,0.526656521448608,0.119283834761933,0.413236663906006,NA,0.722125792396918,0.943817219397493,0.906663528700601,0.890068250731552,0.520827177777553,1.09098381906318,1.1068079549783,1.19599581962642,NA,0.687083557596036,2.10316801868248,2.47971122048887,0.975071535363451,0.747735019915043,0.82248303200961,0.026199238107998,NA,0.740121007308392,1.02833750725525,0.494760219884648,0.897822624719581,0.617349705787933,NA,1.2791351830768,0.875609161825548,1.39664917124776,1.12542871232174,0.837246818271364,1.40994132386662,0.377640295100366,0.645953825805421,0.265387463945738,0.531288583562904,0.286584224753339,0.709502714766209,0.832408723762819,0.921135254127506,1.21562833080283,0.631802537729541,0.54054889819847,0.947226939608805,0.650766691545691,0.85246713304223,0.732516739729212,1.02481357199131,0.891175498560621,0.209812106307742,1.84939283175389,0.626707356672148,0.77278796810208,0.868382469739712,0.748255809880786,1.29540690355466,0.993545434799106,0.77501751683379,0.51242224206161,0.712545245029874,0.665383008793347,0.729837905420594,0.698156482250986,0.623766592163813,0.978592187539917,0.793831041397275,NA,0.457653926618183,2.42492814328629,0.384691285622066,1.04268891590207,1.11473290819989,0.898486173844762,NA,1.64342470335782,0.650280537429956,1.26787908802103,0.829704473341511,NA,1.543715993288,0.63762845263997,1.1262578769229,0.428713898232509,0.994121439867231,0.725074981807201,1.01477191235604,1.12975970568662,1.05047994280994,1.95274013838833,1.12710403316216,4.63306002821752,0.770666494574142,0.34451845254087,NA
"sam_46",0.615390829357212,NA,4.78824427207427,1.04976298651324,0.88071922779361,1.35093149252008,1.17488769376794,1.0063107599198,NA,1.19433098724158,1.01914245190332,2.13409722983369,0.8901311509198,1.03930371777229,NA,NA,1.1037126213652,NA,0.648082652672836,0.819984677128382,1.87754642595269,3.7293641742426,0.399057157995694,0.355152396422768,1.74128878488174,0.509867695233287,0.562012091144357,1.22703877390538,0.475249006238305,1.01825722604668,0.473449664653324,0.6394421222325,1.23439358945807,0.151885943257593,1.00549529613803,2.99140520911872,1.00297239176451,0.626780438986414,1.11137971098552,0.940754123867445,0.429687867076634,1.42824062554686,NA,NA,1.66489571731608,37.1507215677578,NA,0.762559593952724,0.206408441552322,NA,0.98394443525769,0.983130657491484,1.79049571671139,NA,1.91496421049135,0.973369200054978,0.951455961866215,0.721475555936839,0.956914427499397,NA,1.22088337414071,0.726475548948085,1.36132577567158,NA,1,1.00236449931094,1.21027931131123,1,1.14758412576845,0.916798965216316,1.53088003408245,0.682949297979562,0.822768937997183,0.219522881017546,0.629639542905576,0.833001232300443,3.32885264990736,0.783700357348274,3.61390914500299,0.77131108765792,0.627513176452987,1.58022365944958,11.6952275174065,NA,1.04069628923884,0.87048873663212,1.14052207441116,NA,2.93204322130734,0.500596540941421,1.19177259931332,NA,NA,0.142580482491913,1.03655732285015,0.494407886114957,1.35979946519429,1.71562916131034,NA,NA,5.76724260893711,0.667290759910865,1.7878683594425,2.03929592771172,0.767879071592437,1.29044318163239,NA,1.33958402960469,0.860351738480035,0.823988576232967,1.02821979963773,0.812197093251562,NA,NA,1.09861153873828,1.46733083035606,0.915706810026201,2.07551838885197,1.02248309589937,1.0385674163801,1.22164463914912,1.01134086309122,2.21209625020915,0.840811240498547,0.901398274328525,0.937585284011982,1.11751080369725,1.19524479022743,0.681945991703933,NA,1,1.01356071657155,NA,2.79772440841365,0.694488422334745,1.11469987050359,2.08924543154719,2.04547033109949,1.41921811212621,1.19859729919831,1.5077467305953,0.459188629312641,1.30071372681464,1.99682192619616,1.47437657260998,1.7834698570749,0.86879611201815,2.56694865693615,0.96945733938493,0.243988735076297,0.81537499086176,0.674174173639214,1.40476065159381,1.11359270681518,1.0199648398961,0.989461027932183,0.708452731325632,1.22096779430962,0.711881362686413,0.126022178769127,0.750575692209311,0.585234378701526,2.49721041756764,1.06279409631814,1.02395365710106,1.2662456628518,1.22251084082027,0.83538105221948,1.32822991537822,1.98289568627166,0.235230234512276,0.338268899328924,1.91816497295249,0.67255635538191,3.31299701497113,0.880199635790176,0.413470039775168,1.1434855241448,NA,2.30472700376075,0.715013410029842,1.4746257343423,1.54092662218594,1.42427175561707,2.75321460869304,0.386823334606664,0.892943831549392,1.20087310157442,1.00601470436325,1.50548375200828,0.525942134959318,NA,1.20258476194957,NA,0.293066990623626,1.17812101105822,0.695730796292061,0.675768078553828,1.02531294117278,1.24490990050132,1.42000492535923,3.0608967751814,2.0980528401861,1.26192127514127,1.03056637503255,NA,1.00312433636478,1.3148849059098,0.655051673887776,1.08827484826312,1.49240535913401,1.27798842137519,1.42537460036217,1.66580964441501,NA,1.73255737891844,0.787414083921249,0.959526423880258,0.08419816181083,2.36267729379631,0.7002338651822,1.59593227567856,1.88063694604267,1.20935481854898,0.837443104596234,NA,1.03529743112832,3.57793748291627,1.70623309659877,5.00937226139677,1.95544234432005,1.0127478233551,NA,NA,0.952782641421398,0.869500231464674,0.981422561208096,NA,0.564211856051793,1.76235494538502,1.10630419343186,1.9610038141338,NA,1.31165193413623,1.53486569819207,0.967361754945147,1.02090905907514,0.905775550112393,0.351051726015094,1.7309612112534,2.05155344565513,5.62073867048668,NA
"sam_47",0.693845544859646,1.62485820165801,1.33345188341617,1.09417824388138,0.556305010689393,0.933094861287991,0.888428577716227,1.51938679872869,NA,1.1301378296712,0.488507874242328,0.828917244650515,0.638341124966176,0.740171190325373,NA,1.83961474812785,0.795964435948579,NA,1.45222103427094,1.50148623908333,2.18314032471956,0.983584905126359,1.08115722733279,3.09946794807553,NA,0.770608625808427,2.09114042391952,0.598439357006663,1.58183550934659,0.736332106539456,NA,1.21799786603274,0.863568385696721,1.13625717042664,1.43529486584444,1.43739873140091,3.90412947622807,0.466038466229506,1.0148871145905,0.08280107926495,0.189321368927273,2.11708223938932,1.28697890071956,0.817568816607037,1.20432507126205,30.1731843674322,0.688872810506527,0.63704510031135,1.35989462949042,NA,0.514655559268245,0.807159225309278,1.2178211425139,NA,0.34395671071963,0.584798080019737,2.07447969311587,1.80901396306095,0.975316822395476,NA,0.588827697187364,1.51805908636149,1.89520128056922,NA,NA,0.992799094677623,0.314381030489829,3.49310186016593,1.27134796052038,1.05580581436996,1.08251163068045,0.769430709535684,0.928520593758581,3.34493603201344,0.992061214439494,1.33768654088434,0.837118996471543,1.04992830252025,0.762795065846426,2.2031186656459,3.99502035186693,0.357259334874834,2.23464190624199,NA,1.1267421748562,1.29252928701511,1.57605652620367,0.469830094002675,1.77830765151037,1.06010191328274,0.3896188970147,1.40608108465352,0.678397755723065,0.0699482631526909,1.21332870801506,0.187281295209368,1.78856222476028,1.91334114014742,1.30249266139181,7.99635773827426,1.19300742248452,0.486541818294036,1.14931520141865,0.814685544299186,0.957664337061739,2.19287027564163,NA,0.109225224810499,1.0578363484574,0.881860036581861,1.1143843122721,1.82120876128539,2.77946493930162,0.931485494785158,1.856845551674,0.526226550907494,1.03802884084973,1.57080168100008,1.31338546196891,0.948506150404896,0.254211984924048,1.09472442750344,0.52499228926537,0.800482702533823,0.606135060478226,NA,0.623778196034598,1.1461974363882,NA,0.283718651289917,1.23104611148685,1.02720212952007,NA,1.11614157587214,1.48228812196834,0.697030380481102,1.11974403836542,2.33042056901325,1.97446091879181,1.68448268557007,1.23502596048823,NA,1.22388648241627,0.5127630199521,0.762047344641969,0.359328450969212,0.996297328219306,NA,1.27414704995109,0.284350056706956,1.53454437308731,1.06637587313882,0.315884424444598,1.12508929621177,0.526242827613764,0.547873795792811,1.96944622002341,0.775772440908185,0.890238483276939,1.95237825186099,1.35795002014495,1.08289561936491,0.63207853969609,NA,3.01583896678779,0.931848880568614,1.78358761914781,1.00403141225538,0.490906893520585,0.878378782045191,297.682379497221,0.169732317274836,0.482508583359379,0.747019813056895,1,0.75295049510638,0.490297644623981,1.96665570890158,NA,NA,0.510101390426567,1,1.22694355284097,1.05493627328321,2.39741396022322,2.05810917561965,1.27397530279439,0.510518729864017,1.44286227087615,1.1842524593809,2.22058319303555,10.606479217493,1.04542527543058,1.2887070070553,2.86416528654788,1.55117142336162,1.08890541705103,0.74782926956518,0.55689700313333,0.906326618137074,0.599107554809577,1.43015733952469,2.34606511825094,2.48842160014049,0.984688951497292,1.66073510644771,1.21882077656316,1.04297026749293,NA,1.86089827280653,0.766354083028703,1.4843104673714,0.730531762523088,1.25732421442278,NA,0.561565789268652,0.970655844120578,NA,0.0558352350226247,1.22426365724987,1.00483487813945,1.46291334750804,1.41429269661849,1.56808301665853,1.09733457479305,0.183811805076787,0.887620107096245,NA,0.562589482181058,1.21478542239341,0.790796985695488,1.00831778283623,NA,2.42740087086333,1.34830537462482,1.17565161366871,0.99759266648902,0.808433031369686,0.419011001936259,0.782335161729233,0.680245026345569,0.979467553945231,0.591315235632994,1.09357868805436,1.14283914570738,1.027586475029,1.20368817157243,0.91715420328661,0.412876274220385,1.59009178964992,0.811072231624626,1.5132696464714,NA
"sam_48",1.11649252298333,NA,0.493059941488115,0.940611141068606,2.58486377567651,0.49025977966637,0.88454827242326,0.754241570167557,NA,0.941152233615263,0.907130940582721,0.69180519430041,1.3021489570767,0.889421131217051,NA,0.904978348025907,0.981806955226784,0.587796530225057,0.364481144228088,3.82131772893561,0.884062254835584,0.578041387609999,NA,0.989696022564576,1.09963768079388,1.07019425136452,0.88225801769907,0.274749660660147,NA,1.4431182420394,NA,0.421493714054644,1.00269900203362,1.21330953693001,0.874084582767708,NA,0.926921267692343,2.00002798274883,0.968930378083848,0.275024011372605,1.52667432377592,1.21351318846353,NA,3.4017400006067,0.230686071552167,NA,1.04074881750928,0.822534498134871,1.18436887426694,NA,1.53521651416958,1.41659112969309,1.50918156403484,NA,0.694466015868121,1.02441575859465,0.922179453781866,1.7067240403224,1.17971841716971,3.74306349408121,0.674217095342906,0.61092105223669,0.480401654573321,0.486925848111548,2.08873200696052,1.02944624135081,1.44526398269774,0.327302358042788,NA,0.952447019479007,0.564340927864366,1.03471294830162,0.730929362327283,1.37756901305945,0.810193122204483,2.02378443524257,0.748283228876432,1.54102104048606,0.552900653116407,0.954809456261075,1.73277489555241,0.764147702219527,0.612099390995994,NA,0.74122988319262,0.788476119196491,0.711419352657472,0.812135820403793,0.753189231285762,1.2068020563457,1.32167158852005,0.00470972417677805,NA,0.475715254719824,0.683564379564899,NA,1.52551320537872,NA,0.534690902426142,0.552713129315536,1.97167283832974,1.51180456152371,1.2001000796783,0.91844221958375,1.05686549976662,0.789386300951217,NA,2.55730041538243,0.8279269481221,1.33792589761048,0.918822202600608,1.02935682126477,NA,NA,1.06706752384545,0.208546034886785,0.75915302007902,0.732204745931537,1.25623290679222,0.88169051747934,1.07675677424982,0.762343260075928,1.1560798799917,1.98001447173013,0.632029472910657,0.474348515040596,0.833075724819955,0.835407607153406,1.34933479634768,NA,1.09208344377148,1.59041871190094,4.95015440979806,0.856277238908716,NA,1.06300108857425,0.74648886099369,1.47152123067546,0.64760764363337,1.17273025012398,1.33818726875926,0.692245229245107,0.796777103354818,0.625898295094767,1.14265848959368,1.16578200220878,1.09724533007756,0.77874045952322,0.687743824140498,1.33112940880716,1.18486341131119,0.912382540782331,1.15739438070017,0.954805307472979,1.01300164026732,1.35961212305717,0.8115001925838,1.02266217161566,NA,1.7428405480663,1.21031185234325,1.6071587309674,0.93589809820446,1.46270004717747,0.941609868237546,0.739120316607693,1.80475662962508,0.731091623290979,1.48397944519351,0.830595768511547,0.172402293616904,1.46814037791405,0.395639823116355,0.326737798648885,5.77386992356653,0.880346555713517,1.12576225895668,1.53878902195335,NA,0.289990276341635,1.23274166240887,1.87690263381728,0.627727916588162,0.748324838678302,NA,1.03833317139113,0.749395862148169,0.840425606797174,0.486880953181399,1.02321461352268,0.582821676734294,NA,1.1347501041616,NA,1.06790476706776,0.817094557910214,1.2125152415589,0.76010667984866,1.6069060319594,0.94638102632276,1.6459525217798,NA,0.852223670204618,NA,1.24561659621861,0.381621441579632,0.827966037592587,1.23995110135946,0.170702563424053,1.06227412813747,1.86318023897247,0.907603343454337,0.580872926344273,1.15398789825573,NA,0.653749584508815,1.14893629640752,NA,NA,0.93541366475185,1.52271190190639,1.47535745630329,0.995052728110256,0.628888604666247,0.888939596059335,NA,1.05339016928217,0.479446792604183,1.4596163325412,0.810597786408087,0.984510353131675,0.868469877400434,0.674041761130841,1.09101118995599,0.817387146098753,NA,1.16815653835431,0.393763045002363,NA,13.9279286693048,1.24381014086538,1.253142070472,1.13638382069692,1.17325145469907,0.886687566847369,0.882139359664709,1.07637142664228,1.64733746160205,2.32398761767553,1.02439851384586,0.78020082130522,0.984054121981469,NA
"sam_49",2.01096423918573,NA,NA,1.00876638578699,2.03724872519052,1.5895473864093,1.03947009692734,0.778163914145525,NA,1.05978590091,1.0483647688192,0.712280102688301,0.83809242726468,1.8491912486854,NA,1.18156559501973,1.05525281598472,NA,0.805424028594552,0.733348632212921,0.970985693358913,0.601374104058731,0.85105378954512,1.68199587929917,NA,1.35210836993328,0.968801410742931,0.261511496709856,0.938726854358398,0.483045792110618,NA,0.722699161914429,0.776050806062712,0.77044909263897,1.05184457943396,3.29934116146716,0.867057074469223,1.22375274584012,0.946060202633279,1.1910886661367,1.27182071989037,1.56458152050662,NA,0.792919859923309,0.177974616729404,2.06839712512575,0.427376205195137,0.830940888750725,0.415889409821513,NA,0.781998144980696,0.499641587880662,0.91151969090584,NA,2.13772345544032,0.994697287790875,0.641313340191092,1.13757783394336,0.81465450016495,0.744648094315154,1.04935544019129,1.19667580098269,0.81300060066967,0.577861564086413,0.500972224876394,1.10612858420537,1.17230591447474,1.01613981604796,0.658316541046687,2.47406713914904,2.09645728998219,0.759397469797356,0.880662003782226,0.97029064470627,0.561116661654067,1.29132287037136,0.924609399720189,1.26348869692999,0.456676949835683,1.8229681906219,0.905193702379056,1.73021190470121,0.892781008072812,NA,1.16936072031228,1.19903898564983,0.745714199266474,NA,1.14127124012082,1.25611404035662,1,1.12025924281092,1.94054578709835,1.61950061555202,2.10494747097558,0.616880820021577,0.638235594846479,2.51939717781031,NA,0.880070567877743,1.15806988873325,4.29433431268861,1.47326934073012,0.831556706596787,1.06273851178189,0.708567256415409,NA,0.780646582563861,1.02419738057754,0.513736549732595,0.936098104502632,0.505727177821602,NA,NA,1.25616152476187,0.237844074298755,1.20631303110791,1.01401462567841,0.749880500978281,1.07246867854381,0.756737239111764,0.84445727462154,NA,1.00748198438217,0.734997659950795,NA,1.73305081344503,0.828364366381877,NA,0.941639728615008,1.34262246339271,0.89279131171292,NA,NA,10.9233947112848,0.963813533627868,0.709940392114467,0.452614560048469,2.10159990661335,1.71120534359508,NA,1.94558857683573,1.50570838938167,2.42075838388683,0.603858639558289,0.597409352564262,0.966989355390516,1.9080447118495,2.05517192870016,1.35451145190296,0.776966407923942,0.938708490089834,0.936931399629717,1.34733413074029,0.50397170059664,0.93657296834567,0.548766995883929,0.266688042261695,1.34673733879756,0.266542795218387,0.54251227005015,NA,0.812938314012252,0.802363784890435,0.418448271632597,0.612752629765256,0.636723783386245,1.13465719184049,1.01061449735381,0.790772871911281,NA,0.249179376160099,2.22364104975233,0.847739696176469,1.34090350229892,1.16133137214953,1.04588326101783,0.240920400321694,1.47569772950503,0.732759813312139,0.766780519649312,0.638704078339241,0.802334169659002,1.45860037679764,NA,0.312175159009189,1.35641671243515,0.775711641189274,0.70439989946833,1.19049074881596,1.41680528028268,1.32121403149829,0.97561012791605,0.437040466170253,0.89675580945086,0.927294662552004,0.848536753976189,0.681154849854325,0.102237483342778,NA,1.13196099840405,0.866735520578393,1.79928193404106,0.49092948650373,1.11905043118541,0.841649585302751,1.06577338311783,0.717863228169304,1.87151429530901,0.509215250578711,1.04701752836058,0.984249372841068,0.342864787597189,0.585500746708738,NA,0.886391801911176,1.01489725836971,8.59838980757445,2.64014392761155,0.885949122837044,0.812952416823789,0.511484487847046,0.563196343304195,1.65270016665127,1.03679993916065,NA,0.691603488666422,1.08532418875111,0.88074240099331,2.85189995653263,1.32566522861675,0.734858246952814,1.40102785868297,NA,0.853108803917167,1.35464673254135,0.912639946995804,2.23664528020276,1.72646415230033,0.732995858600227,0.51109471666865,1.03213537247347,NA,0.839110003740691,1.35746864587348,1.05623190061487,0.653835835198992,0.545084794497012,0.928515967480416,1.80520270466945,0.949867183892247,0.315709844820623,NA
"sam_50",2.0621123678855,1,NA,1.32393119593503,3.67312298257223,NA,0.612605901889936,0.678637934841527,NA,NA,0.648976667627306,1.50213123803812,0.845525331884888,NA,NA,8.15776710752603,0.74042513739581,1.30271707198148,1.28001868841281,NA,0.897280645422496,2.10914309937487,NA,0.392225724384645,0.459694267541591,NA,1.26791830898165,NA,0.150600889735453,1.63614930972893,NA,NA,0.744761813697391,2.95144795392867,0.538487253864865,3.4439449359135,NA,1.51440912119432,0.697968179596293,1.49574768644333,0.68595144921765,NA,NA,NA,NA,NA,NA,2.4038784085918,0.79414828713659,0.228361073940839,1.57631565231667,2.47829550126332,0.735843559284146,NA,1.36709800725962,0.661560256606129,NA,1.36016036223017,NA,NA,NA,0.885259359393519,3.35929470310034,1.09535261915138,NA,0.765375619778122,0.983216601602233,1.42927544020813,0.374146922437929,0.615500463320477,0.765717693609039,NA,NA,0.897016342826705,1.19403965576409,0.636973312281975,0.639418267422819,0.832116382684962,0.484104072718887,3.10470829693973,NA,0.736404433483306,NA,NA,NA,0.951822332600649,0.993414905145311,NA,1.64681573385287,NA,2.08572270631511,1.5599992665041,0.462394386648405,1.33053995377606,NA,NA,NA,NA,NA,4.00768275689925,0.834160015353714,0.629740895287042,1.03261165618482,1.25489921212453,0.84099317794672,0.619481426019316,NA,0.127423417394939,0.873059045136165,0.6828219097333,1.06982393458304,0.666897259806928,NA,4.06997664072472,0.844076988503055,2.15611470442591,NA,0.747549543394404,0.607780735774284,0.758123105557771,2.00512963033515,1.08851156127464,0.348648287148323,1.06285054707638,0.648770667277994,NA,1,NA,NA,19.2292358749061,NA,1.06621920324415,0.523672341976017,1.1546248411779,2.01873514745043,NA,NA,0.829040964013222,0.92936562479012,0.537776106360102,1.05064508206397,NA,0.762350789072671,3.00097483653533,1.79502645471238,1.06303747810492,0.714753203071849,NA,0.868135414462475,NA,0.600099060818038,1.24317712927936,1.81126091300302,NA,0.762133131943106,1.29876246300328,0.832479560028872,0.761372794276372,NA,0.36475769787153,1.03277002032463,0.879041473047389,0.617212105497015,1.03331933823406,0.790615430164385,1.50646433036362,NA,0.919473044026774,1.57844914583658,0.497188906464412,NA,0.408441019292981,NA,NA,0.0942475226038031,0.94229249035158,NA,1.80442481838808,NA,1,NA,0.744801570699996,0.902117036598394,0.592009729561278,NA,NA,0.750477821949918,NA,NA,0.901365980301911,0.993073486922121,NA,0.665896547341161,0.554228415625378,0.429906726615556,0.886614765839388,1.22559223227503,NA,0.776996353931084,NA,0.490836558145238,NA,0.937068327506366,NA,1.18611883799682,1.0084739318358,1.13457628277658,NA,NA,0.805946369792085,0.807310474147584,0.748307816466557,0.820279098603448,0.410377617176855,NA,0.720469893942832,1.29791773573824,NA,1.32491906082278,0.97706565880242,0.883961849881197,0.60434475000677,0.948559396260113,0.838570684993811,0.826259960589086,NA,NA,3.97595840884283,1.24124388719668,NA,2.33958661564188,2.26032956617348,NA,0.630892465405808,1.01121607424513,0.241645684498478,NA,NA,NA,1.64721656729929,0.692958434484196,NA,NA,1.70187832929201,NA,NA,NA,3.6198281829453,NA,NA,NA,0.538028492515627,2.24728131244732
"sam_51",0.677560901246681,NA,4.54872457530258,1.23162978489506,1.14122464667203,1.24103113324153,1.07813281288332,1.19620194744939,NA,0.578834464019917,0.927541407523115,0.818058124317873,1.03232779221264,1.0705692376657,NA,1.01149351851018,1.33185127376383,NA,1.91037363013374,1.7746378263668,NA,1.5961795446366,0.52710447195435,1.13155989259671,1.94005872594176,1.28240640130467,0.46897512944072,2.25185582632126,3.1853221427428,1.56484617248996,0.593399138117899,0.596599781425855,1.74120224352246,5.0496417437006,0.260438059903143,NA,1.74434222638279,2.8292714567456,1.24131632046775,0.169645220791958,1.09787879763011,0.790614384074354,3.88153009039168,0.780450525959008,6.55728256191927,NA,1.62940100723687,1.3779718439185,5.39683660432219,1.50532702314122,0.598529816524456,0.701859396061987,1.57850428442326,NA,0.793688801518093,1.10930387422079,1.28183908965775,1.26840770856928,1.09699807734274,2.91669899963592,0.758926671042852,0.902950452989453,1.59720860806397,1.35713821726798,NA,1.0701515455331,0.625165575152357,1.76475126638463,NA,1.86954965106453,0.572061640403517,2.06257254936478,1.2319506078917,1.2458761391233,1.20718714112871,1.36432191996836,1.19224335983888,1.03777726628652,4.6687985518542,2.24470148726909,1.5929916185318,0.53454180833266,2.69538340351106,NA,1.41076476333301,1.20970233225442,0.889749766586996,0.374790184455677,0.838806588676494,0.595778510149662,0.212874431685326,0.093236634818687,0.931181875683691,1.12813678837653,0.751963942361613,1.76777526154783,1.11288795331406,0.447250533062123,NA,NA,3.1834724928208,1.54284303036967,1.54036047563618,3.76041438584655,1.37564352853422,1.47843729038104,NA,1.46890925105284,1.10113165032363,0.513144696736173,0.752943356314671,2.0162338905751,NA,NA,1.21861559197734,NA,1.46934346477182,0.371602663815695,1.03421409701215,0.921083806249776,1.02432060787566,0.950366794740539,1.07865209176689,1.75264504670337,1.03855617846379,NA,0.234397551621162,1.1460712614454,NA,NA,0.978042365960246,3.4362628219187,NA,1.02001047278276,NA,0.918883076299189,2.22635773955683,1.52951054419725,0.795542444253716,1.88160997623199,4.68667386347289,0.914112482013379,0.40111996647354,0.847727874857745,1.36826857329058,0.86339881481527,1.18005712197155,NA,0.927404552350699,0.996657309675873,0.315179424570795,1,0.925933330666718,1.7809329039288,1,1.34359377479159,1.03910600663668,2.99570265423786,NA,2.08293156124196,1.25862674879265,1.85777155941035,1.04359805946931,1.53688775590282,3.54885903923322,0.815481836933213,2.13816745163376,0.929049971906549,0.492942734031615,1.54984596452849,NA,1.48408561134824,0.799354847857604,2.02824209292196,0.336183873525663,0.891885583258881,0.90143135707028,9.38632682393806,1.07164931395636,0.542932462979011,0.579345653597488,0.519644917414803,1.30306323961723,1.0878258846834,NA,2.08014176094481,0.783314685929708,0.491499075629126,1.16339429243471,1.43997192896408,0.912629993151139,NA,2.87283251790115,0.639341123162152,1.52179060774671,1.06307975108595,1.42096743215473,1.56259113443415,2.75184961048703,1.06756407972179,0.433461190190843,1.01266279203208,0.778999396106629,NA,1.51456716461746,0.545991645672459,1.05636562787132,0.757954287032982,0.318614748181285,2.57507739303132,1.02092214809674,1.05745077696137,1.60421393570675,2.66146154012843,NA,1.34056890180089,1.35562645882311,NA,0.0705926964974907,2.87246909957388,0.798472592515334,3.95062087641157,0.623983084958234,0.301044633723362,1.35453271944155,NA,1.08125353644854,1.03838935228461,1.712445100297,1.13515026397887,0.651726103781573,1.55356040822147,NA,3.06809034291317,0.85426001447795,NA,1.12480219501298,NA,0.199843725412725,0.949674667463486,0.622107822909663,NA,1.94597665938994,1.26034359562299,0.496416403078396,0.858454885800354,1.55681049630462,1.59040890183504,0.556804876671345,3.87593782095682,NA,9.37182960718828,NA
"sam_52",0.842507157890172,NA,0.167993884323834,0.951516742623264,3.40999031212766,1.39099274949909,0.753096052781249,1.02471761580025,20.8341137677599,1.10633543473343,0.525955697189099,0.689430846872342,1.06373254204709,0.918434539809291,0.35386904801083,1.48376936366063,0.593025439946573,1.1668192775184,0.327298659935447,1.18003159760911,1.10897893404172,1.16193801998084,0.487525926691666,2.33961411822251,2.16271102168416,0.914508463376693,2.01255620988277,0.818642793462213,2.46860759782841,0.565809782295016,NA,1.27148561901354,0.907589356940114,0.708196955874928,1.04882757880763,0.524793532837631,0.997027608235486,0.335712169394983,1.87637959971796,1.59591029398347,0.699186013569573,0.960447119243558,0.782679133291557,0.45084806370936,0.505288299823619,0.111192492629181,0.987956530978631,1.41973228118691,1.48902451847782,NA,0.855587856451309,0.657647680267583,1.12865610906173,NA,0.75586972111132,0.790171092784043,0.427967575237872,1.11293865358484,0.371583622800808,NA,0.987616921180067,0.668379787158369,1.02684856482505,1.4830871366915,0.896388859223596,0.758815051463059,1.34720756060442,1.66878163469559,1.36401267633918,0.714781473660531,1.38761795981973,0.46736976209736,0.594199828909922,1.76944595350472,1.80381247994394,0.53284047322311,2.14400402464137,1.64059122128228,8.40725035312865,0.656061457978492,1.31997174003347,0.796754868899536,0.618229077586067,0.734179743547032,0.641193061197591,1.13272201299108,0.808020384008436,NA,0.165402285640717,0.579921676047099,1.0814711462083,1.22626384546509,0.980757410617183,0.208681053093501,0.881926233440697,NA,1.45338396806078,0.605563782081897,NA,2.03066919323478,1.13411427386803,NA,0.633102724122135,1.36395156782452,1.1782262359974,1.50634328365317,NA,3.05788790797628,1.02717215554065,0.30267975908591,0.839668026038868,1.06025779300595,NA,0.412610321117693,1.29183737232306,0.285949610261323,1.01950503962916,1.19573698562802,1.04446599534959,0.976857751177266,1.39164474198693,1.18361303099906,1.58485630721584,0.573336513947197,1.0771269123348,NA,0.672123179133875,0.720322113681765,NA,7.80272041884886,1.01181352587259,0.553598506596605,NA,0.191806066082293,0.970408581119609,1.2040903689273,3.13131034881389,0.959008771617268,0.968839457141879,1.0552259896997,2.50359045579564,1.07025930601303,1.28188685109995,0.858154278335388,1.06440942467387,0.730025833220395,0.837353042344616,1.03199660455276,0.948353329777507,1.00334269032413,0.632475775475502,1.28733344235897,1.13683480776558,0.763199763828831,1.09699229185854,0.840240868596509,0.986718379184506,0.815274857716912,0.518210943891157,0.179256904981845,0.928372937770225,1.37587249585634,1.96168734929088,2.13359481922829,1.59038150453012,1.15409518724782,1.02239217603032,0.89229343774518,0.64745494572084,1.88151000320352,NA,0.621655998165676,0.84148408389637,1.15726344973916,0.168072326417671,0.811421986197409,0.795129363251901,1.52164602581286,2.27743525637662,1.05340359266543,NA,1.05027406654786,1.0446582658179,2.16319217739213,NA,1.03760639972562,0.734568141294759,0.978893393462277,1.52269798311244,1.1336555480415,1.07910116081559,0.433986368192823,1.55694614766559,0.211591163192777,0.716609627083164,1.6163512516392,0.831680078018411,1.4528669262227,0.36550107643581,1.15632823673317,0.846597657591215,2.63920529962366,1.15209571211974,NA,1.13800080380924,0.288175704635189,0.974018426985476,1.09584637268612,NA,1.28787776498317,0.934270537166415,0.943104016289134,0.490039553748325,1.99688556249556,NA,1.62417138001238,0.850216354003322,NA,0.111542648839135,0.616783587703734,0.93600737175494,3.47970929882881,0.937132979536399,1.11916580770999,1.04940672321939,NA,1.05643702782778,0.762291529997956,1.07636901286253,0.933502731134481,2.18645456046322,1.14399321496301,NA,1.9610632348531,0.623382703521601,3.04593736583338,1.04504210844371,NA,5.52987836986411,1.05840733246773,1.51962668570907,1.4702367960813,1.15322827804945,1.19717392809106,0.832296640738194,0.936269680921161,1,0.569944546618319,1.11175643445601,0.786941670345025,1.98285121968239,5.195735625165,NA
"sam_53",0.77919200380015,NA,5.24277875522585,0.860076919152766,0.8644791368449,0.705579891999265,1.0807805954027,0.581003236625671,NA,0.830714068976646,1.15156605677762,1.13759185821765,1.92753229011263,1.05878194133379,NA,NA,0.822776735316822,0.528223321222409,2.43879810008436,1.62431078610783,NA,1.0256262913727,0.703937133155201,1.47212965203907,0.78319569248421,1.17612494169329,0.303586355221011,4.49038103116832,1.55950014534594,0.954043395474127,1.53757727902041,0.838337226475233,0.684577296304167,0.191041782559903,1.09625639055349,NA,1.21763039080748,0.59655275288284,0.820300175770344,0.742479456074668,1.50214207804159,NA,1.07095501060684,5.07401728542236,4.56223250184795,0.75774868615188,0.883689311063331,1.67862908764954,2.98706264270649,NA,1.31542737147615,0.679177738167061,1.35488882856879,1.59555549713529,0.46571612007639,0.866593086619582,0.608809758597909,0.467456884277025,0.553468524581397,0.486654784609658,0.237166011877039,0.985315201396627,0.822448306402953,3.68536908592383,NA,1.08448236680227,1.07751993484931,0.911977655637042,NA,2.77741057662134,1.13033161892229,0.78790023423566,1.27540796948504,0.370128604709005,0.74926441358299,1.39157040820747,0.793767385575619,0.364204625447968,0.415003212257933,0.767115946302074,1.09405625345146,0.751713591110528,7.44440692160949,NA,1.18072643901185,NA,1.03145468940878,0.913681986423519,1.12134050484269,0.72645025306856,0.733531719020784,0.920321759473797,1.55525035847108,1,0.267801359270145,2.21311765681206,2.4166230007329,1.35491308695859,0.367075336086326,NA,0.736445750518955,1.99357659328013,0.58970997054325,1.01732740361718,0.539181368092806,1.57932113764048,NA,0.186897113479775,2.01074364568762,1.6359161837516,0.876754647972874,1.47922283377203,NA,NA,0.685368393968882,NA,0.775823054644656,1.28615460035316,0.833518989067359,0.815444191266846,1.42750063954232,1.02204780617802,0.201959477805825,2.66144457929006,1,NA,1.10673477308163,2.88213586981337,NA,NA,0.995176878532632,0.903253838567931,NA,1.18960247941158,NA,0.921754720590814,1.03469057846821,3.6355263936693,0.488704893625319,1.11365211536379,0.835083550131026,0.166514764045144,1.03989681494343,1.39748556635508,0.864387810004517,0.478391975582995,1.11829667148049,2.20324448096141,0.274621527359166,1.57693215921129,0.764191987184505,0.822876875037366,1.37312977545405,0.54673914802933,0.67929551469168,0.681805439369163,1.66220431114433,0.907186190608308,0.728929355185817,0.487065222343463,2.11352610873739,0.400638606283327,0.900315210186418,2.92746749894149,0.987597288364011,0.818367286267735,1.17738440528502,0.913529169243446,1.11779104718681,0.837155940814304,3.71230974595951,3.7044288901716,NA,1.55478028334036,1.71959037914913,1.22514747533539,1.22194328907552,0.258270753606772,NA,NA,1.66066872100391,1.01277823093181,1.07488906233109,0.829619828960871,NA,1.31578542106178,0.827132603041677,1.81178955284719,0.812511010017559,0.710497604233719,1.09038107819024,NA,1,3.19730996185205,0.33531234754794,1.01146887134061,2.12907448099148,0.997266198960597,1.72679855811774,2.075710140696,1.16684371878882,0.741371640146824,0.762219457240754,NA,1.01267411118804,1.16417995479574,0.74505164546321,0.828192647090422,NA,0.285403882227565,1.90889084172538,0.877986031436609,1.88488404448444,1.12616189276515,NA,1.13749716464947,0.608255292437297,NA,11.1739874398512,1.82515491542831,0.57148475385027,0.709841493080824,0.749147931891325,0.716673696688177,0.674535507180694,0.275840994438553,0.650822421198319,NA,0.633724308866789,0.543462489466297,1.18917432835853,2.29538989842061,NA,1.24758935786758,1.01146539568693,NA,0.869711011166298,NA,3.60570541752846,2.94533606153391,1.53400926394008,1.41824312910323,NA,1.00217271669055,0.874222208573378,2.53404960551889,1.12266254647749,0.674256669609834,1.56209131427662,10.4301712582432,0.477927364292773,0.685559517535135,NA
"sam_54",0.976822356188246,NA,0.695669453761095,1.12371047431471,1.59160592889963,0.16713785863015,1.1803899969797,1.05768635366935,NA,1.42389588602516,0.69931051687709,1.32758845394566,0.748815356695511,1.11023487972223,NA,0.203634642575086,0.794883080573039,NA,1.10281196844997,0.536689703574003,1.08932953705986,1.5134811964552,0.735676897553912,0.553416898934329,0.666319200861697,0.702775816782783,1.38693817656062,0.858173988025298,4.92182538164228,0.961254874847393,NA,1.17078106664231,0.880699348377033,1.25012206902517,1.43990503889045,1.08486129266621,0.605739178390583,1.00446113558619,0.803404657506285,3.13002686857976,0.74841909663427,1.06469239455285,NA,0.684624752796132,0.761569389051396,14.3699357025291,1.84684620784264,0.51300432329488,1.07388425904056,NA,1.63028890909138,1.39142735574015,0.58299283958939,NA,0.412001044518567,0.564093399575562,NA,0.79249291543227,1.69044473947912,0.964902244788645,1.33989033587588,1.22393882653089,0.986002099494455,1,NA,0.885793400595609,1.33236354145594,0.392996868670402,1.08838830282131,2.36006510698455,1.18495088856204,0.874891578633804,1.4179960118789,2.14754590301418,1.11742242240572,1.23904423566675,0.816007640354566,2.0471453012062,NA,1.39164039612458,2.01807160592281,0.627507409656742,12.7615329367972,NA,1.06404923827955,NA,1.37498363709233,NA,4.5873567605149,1.54309357643238,3.2558533153557,2.41177338512464,1.64639685949654,0.850228597002778,1.1392185479366,0.841867165122796,0.684287400119193,0.307141243970903,NA,NA,0.761023700870698,0.589448605209528,2.39034984492703,0.103548270642087,1.1380913532412,0.906572118627047,0.564005260320825,2.64214908376084,0.989242408555356,1.41927552456554,1.17374478769598,0.594936658029142,NA,0.739137451041388,1.01829250335175,NA,0.730053372238824,1.06100144469907,1.24865461043027,1.14485391622672,1.16011720804549,0.638560219687739,1.58671135306032,0.89797394879532,2.36528638569598,NA,1.90709247541058,1.34095047132721,0.440103898691056,NA,0.877872807137397,0.573548778518235,16.7166364550589,3.93714634870717,1.2178111413331,0.988609655811098,0.410477498028269,3.0750723242637,1.00657771113077,0.936326061061404,NA,1.23026441631525,0.960801384234204,NA,1.0327821940267,0.989850937395097,0.67804225607146,1.08893443911816,1.21921977854905,1.92838223957882,0.574747202337643,0.949139397747999,1.44946659564401,3.45101501620439,0.987866307176492,0.59311069692645,1.55522498850274,1.23408128085913,1,0.346279070850583,0.791508176618322,2.14445765162974,1.29876075286574,0.786589845771174,0.63750287317166,1.00908443237459,0.556412370188152,0.878858258970975,1.8058388548693,0.728944223831032,NA,0.519681678852512,0.891993010281736,0.309145920624094,2.21079272590608,1.08606064223138,1.24749325953467,1.77774837415822,NA,NA,1.11001062995737,0.630124891842832,1.40942310574091,0.604014665350543,1.0340404987913,0.826769774873181,1.17984979278606,1.49431728494721,0.496779370372769,1.09033974524196,1.33117965973276,NA,1.15298872283622,0.805574397477544,2.27305233428078,0.669680281086362,0.569243385947345,0.662710178126627,0.992677893480806,NA,1.39766872987089,0.616923211062342,0.515164715135183,4.64945142540344,0.751662863105489,NA,1.00552989981143,0.730077637925425,NA,1.42203249225347,1.387229136665,0.902224949164006,0.897195644981744,0.429749792666512,NA,0.893336444549956,1.65302697401588,NA,1.98922849286079,1.02406672486654,1.28665135958131,0.844494014348498,0.333391452259786,1.47299138712772,0.78683380358647,4.27309958429591,1.77426384801025,NA,1.56783549280767,0.840848327175092,0.6624233197713,NA,NA,NA,1.34796802180705,0.666226047982922,1.19967086586628,NA,0.256799849603703,2.05668351810133,1.18055700805348,0.804968019717905,0.934792670005752,1.14903351196263,1.28347381516464,1.09239454502029,0.892895804020782,1.11806431089519,1.53975269399905,3.15941742130657,0.988691270338295,0.513666828960943,NA
"sam_55",0.773202648416546,0.439094323607895,NA,0.77605821185605,0.834034781767556,1.98099869417915,1.05822972496999,0.80276296447855,0.760280994900505,0.606565168166937,0.951239223536866,1.05243699640273,0.730655199073997,1.75446095283718,NA,0.216287558900069,0.845742720847321,1,1.26838695065983,0.967020137643523,1.36910134321951,1.10369178293873,0.615300808118492,0.788019995318199,NA,0.762422916766866,0.649507542415831,0.668618255453147,0.380083573793802,0.90278769816474,NA,1.07846013138948,0.620400393543852,2.22085082417905,0.688930575073707,1.35655005043344,0.723050421130997,2.49037693900228,1,0.0469585227279168,1.03170005202511,0.73487072996076,NA,NA,0.702587831745418,0.0785700851837499,1.36092442772188,1.0547536763668,0.636718169706741,6.08679257281745,1.36507686789324,6.68654565351103,1.05442320368607,0.713125521700066,0.92655403032992,1.0377407048518,0.535203661420534,0.662207047539469,0.21216516583287,0.615998180840187,1.31506993089269,1.02012513283956,0.792439262032684,2.41472172776633,0.446142048513543,1.01829402612256,0.640728996350743,0.992271474279631,0.329710779414362,0.8976301443305,0.772300292082909,0.864187468415114,0.755276964918513,1.80647292646436,1.4107111711195,5.61195966707997,1.8971435832918,0.444651627763582,1.08446202187844,0.248761021747858,0.321075723833122,1.257818878895,0.900929512314405,NA,0.945311826904431,0.801094582888127,0.736886633812758,0.305742877913871,0.412850825675968,0.534312997559168,1.57254139601717,0.0122794069004557,0.388155902866364,0.91547754675291,0.682076387550633,0.926401310263845,0.962124506900474,1.23971914706755,0.46077308007922,0.5946760118547,1.00457178911431,0.678734130092856,0.511593334086414,0.981666809667706,0.938901359323026,0.947844801757758,NA,2.8738777995323,0.92718057410975,1.03088209693953,0.990712903369394,0.411544419731406,NA,NA,0.582500958585033,0.714690124549984,1.03099929728089,0.813296231946627,0.667483936128306,1.02820291926629,2.34315504342094,0.929434348350541,NA,0.951971339477903,0.434338137059947,0.6961186367613,0.958129532087105,0.899664914735366,1.67023859159514,NA,0.967562096735139,1.04945209923392,3.46839891893869,0.280410329490201,0.622523983829215,1.14099945442991,1.24157901229594,1.19047260453846,1.38717819943907,7.59369438922663,NA,NA,1.22871822107063,0.367213880477548,0.973380242019824,0.682004983549317,NA,0.601933899481504,0.763743881929693,0.655743609637528,0.6646154858869,0.607771629197359,2.31022146171899,0.619238198666521,1.0540896400431,0.652155497987072,1.69449192911948,0.980620312400135,NA,2.5643732829441,0.60039734057383,0.168002533297805,0.396675345897465,2.307055985066,1.07717891255052,0.720200904751281,0.385475499316216,0.960207916529798,1.50422577135757,1.24611889240667,NA,2.64354280790759,0.533017057358145,1.23418585477058,0.354003184570032,0.712616483608962,0.942089028229934,1.27233474265476,NA,1.06676733916603,1.22182689420899,1.27063127770987,0.802702419385404,1.15343101570671,0.894986186741093,0.469590883590679,0.466683439304386,1.9992988316441,1.54868029862195,1.09937685267217,1.14020011754084,5.69230550001884,1.74758903940667,0.539153852752811,0.189742589796967,0.853916241838952,1.79032134445274,0.996433199831185,1.25929545095877,0.744692698061963,0.789482243618103,1.01435103503237,0.917950762189154,NA,1.17488519410746,1.27584036446283,0.734929907658009,1.07261762996258,NA,0.874505026266811,0.945874295373906,1.00221725583145,0.908439277172592,0.917139039926484,NA,1.16755694692306,0.610049714439933,0.366792831038644,1.38280564697248,0.632512862319778,0.850859592684988,1.01441260985752,1.03182596522262,1.29984428912141,1.11068216599137,NA,0.784254772007417,5.91772182179129,0.806601448407436,0.9608492090033,0.717400581768708,1.01654929795827,0.813488034224243,1.0990163615108,1.50426286279856,NA,1.00614620446314,0.596857400448469,3.25619169791583,0.448381159134876,0.896116713140924,NA,1.40885971637873,0.843885980637195,1.15308569540776,0.978851358726706,0.802695240232987,2.7935283525631,0.733668352901968,0.6456337463997,0.170570679234461,2.16307063494718,NA
"sam_56",2.39628482222369,0.834047061912526,0.890898280959705,0.633126428446979,0.385925705843786,1.66822982745145,1.0325715251533,0.856152513249382,NA,1.33799681691563,1.09412119495321,1.13170876699062,0.724752818404621,0.630702475027945,NA,1.88835260205486,0.717615933212197,3.12237939169775,0.418054331855573,8.36343828353917,0.45201876041885,0.595635073933984,1.26049271174334,1.62099444652494,0.648257814948924,1.00670342115538,0.532688646961448,0.638031141374954,1.01521412683692,0.617167529599493,1.11715169710463,0.852631058080582,0.637586995588065,2.17658511689386,1.12949419559564,NA,0.527691541767957,0.494855830695163,0.787734729227684,0.0276316785455327,1.55132223118184,0.511883881111142,NA,1.1484813896769,0.297698917680816,NA,0.762893180738563,0.443294140073196,1.68922336554158,NA,0.817005096761421,1.06317497225242,0.991582073042342,NA,3.09166908632112,1.05852673532312,1.46841188669943,0.61319969037116,1.80579172109463,0.942031196066421,0.446696198110607,0.707720159586514,0.368765639778144,0.961603942754942,NA,0.970351244900828,0.968832717602954,1.00838055942832,0.90752766404864,0.63931814279777,1.01380605502888,0.254841582433186,0.929458010618241,8.55860681778124,1.65212673426896,0.132691247327602,0.679551940689508,0.787864972605118,0.464251860133998,0.574140728577311,1.66319786463285,1.38783504137253,0.358241362206947,NA,1.34666122396976,NA,0.68835470136583,0.745597510938356,0.0368622714433322,0.82089889304095,0.845755322952342,0.00453735289375428,0.915769841402611,1.9223592991315,0.847413909080737,0.44354174902821,0.39712326024861,0.79107192379113,NA,0.568455255681663,17.2727364436634,0.363940870519138,1.468864867189,0.578076316524781,0.368706281246702,0.504336974995517,NA,0.349419858576003,2.11520907175394,2.95536302444689,0.848594063192608,0.729413226165635,NA,0.475081422077226,0.978299645972228,NA,1.31497220273829,0.887415464271605,1.00381422848988,0.676763480826099,1.03459033704803,0.935112774543085,NA,0.220258245842502,NA,0.873887898314842,0.792442756129411,1.67812583429409,0.802488512094014,NA,0.690215243448978,0.50681920387942,0.132024042757903,0.0280390148884069,NA,0.993368986978563,0.5320457898323,1.12269347420775,1.11886276206017,0.28635056155566,0.389657482110885,NA,0.749927821169641,0.942053460407485,0.669549629949573,0.408453482120253,0.547486417229902,0.440592628170967,0.624814451776655,0.306632369604723,1.24411387840899,0.641735310816163,1.01047588789778,1.08023263879739,0.781984241440433,0.268923241933982,1.26654626568551,0.689074662688962,1.61496726156867,0.207318961644927,0.710467294972632,0.606896251093937,0.769387068889129,0.179845757182462,0.657752431120336,1.15908140105724,0.279675852858467,0.888591700051874,0.740141691461381,0.705034437596584,0.30701894418984,0.238884132793059,0.615639954732203,0.522801215940605,6.26802928490225,0.934872237266836,0.46305903697275,1.5603877720483,NA,0.582196428964044,0.85745123332617,2.58903660933801,0.697577549254379,0.72063919347453,2.99596722601258,1.82571280407215,0.553363657911064,0.626630252739872,0.564726850774492,0.585312311148566,0.750793680625472,NA,0.751215302022717,0.765077861908688,0.732217539930154,1.0542640552185,3.09888073783383,1.84968684980533,0.215469977317977,1.45376609547432,0.712887510796499,0.867743747786073,0.386795453769242,NA,0.566356730946087,0.931730825169077,1.02932598195336,0.484449413546544,4.77245138614649,1.73845627805278,0.471396061518172,1.05319579325247,0.352279717523629,0.436084880517657,0.356843916557784,0.669612566412134,0.557615771331349,0.583259601731046,0.945187989063927,0.253431410957632,0.715818586444971,0.379329375178517,2.22118341496095,1.20468662886657,0.845164726811425,0.714387106075004,1.10354175449096,1.21892254074968,1.45542824224652,7.60882502354461,0.803116597036808,1.12805606870958,NA,0.695473840074328,0.602053835498417,0.605830588588457,0.897786551922036,1.12942589719169,0.433107534060415,0.888698272792155,0.480933800783691,0.492344261063935,0.193242026972623,0.856460942667841,1.20198385229588,1.66170930509776,0.538848173021308,0.869756477961142,0.379161446972769,1.29182376721629,0.255204946315183,0.219857901457009,NA
"sam_57",1.21349035005661,NA,3.19506470052744,0.733134452378834,1.21649265661145,1.19224551396507,1.65667624920143,1.58068576448425,NA,0.851899873875357,1.48423336343286,1.01490919889593,1.36909566998397,0.421456967389965,NA,1.79839012412849,1.85733041558727,NA,0.693155138098332,3.48154157933623,NA,1.58984087152342,1.62853618468366,0.618501015799241,NA,0.651738496007699,0.513414066306363,4.51765395469944,0.565639324642314,1.07824340901603,NA,0.886451336682206,0.770433529267138,1.22161303441052,0.714811994031959,2.67818403187492,0.829290761248386,0.910391662837903,1.13221222246192,1.07919119001905,1.01596573462054,0.617743183459051,1.61765263962271,4.0534400506215,1.54359522929404,5.50202741972793,8.56731751680062,1.02497428982962,3.46225088242111,NA,0.497240953629785,1.88558976622923,0.927796186393041,NA,0.635275333733412,2.16865020788674,0.602059642907622,1.12066578156095,5.30240111612896,1.50187130811581,1.45732752990092,1.34468938715625,1.50157846794431,0.362793101044334,0.75078662149246,1.53605398403831,1.51406466793291,1.98780325561733,0.674423238937142,1.02787903278484,0.80024020641346,0.918453418778934,0.956198420428729,0.913909377375833,0.897024251650464,3.54355186558435,1.11097592333188,0.410866541865086,0.793508413163605,3.63380531993303,0.419445013455074,0.64431141250315,10.8585525579136,10.1165916829077,1.27682367194532,0.747684067814029,0.669809594370448,1.35398740732372,1.72313049093388,0.87561464065472,0.434196914916498,NA,1.68769248937971,2.14168358312924,0.578227822148368,0.94520099790326,0.4819775614178,1.00891636828397,0.366242419893974,NA,1.02686352636748,0.334271450860984,0.951347444186302,1.41685483384159,0.92147843198654,0.736185791961984,NA,0.913713711010741,0.53625902451126,0.430412204998664,0.82635740264702,1.03479640898133,NA,NA,1.04626462992052,2.74486249122614,0.680955433751296,1.45383713844545,1.358610286982,1.26746987122828,1.2079106830338,1.14955402014217,NA,1.09829996226715,1.86083224347103,1.11464410271513,0.58770096167402,0.618908825406439,NA,NA,1.10529292170294,0.792612447047795,NA,1.38620708741931,1.14827253593246,0.986093077482348,1.07676114386534,2.85456878415608,1.30043057651881,3.93423139702805,1,0.275091529211059,1.55429891666626,0.394653161869791,1.11730020697633,0.380870974517655,0.403408952720691,3.22744957541222,0.827628438813532,0.473474776197118,0.587426765803055,0.861762910951354,1.36148552906948,1.31311858331841,1.21644593629325,0.35264307985112,1.84686871710359,0.805713374058061,1.77905579470939,0.659702027865527,0.42899263595348,0.363107601082596,0.781683965365291,0.839470088925767,2.12281504875431,0.936271199714218,0.728696249882966,1.23295450355442,0.600639747434665,0.742940700805877,NA,1.70730524626908,0.274723334650664,0.968848240324485,1.8667264453767,0.921189265281328,0.828830941049268,4.72469082997893,NA,1.61161258003152,0.597477960707669,0.508076498919843,1.44733156932616,0.945206648968199,NA,1.52180859485865,0.841919721843512,0.756999034197267,1.59339152789734,1.29961974017755,1.23994946398549,39.3139962425695,2.07112993763085,0.40128917550463,1.33909658837377,1.37743215406183,4.67277049904486,1.14222176888469,0.632793935121803,1.22943714639291,0.586422031332808,1.46330110210916,1.23368036572213,0.871414149301591,0.937877557506031,NA,1.19852467860762,1.03902896610379,0.631575486079497,1.19586167394692,0.851683893554152,1.55877933946244,0.579602087965057,1.40366889070893,NA,0.91437344899406,1.19843786362147,1.95082273380243,9.92799555693544,0.694611628077286,0.818166090870972,0.586882659038499,0.815450976095708,0.664646392408631,1.51609649309646,NA,1.30149095140598,NA,1.18910906559485,0.865620954154736,0.667915273531502,0.989608808278166,NA,0.499746427115093,0.870315581034927,0.638452712257706,1.36143391213536,NA,0.543592165895493,0.487241286003962,0.810982846508697,1.26829443330845,NA,1.2048911215824,0.477940445024748,1.89834053455966,1.1038659372767,2.11955278998824,0.762158484479379,1.25345526897345,NA,0.360238522334094,NA
"sam_58",NA,NA,NA,1.30466969046479,0.747531253643956,1.19504118805698,0.671372495168846,0.950470161135506,0.618494755153869,0.977863045629392,2.22835541843572,1.4303233756558,1.40366928429783,2.36632058871453,NA,4.34180130453715,0.9073375395148,1.95195410424299,NA,0.27813223719724,NA,0.897669387756194,4.13174086587077,2.52314258816536,NA,2.2798332626775,0.606095899556987,NA,2.18048115083136,0.946274427676424,NA,0.4145756280056,1.14778774988136,NA,1.28252288901191,NA,1.25358265191468,2.10889995054307,1.07709672505789,1.05960707398422,0.978232560536097,1.5770580749912,1.50752240268842,1.22464711431042,1.29990861830716,25.6367332727133,0.63200965463006,0.508869159037175,1.22916649200269,NA,0.483145525277906,2.55459634485294,1,NA,4.9165088123812,0.736963835988886,0.681092514756858,1.10671289116444,1.09985908095011,NA,0.5313813128129,1.06118781900488,0.651281441320102,1,NA,0.938665751707122,1.81762728554306,2.64348254646792,0.497546719551429,2.30738160153124,1.29827150339033,1.0086143924348,1.11148376987767,3.98776504380598,0.789335051908557,0.628485428136439,0.969610533300299,0.76113282162487,NA,1.50768492928024,1.94263752971614,1.72933797118797,32.8924593583081,NA,0.929734692064279,1.3251661090063,0.744879070187947,NA,0.141257635807476,1.55288225944279,0.385472539212065,1.53988825636795,1.55602308731129,1.76782593611427,0.533787990939936,0.632045687629058,0.708497019355071,1.38045215073718,0.799233616591471,NA,0.631001590136895,1,0.69227142882414,0.667439809704014,0.748811942024228,0.592098711145545,NA,1,0.898931947845978,0.528829840164579,0.930763487521583,0.795353237103727,NA,NA,1.42893044569036,NA,1.17842393089427,1.52790755025475,1.15701565538814,1.05991870065972,1.08883187148281,1.20103382276404,NA,0.824592490807035,0.98245467354539,1.01366397856964,0.903085013246341,0.995750460240036,1,NA,1.24234856399309,0.299655704138986,4.42986404828958,0.0770890021898136,0.813989816155952,1.10340127583873,0.604470857045496,0.251209650567416,0.91857934877062,0.278863291766098,1.03894326848196,1.11958825658007,1.08713485134802,1.71444869378967,1.05296521602098,0.513245925927491,1.0098949239442,NA,0.571848319429224,1.08359349012268,NA,1.45973881827506,1.15102022728408,0.634655864608445,1.16199573984912,0.458949608983081,0.822601386763618,1.4040643506182,1.07340238647829,2.40360833315131,0.652202217163978,0.980415773851605,0.790573651227515,2.04265483506525,0.647560556567755,1.13955458499896,0.801611735891792,1.13022433269867,0.399140433841455,1.00753266499966,NA,3.38000017877638,2.05920811311315,0.826916977372598,2.95521951259871,1.21126771089823,1.66310458532472,0.566684889337166,NA,0.788879543198389,0.807464167333131,1.38760857852357,0.686839802064762,1.1348488111621,0.844601593077801,0.807197125845158,0.91576158265386,0.767682644104125,1.04413816033787,1.08975175393019,0.891862259473891,NA,0.705296313362394,NA,1.4225255642926,1.15759517121309,2.12207704019387,0.571161274779616,2.15743778142462,1.32890743159004,1.71343800083011,0.697456747573903,1.46128425964105,0.704733242078619,1.27387673447325,1.16271893609357,1.31644605471981,0.854696080912233,0.818177810911028,0.283850802207568,0.61633166822994,1.24613186315719,1.94992600254506,0.759315198771875,NA,0.689560635123436,1.10980782318611,NA,3.95299788494607,1.50222577348752,1.06429982759243,0.871205552044019,2.32259517302997,0.900625574151032,1.01799641268752,NA,0.865617444212604,NA,0.507907291228928,0.747001083119752,0.871338779377937,1.01839110884633,NA,0.586691866520086,0.887782079523761,0.526842003346351,1.21119117772317,NA,1,1.10877003057059,1.19705761106724,1.41904877815438,1.1839105738931,1.0098618864694,0.91882248048504,2.12479615754367,0.809276301088614,1.33706294552162,1.91581952370489,53.0512562358846,2.48429281742386,0.665592379339063,NA
"sam_59",NA,1.77763151023382,5.54341462528587,0.980382247649769,0.43123832775578,0.627713076550906,1.04744199172887,1,NA,0.631480771764308,0.60739953672742,0.853731926511227,0.992841813190323,0.321322161719555,0.92318022204053,0.634061531071377,0.853514640802503,NA,NA,1.65536036584223,NA,0.609612961230219,0.468785349323799,1.28295672272322,3.62825741884453,0.687575743188173,1.57019298050855,1.05065167935691,0.465100028755254,1.12825837911584,0.872752001644465,0.58586730806244,0.735841717636354,1.34257119499306,0.698784132031268,NA,1.0581131833538,0.277657946393649,0.824859541376653,0.210017597592641,1.10124810899727,2.39051449256605,NA,NA,1.42544001076336,0.839250001629317,2.01528399542332,1.09400152281305,1.63116846505196,NA,0.566358311705831,0.460214986049214,0.962059408200263,0.435786088786575,2.12027548475261,0.639773512914047,2.02297496942778,1.56262598760849,0.864093882946789,1.6973890088568,0.96807811451666,0.99447877181299,1.30201062544844,1.3359056395625,NA,0.625097992806774,1.11377560650583,1.86806409891796,NA,0.880917707975885,1.12473815411947,0.82839744230651,0.752176541611851,1.8879632343929,0.702325759403112,1.21976223667599,2.01922452571901,1.30187547973253,1.05250979209588,0.601721757694912,1.28066458452879,0.555431619095464,1.31448129518109,NA,0.924575681768178,1.03087227040486,0.550347454249829,1.36872498498982,0.536770565900486,0.807714129622699,0.472424628151952,1.58665843799626,1.2083513770338,3.15154955863654,0.614300256966773,0.620418823986917,0.87362703292772,0.369691177545588,NA,NA,1.34287719748716,0.388069156449119,0.723406721412053,1.14293251521706,0.870329421116277,0.865400647982903,NA,2.12716286810644,1.23417813070042,0.230546667832908,0.964718625230976,0.389263801002874,NA,0.321957036608887,0.890249766106931,NA,1.20262307450904,0.92499961814657,0.847088697365478,0.973265196041851,0.901151946449279,1,NA,1.1466986240369,3.05484113041483,NA,2.17759703004225,1.09013354631392,NA,NA,0.818210950217587,0.782642941389238,NA,0.56356951596346,0.660073430302533,0.942430159941877,0.9776505713295,0.409424633733261,1.04667044223808,1.2106812869568,0.605638804310421,0.639345344551841,0.733973071509558,0.495646389720016,0.924465702792986,0.562473524351669,0.858038650994531,1,0.520108957078836,0.583413557187127,0.67268521111078,0.835709209575117,0.710407423801612,0.803704295433466,0.770812013266131,1.19514727389538,0.614882773351657,0.460104113227573,0.270357129557806,1.18722650162652,0.502907492037703,1.5212541441969,1.62012699704626,1.16537847180951,1.14381115803511,0.662691268652479,0.829738255427302,0.956658511618208,0.458484674058559,1.00772607498473,NA,1.4239949577177,0.380222648180322,1.8476225796031,1.07821391777702,1.00455544931957,0.994324894557579,1.04984398309137,NA,1.30025125010566,0.613375477890095,1.64613256909946,1.16726067263716,1.38202690979421,1.68063379589341,0.475259115820935,0.796125352602227,0.641717555838788,0.330360233412181,0.928165863059169,1.54026025013369,NA,0.623956210070401,0.322114561267481,1.02828736723276,1.24658217284885,0.920650059179395,0.916943548675299,0.218531604625889,0.225099510258104,0.659949782399727,0.888523590820025,0.528851789915165,2.98348967910035,0.890278021219665,NA,0.916682390091153,0.961184076736637,NA,0.515904607950718,0.924260027300208,0.755933587106156,0.375975266072054,0.670945550155634,NA,0.952617483925258,0.789644452108448,0.768723286950997,0.1032944632603,1.21175118256207,0.94744600890209,0.970833071625994,0.707051843300564,1.19215703239121,1.33891339785688,NA,1.28999929867354,NA,7.4713447404686,0.84538622198647,3.28136917073126,0.959470859536122,0.984688094859247,NA,0.470152164792321,1.54139061292184,1.07928601960815,NA,3.01850254435131,1.0813349648366,1.07694471947725,NA,0.295897477526303,0.889962573095435,0.783677229317319,0.908039323131132,0.705850248150526,0.721439386485038,1.11729415120191,1.91821933519136,2.39154084700708,1.36000485595051,NA
"sam_60",0.848375122886737,NA,3.98010410112521,0.683576330441487,1.96983110281534,0.860287128622051,1.0179203569853,1.02473848254998,0.248340667213827,2.13110565618008,2.41321226078853,1.23998623952888,1.11441919009509,0.874788276039681,NA,1.01232166168208,1.23800304298717,2.00675664429663,NA,2.42030770840922,1.41244102920855,1.30684233665726,1.69174429536156,1.43012446410264,1.35795189376139,1.03362753251291,0.573310194465461,1.38303782644366,1.37924338254374,0.803256045036841,NA,0.679359401053154,1.24596977364786,1.5048644439524,2.63659966335342,NA,2.4667552898648,1.03976693495063,1.38516482399926,0.0536647517005622,0.376704461142517,3.88457427793215,NA,1.85465891640251,0.804019451415861,8.80474542482839,1.20814986054209,0.721470034289689,0.0751269469462527,NA,1.37074265077258,0.241142736621149,2.0404822839235,1.04995925643609,1.17334169474639,0.933614113559733,0.508296991767801,0.83030543387932,1.60334957068085,NA,0.901910694318845,1.7749003258417,1.06720922204886,2.73444016361988,NA,1.05340853431218,0.685449605709103,0.775940069260364,3.72225339782728,1.58155569672714,2.22272649917752,1.69381495959503,1.43714712177919,0.055416813625123,0.60338943478143,1.19554204032911,1.93960845108462,1.00985933006775,2.41005846626707,0.963995044647618,1.11971725987032,1.50714570004769,7.10565200499807,NA,0.955325958593411,1.16554038521147,1.51830993715426,0.431649328449071,0.714317389805459,1.01377033973862,NA,0.0106141673935937,1.43500524681698,0.125237813512301,0.840114234938597,0.37146055107542,1.26481806523009,0.839279290111553,4.34341818155034,NA,1.00998460979077,2.11331155025116,2.55013919965719,0.541448239053246,1.23162216219289,2.10236041826757,NA,0.862544815863125,0.683686679911098,1.1333805980192,1.31757616282654,1.55052002008258,NA,NA,1.22088650502239,NA,0.81615354606363,1.73672633400226,0.838450511516662,0.911991212642017,0.433402757645548,1.0780718431483,0.643054486597153,0.616683970782044,0.714810504943824,NA,1.13360178179439,0.426462340206117,0.584242282380258,0.322217627787312,1.3571684111304,1.65788164326918,NA,0.233667460168426,1.27137472578685,0.8549267573118,1.06018940731498,0.971642180793229,1.13676465549466,1.23844294184233,2.38643225938076,1.01614195519363,2.21258951340296,0.60560089798921,0.647549209805798,0.621278083502549,1.25630513464357,0.745956508680424,1.00596205923743,0.606016535242799,1.61864455349577,1.16442904265536,0.464558388876334,1.61888411604404,0.76600654740144,0.379797670521697,1.57926782702305,1.20543215335853,NA,1.57338979713348,1.92534572820534,0.701474394109494,1.36934707083869,0.746720241127474,1.69371974674106,1.04864556450939,2.07391704676975,1.07811602335291,1.31330689291526,2.05101458561212,NA,0.699415708642396,0.69155606962043,0.688130844733074,4.35707228439848,1.15336502083075,0.873439430688144,2.69410873840463,NA,1.10960844909399,1.70057612544106,1.44116172766352,1.11341136062356,0.796590447239747,NA,1.08047890705488,1.8764530804431,1.51194404835167,0.701807362149723,1.63194020418772,2.87919422227224,NA,1.98660144915392,NA,0.418492484480343,1.08187711828608,0.5644065605853,1.32381982993681,1.55904790126103,1.97186374035165,2.12103616011494,0.41851435109793,0.765068361709837,NA,1.3884960819098,2.86068879152168,0.835491126836776,0.672124940561661,NA,1.0799459654377,0.642004984771905,1.33649977235387,0.923903342171952,1.56287301094614,NA,NA,1.11483530520679,NA,1.55595997573924,1.07941619437801,1.37034924007581,1.29172315101173,1.46210167529561,1.28668013251784,0.742391711971924,NA,0.609476584378425,5.30058580909039,1.6639851534356,2.02340929358251,0.528821911693624,1.60613371153669,NA,1.55528106946239,2.07019967764316,NA,1.06937777341812,NA,0.190349903920291,1.09019652737039,0.767142140668423,NA,1.38951561310475,0.914680263371268,1.26392412585693,0.804359923031217,2.09173057252376,2.02217884185225,0.620633824404455,0.311589042393489,0.206421056627892,1.42398330072292,NA
"sam_61",1.04322161208223,NA,NA,1.18419551767245,2.83488750367884,2.23630412812941,0.850862072696247,0.767558342601428,43.3800741078647,0.594892584530224,1.16961576727547,0.862721939825894,1.04526153485786,1.50772797591879,NA,NA,0.710945557656875,0.887277224186252,NA,0.39483896446545,1.01459697867028,0.70665298995009,1,0.897017551022659,0.758851084821777,1.576844009688,0.908160112926921,0.514772173653903,0.905544888723982,0.69276963924904,NA,2.14374265563649,0.895187459875521,0.516040307066021,0.731532691473869,NA,0.614640804392965,0.713429480498702,0.642043793115358,0.860374406909803,0.672525143236029,0.949761035706983,0.482896297085821,0.624757849886568,3.3967699751365,NA,1.46941721207601,1.41500132309498,0.955178076831493,0.500377264832835,1.22984800557912,2.82719321588724,0.890978623142238,0.520715287841317,0.773424660851734,0.682886069897249,1.38170210144775,1.17314928479301,0.770395489438817,NA,NA,1.51067821052641,1.57553145362686,0.785260401212915,NA,0.880605426780449,1.37644466074217,1.40968587754177,0.849938441608483,1.65021652539569,1.34889204037686,2.00884647258246,0.922145346398546,1.04970286625573,1.13738173685399,3.72324358850646,0.809898288799804,0.871892395967284,0.530261549138798,0.754958439322557,1.06395559366278,0.385307161931691,1.45563139065575,NA,1.11380981544288,0.810456666880541,1.1999703296647,NA,0.588048959884637,1.051198434016,1.05817237829366,1.2469064600197,1,0.528433485123929,1.01325526925042,2.16271728238601,0.86185405051299,0.151040368971672,NA,1.27045775769343,0.838249332647832,2.03708602975238,1,2.84317569264114,0.827214092429048,1.10287547769786,0.23511083142621,NA,0.751684929953323,1.61512397807585,0.967347569479617,1.13654891215618,NA,NA,1.1060953598589,2.46958031543077,1.19406387189977,0.945580479017602,0.815031390281962,0.844850758237138,1.15010490132314,0.961417626244891,0.213119455209162,0.958102657102425,1.25214749510904,0.840844231303134,1.16193551807873,0.70104711426309,NA,NA,0.903959870321801,1.33349670742889,0.244441002176352,0.1612181836245,1,0.91160197045639,0.503789660469639,0.336481215780654,0.814120569302134,5.08292238557535,0.502401073149002,NA,0.708329652576528,0.714907467797882,0.958086421729712,1.40512436177477,1.3886198647945,0.712416587328616,0.801397246468679,1.3810903844997,0.563831712444189,1.0599593063496,1.09627308862475,0.92076539637011,0.948721698432484,0.882965867075611,1.19003100179627,0.984703437095644,0.589581395189318,1.31923161568112,1.09680890079802,NA,1.53263006068922,0.348847822320342,0.488718171702389,1.11947301449224,0.705262714420049,0.861570206127199,0.908384525486568,0.607556870094458,NA,2.05150735397807,0.862515374361926,1.13366742073592,0.951248128753302,1.41124229161542,0.987390766842344,0.897686749014107,NA,0.925840580778656,2.00053971413303,1.70857410640421,1.17546803521473,0.664284843476251,NA,1.21752411909201,0.937159713961118,1.03403296911437,0.918754754742654,0.791643912995688,1.11945400525872,0.41752837393576,0.685293375498045,0.937092973643197,1.13547335190582,1.03048345047671,0.857264478632631,0.962363918087085,0.896725201203663,1.74071530995025,1.75069002671016,0.707525517040371,0.649877263989404,0.637234753345715,1.06702232878665,1.88367859796763,1.00855328831754,1.00312146297581,NA,0.451556226936422,1.40802801182315,0.821631816976601,1.01988918226075,0.557527927220971,NA,0.908638742285563,1.13084589721759,NA,1.69570774076737,0.626659043710459,0.973214674716625,1,1.53449006698936,0.936594009726535,0.87354710235087,0.231173493331186,1.09444083268562,0.349253642170049,NA,NA,2.88976577353625,0.973361629434736,1.16971522758347,0.873648034507036,1.30680888166721,1.47274105436176,0.754442168661939,1.45689504573083,0.310418763549227,NA,0.975122069072801,2.67241919053811,NA,0.953788709972588,0.86761051759585,0.944988419429996,1.3172030445108,1.00656361635151,1.58810178662996,0.348076796958309,0.397892101867983,1.86342265189927,1.40529956957713
"sam_62",0.77052432252493,NA,1.48562693042432,0.957237169454158,0.472378075406689,0.444707484568999,1.13643599228532,0.708357368875681,NA,0.774581009582656,1.07448930080602,0.791438905520313,0.90542343587164,0.674146757413352,NA,2.1934307230409,1.05955707040457,0.819988732308677,0.884937475486236,2.69054972952937,3.13999649582462,1.54776124049199,0.237577626152861,0.766225760540125,NA,1.55362334270349,0.647113919770365,1.02317560118954,1.09165196241469,0.770206943076227,NA,0.395703830127879,1.23412566429195,0.782894590781492,0.643738997995891,0.915138707333785,1.28159677565437,1.36681300972753,0.797317525613545,1.11914222680545,0.604358500551847,0.862341571053919,2.90293704791681,NA,1.48097832107245,NA,0.950591866632275,1.14110963501832,0.670868516994615,NA,1.17197809989106,3.53768532238419,0.982574936727879,NA,1.07129729623381,1.04919755915061,1.29789014319286,1.01117360916003,1.02899630025108,0.567944021143715,1.63417670101568,0.72163671228587,1.70919807764803,0.864246407470326,0.238992947990873,1.27383184850179,0.517017921123657,0.746963938542454,0.722804598020455,0.662643805201803,0.7937261618073,0.720723645768078,0.671212640911279,0.115781221783982,0.591765437672299,2.50356358232127,0.831774337323163,0.924101816072752,0.646563274370106,1.86747354547655,1.05799123096699,0.661750906461624,1.02741065749561,NA,0.822692229611814,1.3086586787177,1.06896733911438,NA,2.66116705826952,1.59877502498143,1.46187761865524,NA,1.1120674394908,0.382778626805344,0.923500930087572,0.748929638017112,1.66522252429979,10.5782465095847,1.62604029822318,8.96812818557097,0.774492616890415,3.41433754498499,1.51491354731637,0.504559616831724,0.780482401849163,0.879959972861388,NA,0.627296749914082,0.854737180882712,1.13774824069734,0.897335247222322,1.24066155030604,NA,NA,1,NA,0.839865319678689,1.01573747682656,0.931014903536055,0.850670998925846,0.656444553199641,1.10046765272474,2.03560792528213,0.962771620995243,1.89495923934978,NA,1.21330112188213,0.996597325388244,NA,NA,1.36631087843365,0.96324383064369,NA,2.48559723619412,NA,0.907483421837021,0.889566330360955,0.835249961385449,1.64050737353751,1.65225627003556,0.546449633036463,1.35510098090907,0.821525617568575,2.26902118621321,1.30509768676148,0.399480680946091,0.738325471682881,2.45561269944263,0.907524600990429,1.06126155277681,0.395845088663219,0.886191178347878,0.751671923674021,1.16056413629967,1.20733986035275,0.836424157756498,1.24122069313668,1.73168378146794,NA,1.41376177693232,1.4819282441826,0.91099790014283,0.744803955218156,0.888567423787362,0.582195549621198,1.19021843542384,0.988011013621628,1.02617619362927,0.969579773069355,0.640379362037887,NA,0.500290962127365,1.51766928625199,1.50606516664173,0.217780175146209,0.768346115363194,1.1798465246393,1.7479976079506,NA,0.649340401664858,1.63050839046846,0.4325178711803,0.920289698329779,0.41005756478851,NA,1.29967266849603,1.00891360245833,1.22373209593354,2.48219798060211,1.0866823756287,0.819206546622624,NA,1.03611571367818,1.52089193669962,1.28504785039361,1.18997895729943,0.729065315250429,0.631829834641868,1.1454090517583,1.00687400689946,1.11322832186096,0.7151580934519,0.828024062427486,NA,0.719362856292611,0.609628640314937,0.975596408486737,1.08702773236386,0.195709481920857,1.69135894851478,1.29825679380776,0.936787068632056,0.596404252939826,0.881988471387881,3.53472116739538,1.05330552358867,1.16479624487652,NA,9.14855747494836,2.06950493628672,1.25374387061482,1.13753607038016,2.10593113677903,0.725777401130471,1.05565293202993,0.300917247583552,0.737440183630757,NA,1.19269287668961,0.688842968167762,0.599947527967926,1.08742090022192,NA,1.02600536673048,1.22905204215656,0.872975265815369,1.2338455877211,NA,2.84246935532105,1.74945876253258,0.820836360929333,1,1.66891386009752,1.35709324137196,0.709449499987152,0.394061064977646,1.00225752346715,1.24690638558841,1.54330229033173,0.63034599961801,4.09258632962478,0.330067588952782,NA
"sam_63",1.39873075725853,NA,0.672900063401868,0.748863965771362,NA,0.839237470439875,1.30374185020396,0.874135184352851,NA,1.26455147719995,1.37116525622908,1.27364258943933,1.24965171509026,1.03599531552835,NA,0.522355299244069,1.31605039990156,NA,1.55819072390746,2.9895817205091,NA,0.672784522642252,8.10978519579113,1.54400595822126,1,1.12845741647818,1.54803135753858,NA,2.33312435266009,0.659269177004634,NA,0.904692701701701,0.553887210380883,0.778078924114492,0.957525116510645,2.82358137927369,1.11054759644119,0.660151654894679,0.757267223032178,3.81231852769184,3.3373851316705,1.30058717455785,NA,NA,0.24082172396616,NA,1.47619065704779,1.0325652249003,1.51675095265418,NA,0.504204321927334,4.52707831225801,1.06071999871007,NA,0.918000828037187,1.88075335660826,0.734735303663453,1.68902619301717,1.05609329636793,NA,0.568858335016618,0.849115877310344,1.46030750702955,0.633716489191227,NA,1.45199242524724,0.776451704878709,0.905723687236815,0.887291326637195,1.9367324134297,1.3028707967419,2.0819751803586,1.23206844920101,0.751453934489792,1.31068977642447,2.69156393737154,1.60762572486122,1.44253374893396,0.50993147775731,0.92351497028138,1.70506005884855,1.33157850138056,1.36027115436976,NA,0.904711150586751,NA,0.626641105536521,NA,2.09954205858814,1.14624340638929,0.912626755141684,1.9258371018973,0.794114104338008,9.70738619636513,1.49508103533838,1.04101068252002,0.62759104510124,NA,NA,0.634196180219838,1.09031802114259,0.248793381631075,2.15234703205084,3.62876645353266,0.736512372274582,0.610655209084084,NA,3.96673329742567,1.07066349475805,0.203681525256884,0.807891042872364,0.614021496768949,NA,NA,0.958604377534695,1.34690850043944,1.02103243323872,0.790934551004757,1.0920753215822,1.24833323269299,1.07573121002935,0.962679512773051,7.19684525913445,0.706685985227041,1.4819520828843,NA,1.40483463977516,1.07475819887715,NA,0.634517271394851,1.74900933953258,0.660584754685628,NA,1.94316180975861,NA,1.07335106280067,0.957754237203534,0.778607576922911,1.11479853764568,NA,1.59923406640261,2.14084875596283,1.239779790963,0.480651383546719,0.986584300747125,0.493641135205232,0.569157075394065,1.45478334333864,1.63426974677376,1.23023258486058,1.38495096361529,1.17108158869526,1.10287772019599,3.20578348235904,0.648497480275693,0.631378886532521,1.07338267686507,0.844468762801199,0.881494089091821,0.306392899961889,0.727863361407837,NA,1,0.565696822147107,0.958608891981242,1.02398532822221,0.705482718510817,1.26327356501057,0.477144435589559,0.899910832845454,NA,0.430379229378358,0.294879679449281,1.51448436108742,0.680081633030549,1.06846047425165,0.763271186127938,1.4013172552472,NA,0.816023361603735,0.469967480993788,0.844774111748229,0.869051362417938,1.12562007921636,0.530244776494687,1.01842280662669,0.701653023517279,1.14454518358373,0.440561998980235,1.58971962798515,0.990643225475216,NA,1.5628553804255,0.229776072219815,2.32209355721585,0.695370556668556,1.7728144442852,1.3892186213631,0.805333781095474,1.63809547716933,1.08305002177954,NA,1.18763499716722,2.15419504966889,1.03603257363105,0.956232633845429,1.17751093594913,0.885198100584485,1.22727487213851,0.35606093874442,1.09768183693073,1.32264311085676,0.541538484088729,0.658644244604312,NA,1.08672598326135,1.31757343316852,NA,7.96398697960487,1.18782426012789,1.41995421993437,0.925878242699468,0.323276539458865,1.05844689306013,1.08227151835559,2.380170165467,1.0293554389744,NA,1.93856320552219,0.992200660428344,0.992127379109445,1.79823358207767,NA,1.19566766716553,0.57973655239937,NA,1.77792428979902,NA,4.03987194573751,2.4568480079345,1.53959578439064,0.56796248825106,0.418949591614824,0.829503218880726,0.7016305635553,0.768501420460766,0.788960225827368,2.49233726175847,1.35016684892114,6.81627988940909,0.732918167758256,0.643571505983837,NA
"sam_64",1.03629840096446,NA,1.03159291236482,1.01982010572985,0.371431576946816,1.09109564673483,0.931399963506069,0.989117896700512,NA,1.38580767800565,1.22241673926549,0.679550318398202,1.1995095895831,3.13741004430372,NA,3.69925340962145,0.651780600398439,0.965067048840804,1.85717307784338,2.67640938000381,NA,3.24012845521493,0.782366852534525,0.184513418627309,NA,0.919715673702152,1.20624959558864,0.858313624084385,NA,2.32062998221216,1.09273892013901,0.971867214845454,1.01717391074938,2.03738557494057,1.0109837644411,2.49957404586944,0.87554451820924,0.969981464618512,0.845518202768215,0.985541884937061,2.190050851579,1.03702217893998,2.04550700786011,NA,1.72349958197366,18.4724644139768,0.905546767351467,1.43514452864963,1.10927779123363,NA,1.9973063878649,2.55905851562475,0.719174666790528,NA,0.57279285178144,0.579349469977082,1.91218863611194,1.20974313642691,0.914533404546929,1.30747402321881,1.02933265836602,1.35803746519596,1.85927224710502,0.727349972845741,4.91786465732481,0.722116694581546,2.24294523348143,1.47914289995591,0.955896956692755,3.77973622905365,0.71709716892831,6.98700510780361,0.746035557451555,2.1852187234391,0.989522826565548,1.29653323925941,0.688601162003919,0.640061184404247,0.974171140898693,1.37997136236046,0.333136812646215,3.09107425819569,8.70010684841984,NA,1.15600178391747,0.644487336315315,1.69192309979995,1.15110336112153,1.05714668643088,0.585897990018046,0.923906653421209,0.981913066675451,0.903406270243414,3.02236721076725,0.986744730749584,1.83814583045147,0.525795824179925,1.75323181791869,NA,2.66047329963067,0.93267674094994,1.85874872871718,1.65216554941086,3.12601785938995,0.965776469498964,1.19669468844451,NA,NA,0.759475770843311,1.15344308885104,1.03496210937145,1.74966996165898,NA,0.2321231012382,0.744599499982176,NA,0.939911263211253,1.37923776298639,0.919892729963574,1.04441814513215,1.80400046561956,1.01755468296754,NA,1.20643836450814,1.43008713117411,1.27757336515161,1.08112294986146,0.642973683025339,1.96373878892608,3.87180305627817,0.866776496238462,0.986577376294937,0.383185219479978,1.4771312234966,NA,1.18254442275019,0.697577355564265,1.01137990807745,1.27113318191854,1.91596289336541,1.18417186437987,0.48964412072238,1.02872721821679,1.03344664245985,1.19747616531513,2.73160203524756,0.97653275661759,2.77195501981397,0.662104286058615,0.513911991699006,1.28736130140147,0.866992962173167,1.70796451660741,1.55463224392606,1.40414028908163,1.92855232573776,2.15584808785519,0.47850723346628,2.50237637750662,0.242804464783023,1.44320864400684,0.388467749053282,1.50090004587281,3.23499800729917,1.04686524871888,1.28985581946394,1.07599255968843,0.925319348990459,1.88841160502988,0.767339089159128,0.398107675998016,2.40406504791836,0.879706788923557,1.11910491946986,2.25200285852475,0.838606163162728,1.25522082712596,0.84348290670776,NA,2.42689281683151,1.43978657338343,1.06171840933967,1.0996692589661,1.16683541033127,NA,1.86018416444132,1.39118833530648,2.26183881580786,1.79044536916267,1,1.11991155554736,0.411539698128104,0.699582069863129,NA,0.623807383313481,1,1.35594598606942,1.65898695664695,0.228371945646613,0.595573932070621,1.34708386857636,1.39293899103938,NA,1.08971667310582,0.906071182815316,1.1092148017417,0.818390054440116,1.5008966092883,4.14184109088365,1.96717424515648,0.913012656094318,1.01687048957442,0.423753024515846,1.09243808835516,NA,1.10094953676565,0.915815906159924,1.26053470801747,1.52897610644558,1.44951733845824,0.693274550891657,0.653950863023371,1.2428072901829,0.867349780878341,0.886608774205273,NA,1.14019596707028,0.376055272877873,0.251121037882121,0.725015987884189,1.04659762326002,1.35379818568371,0.839930394014902,3.0571176771848,1.28597358224817,0.693131962456389,1.24594944009709,NA,NA,1.12400324310623,0.630068117613556,NA,0.49502348979212,1.36140025780904,0.897320929824593,1.27828725226845,1.05776300809519,1.47388322579877,0.940999791002002,0.807280004616188,2.73653450699478,2.86535834966107,NA
"sam_65",0.891632156197766,1.26475310062342,8.8041255224896,0.86141937494673,0.659662035849152,1.33543252799173,0.563248266392446,0.940083802620322,NA,1.03134756513359,1.87819425927865,1.70378152214689,0.808874973489114,1.63480817764952,NA,0.726255805741882,0.491491477628992,NA,NA,1.93923640489823,0.653378557291399,1.13441228772624,NA,1.53804997859027,0.380274999961798,0.815569377557344,0.346645892544052,0.838499949860392,1.72180273484828,1.12878293018964,0.633379589970553,0.470248907334221,0.85764882050497,3.88129702071857,1.28804825934301,7.29555994394362,1.63270827772506,0.817575337704998,1.10296956826147,1.29584919738656,0.515676004130352,1.24191193691461,2.56159553213753,1.39279579185279,0.415552044962557,0.263204808775003,0.721301773464992,0.397492196975539,1.09393335109253,NA,1.85623188556125,0.62696737468134,1.3037963930314,0.775066624481426,0.786349093056955,0.300997807077471,1.16044937211578,0.562159527353868,0.852404648027129,NA,NA,1.5713447498245,1.79000808482733,2.253495632762,0.783577321791575,0.535812094190114,1.25485245626626,2.59974180705518,2.79838336646134,3.57923085387333,1.81314725508506,3.15388411853954,1.20810635620536,2.29511596045879,0.500866015937493,0.392782056461836,0.977570071331114,0.759453457566544,1.19043670203064,1.14173960178004,2.15591879234759,1.24879578828174,2.04511130419658,NA,0.754499497463613,NA,2.12312509684337,1.77283471685444,0.887316832855925,0.791614466866657,1.93665310115385,NA,1.17745791226873,0.255798003093359,0.773027259978869,0.417212908156343,1.2057959762961,0.723449180763752,NA,2.45225139364832,0.441008016089731,0.511393775177439,0.868427323092038,0.16507167323434,1.0027308273259,3.06610521995353,NA,0.886932870522028,0.87891004870494,1.70642378997082,1.1493259213681,2.45946770251899,0.802339913931734,NA,0.636067547029684,0.961038482194859,0.648998603663573,0.498612571657743,1.10366822222188,1.07770172215833,1.90113816683441,1.19444206793078,0.781456847771823,0.952372505475787,NA,NA,0.749141964755829,0.815463036247118,NA,0.868916876701972,0.838296516418571,1.13007517118087,NA,0.538377017930786,12.548062048996,0.915858602924736,1.03843215834097,0.519786415063364,1.3171845768254,0.469772548270876,2.61358837886854,0.713035807890266,0.737992069537873,1.27975111268117,1.04344793039174,0.688466541326837,1.15346501988947,1.97414938294992,0.960608710142269,1.63716194257877,0.640635060539943,0.702159843390682,1.6658489783224,1.05032379786267,0.938946108311737,0.733380737626495,2.4425763290869,1,1.05104677705821,1.15959684011763,2.59297328415189,0.561196536689023,0.945203960938268,0.638164190410666,1.73389642800991,1.13543357559028,1.95448807871325,1.01912294758458,1.62483150480235,1.13718225431648,NA,1.61822327690786,1.62718929908509,0.110400998695001,3.02799333439919,0.773859261611799,0.549163391180466,2.35899034633513,NA,2.10220753951756,2.58731204815917,1.02556527601028,1.65651634787779,0.693277318372824,NA,1.14557102675913,1.24772116458788,0.99219929779244,1.19226650787316,1.28266138145068,1.10287285149177,3.08983120767725,1.77691547287936,0.785035907644325,1,0.723453932836153,1.17497313828516,1.47458012437519,0.936262515583823,1.11045351782571,1.84317031308217,1.48622337738577,1.97931821399339,NA,1.16682809922015,1.44989762732171,1.01995960478401,0.959019122525564,0.352345539848139,0.78155503989149,1.03028808488539,0.589730270321323,0.670670516511062,1.3689655182302,1.71722601218862,0.523971155880178,0.732291790183067,2.22096402962271,1.09095375107473,1.5648872755012,0.834600086094331,0.861751348392468,0.738054797740706,2.27500340790426,0.866490136812147,NA,1.42510826761889,3.81459199387227,0.969467182193717,0.804804196232288,2.28049617997153,1.10270695309986,NA,1.59335128297064,2.32799739335206,NA,1,NA,0.250102647489329,1.15943224863146,1.21860782943697,NA,0.888146642449925,1.17493586878099,2.02243719999633,0.474916619317722,NA,2.29862373164651,1.00620709560806,0.626269756744752,0.661167209031197,1.13302462428135,2.71504086642257
"sam_66",NA,0.301958550210042,0.830536599331133,0.815434170286917,NA,0.576946832889628,1.33629962902847,0.639668177975604,NA,1.04601168829271,0.956378084701283,0.99727399810339,1.13652568994766,1.97295120762622,0.640842814300384,0.325284832403793,0.993603107311706,1.80017159992583,NA,0.760183961838258,NA,0.684033853860149,1.98872089136167,0.875503150512731,NA,1.78307917747095,0.750977389855375,1.86106641969314,1.39719692758807,1.29130818333626,0.973822694586586,0.493713185068875,1.37819035667026,1.30825765498177,1.68513981797207,1.38651116276987,1.03406458415462,0.74191930273633,0.80381000190017,0.574086179964555,1.08585299661702,0.458107413281356,0.642266562721057,0.880732594093183,2.01930686311033,8.8491101443951,0.756535547917932,1.11665789826073,0.912294266495224,NA,0.391972883249511,0.974820130758066,0.946909563571213,1,1.70771408350772,0.891788722896427,1.27128481800909,1.37684401866867,1.71547585375512,NA,0.366985148915202,0.990093090307936,0.761007068592576,0.352542200027429,NA,0.973897680049089,1.40629498265231,0.627508318693651,0.890763845949335,0.829151509286706,1.07490119217671,1.34484388222933,1.23781680481078,0.141377711760073,1.07465960387355,1.02136581695358,0.874240944275573,1.12590682850034,1.50220203401664,0.416188352209227,0.216119746260614,3.46155011695957,0.361707896656284,NA,1.36457742085525,1.36432628744518,0.760095528065602,0.664058786163447,0.696639276921992,2.20979301980989,0.372197987840024,0.62194992270526,0.533706260905601,2.10172875776812,0.499864319539107,1.71385631274702,0.65701323988114,0.840325130621935,NA,0.406240098420507,2.20725881547091,1.88460207698922,0.45864184021893,0.876758787425005,1.13234860029771,0.656379524721572,NA,0.564135841608521,1.36120906348873,0.274392492705616,0.856651519410605,0.553599305148258,0.37299173834968,NA,1.01873414386698,1.01500815460949,1.2104936161046,0.362079395495093,0.715462487995853,0.884684675770307,1.10408091859273,0.658486560317289,NA,1.09804055296541,0.247468847840538,NA,0.825756538796675,1.31908575800008,NA,NA,0.912168657047176,2.42096563687464,NA,0.804663047587861,1.65589025140966,1.05285992778726,1.0223494286705,1.68776257264946,0.447985191332667,0.867992941023158,1.58233818054343,2.35797428606037,1.13013758593247,1.6537308058361,1.00809391860441,0.327660670970087,1,0.424924105364019,0.726601658950794,1.13872661606334,1.23143142326803,1.02671540255363,0.976696140180677,0.430356360631207,0.744656243068504,0.345939642229629,0.694559843343128,1.38602133731611,1.35435936992015,0.226659675653895,0.562053709851743,1.42802762143375,1.13047527044321,1.75259275622644,0.54246743608234,0.768629997699406,0.866546333353617,0.979808907951093,0.285652066577308,0.964406070053708,NA,1.63910823967402,1.70311422912034,1.57929458776644,1.60313467969744,1.0018051700147,1.00223293694207,0.950156016908633,NA,1.38540388687395,0.427868032352523,1.36847169541807,0.872253676173971,0.958165794885369,0.599654968406765,0.397607120681499,0.909505724823789,0.315368313664776,1.14294946185801,0.833211144936927,0.707518650869463,0.817192426802552,0.660857104091016,0.449030078225722,1.8323609597378,0.733418640296097,0.82236981221388,1.10130470358177,1.91413987846126,1.03228291933301,0.579963620589788,NA,0.605061858993432,0.585372825485639,1.53909121848999,1.46756524911645,0.88358043082797,0.785161216593826,0.395599438941939,0.828042200738902,0.891342353774199,0.671330449617377,1.13910243111223,0.714354583428055,NA,0.819865880500092,0.892340074936197,NA,6.54892251291019,1.24855223775294,1.6814140499116,1.41262209879549,0.924123138739431,0.725933025500274,0.704383133796176,NA,0.547763285663614,0.120231892394681,0.509755134469018,1.06662551914084,0.296354033767665,1.39216944406561,2.46015856489871,0.366151305191281,0.767597289569687,0.39515028806447,1.02649854359941,NA,0.394803973539952,0.608088361593661,1.19545947055685,0.322308251615782,1.16727799692616,0.798737485546015,0.693229383578501,1.92662022182144,1.03711357422256,0.7777390825927,1.00666371151695,2.85994264107479,0.648485109327588,0.228179152717291,NA
"sam_67",NA,0.886897021994907,0.220459244541776,0.936638605469022,0.812083091655497,2.49930017610438,0.61545556651831,1.04438777524301,NA,0.812586330190795,1.00731459406568,1.45158198808438,0.938839141531361,1.25507365372273,0.818431780291931,1.84673627246528,1.00639689268829,0.299496856873068,2.07928758750241,1.33131000878884,NA,1.16195407797646,0.953022348677991,1.12537115831003,NA,1.17519329371684,0.559471124468727,NA,1.4175288653842,0.88136082731056,NA,0.536934221065262,1.07404123684795,0.755488610099978,0.617072068790218,NA,1.17160372921293,1.51467533296727,1.09479277734205,0.155570513636632,0.940971120430635,1.11699892677227,NA,NA,1.97038875472157,NA,0.798903284456177,1.30844997338634,2.15913874086586,NA,0.277535742063386,1.15041904582804,1.17771391182179,NA,0.868062145764864,NA,0.932491181757978,0.782783252638929,0.717558291733244,NA,1.330847686186,0.908329731833291,0.652494406845861,0.500924833901709,NA,0.942892544755142,1.42927532945444,0.659734553157997,0.495186715795338,2.28882820179987,0.551263732964334,1.15633694046311,1.06875347659591,0.587487451379169,0.688504904811035,0.909694571043588,0.962046770921385,0.59914347235779,1.21976462034305,0.608939350892457,0.938251845994,1.29265083425644,0.987897265640323,NA,1.1702650363246,0.853069180936469,0.737881992336493,NA,0.273045932904774,0.675510505481602,0.351004991979267,1.02931391350058,0.779420709748846,NA,0.358598043754536,0.731282965723792,1.00525641927054,0.883459427431687,NA,1.6893024904616,0.938714840509167,3.1649856839891,0.415580551472483,0.900813761947525,1.12299423711224,0.805663958831594,NA,0.251108653867791,1.04333034204986,0.901899960337557,0.933760585136473,0.853846633093962,1.09181964935911,0.364372035894876,1.13884979306237,NA,1.16432864314556,1.17057861870232,0.880428887681268,0.938923342960621,1.52661940776585,1.06884694107593,NA,0.471407935642711,1.04676973979579,NA,1.08538663317656,0.969715778228618,NA,NA,2.23893113312146,1.76608508170232,44.9210229110801,0.470133978654412,NA,1.12970510639958,0.818134867069427,2.20895355323038,0.768122906040958,0.641061709608216,0.843402971044046,0.628397037667766,0.566928631129894,1.55644849430559,1.02864140929424,1.70936161740035,0.910529007736874,1.26640493731377,0.323400074908672,0.786112950365172,0.923891334498754,0.706990256446576,1.73031351400796,0.34683705934316,0.711564302144388,1.57908816360048,0.976616338924593,1.01636112518904,0.325154084769378,2.62052022223744,0.606977228997453,NA,1.20686775670703,2.91090236642137,1.03765051338612,1.04512152455821,1.01198898637837,0.942693632886782,0.379929693778592,1.09402501279691,0.144567133146308,5.36793846613761,1.16392790218628,0.40412706250889,2.52999514872741,0.804502104701083,1.08850627528656,3.15631211949137,NA,NA,0.382936552141886,0.662482252163328,1.12236411578175,1.07842716801726,NA,0.713110795116205,0.603707922480399,0.408066240418429,0.955861839662125,1.1640322906714,0.606694089364086,NA,1.63666055777615,NA,0.750839534031851,1.04608424721931,0.55390867124073,0.526862674427012,0.570662982201265,NA,0.807048004658485,1.0230145772071,1.17391079720293,1.18970767494083,1.07470473927266,NA,1.09337900356728,0.504364465786716,0.0831586917407402,1.94419989219668,0.72827998141933,0.881936847235041,0.55249209618515,1.30634418276291,NA,0.837419700437141,0.682148187614283,NA,0.036412654231146,0.776348871431339,0.84282010782282,0.867508077457591,0.786524044740469,0.378265493635989,0.977577417036143,86.3580486863957,0.759763211552035,1.46715415616661,1.32460117034223,3.86824924175253,0.352933725916944,0.980879854242766,NA,2.73488836426128,1.23462181492343,0.363121810666647,0.920100697003863,0.739969557892618,0.269633354730474,0.540705115252421,0.770898254391525,1.14563357680498,2.6469954254325,0.99782728330945,0.471069322383958,1.60856246794113,1.14480962571963,0.883046527147469,0.321231492128335,9.08301704113656,1.0113087296617,2.38991977416615,NA
"sam_68",1.68152560804249,0.739147046526524,1.10356427887422,1.21863788216006,0.485899903037368,0.755544395077456,1.12733218784652,0.9936892400802,NA,1.11479908433608,1.08224143338645,1.11559152690488,0.973921356440891,4.38189953070282,0.434430996364074,0.65033270212582,0.842206342567899,1.18485960643408,0.552283705259352,0.452550623782596,1.47472967422082,0.968183781176433,0.384674383964325,0.714076284053883,1.14371524607633,0.90353271475554,1.36586022805373,NA,0.280437210213077,1.68709310999246,NA,0.797365605441487,0.837109861417047,1.04231711847362,0.681792580153611,0.565730833247237,0.557035695594654,2.1661165824619,1.00246043379517,2.7320867234285,1.1179298388587,2.25906495199078,0.847706963509698,NA,0.25818305673907,0.418534144490504,0.53854253168556,2.09529595086494,0.415433895948168,NA,2.40043299731674,5.89477208550043,0.584287082345283,0.987074794777745,0.502485494054188,0.70811594259402,2.75569171877578,0.907946834828935,1.50878026916291,1.6728379270383,1.6296841819251,1.50502310532835,0.915839845553394,0.916004149481741,2.19133687648025,0.947170406070881,0.916255727710686,2.11790156727307,0.640495829373454,0.810185886404555,1.16022414675713,8.99925680997241,0.925625401744694,0.281462978103099,0.678833626627527,0.600732135797574,1.68318556657488,0.990140669932248,2.3005431043058,0.980477611005936,1.84124678647298,2.0704806215631,0.675892044765334,NA,0.633389893435967,1.23272943168261,0.980135310988439,0.846574200370926,0.904798731533565,1.39388946028911,1.28531828947438,1.58842241870603,1.09311367787692,3.35789702374443,0.646056073034128,NA,0.730204822842591,1.09946602758337,NA,NA,0.500411195048157,0.580346872280752,0.929782629468212,2.78191538445892,1.33257168422977,0.940300684558164,NA,0.673846660734052,0.774691972078607,1.58623071556467,1.09678494750688,0.693446104881099,NA,NA,0.911885090182035,1.66737162263615,1.05694984541745,0.5134502675634,1.23631399674483,1.39198592879981,1.77883302638536,1.08117116320773,0.615404826975796,1.2581545756716,23.5282976425999,NA,1.4670994708958,0.879734024849797,NA,NA,0.79503706257386,1.0893137011159,NA,1.25979027073205,0.400668396751471,1.02120520667383,2.434571122557,2.11100488970083,1.7702983778279,0.905643374152372,0.658358863491595,0.725448966534206,0.97412412874154,0.928437063989114,1.415217060596,1.68348533679377,1.26246919156224,0.968003395447237,0.640406501996505,2.16837528655922,0.433744070938875,1.06986941583203,1.56078069314575,0.870454332407085,1.63680840176281,2.11954290007387,0.79787821667287,2.20797838197687,2.3510413892027,2.54912182043319,0.918358416360008,1.03003633603299,3.51765830762213,1.54159548378535,0.440091033073669,1.07406158641019,0.543279376037268,0.998351877585121,3.05695483117429,1,NA,2.24471107361857,1.02604166238825,2.681687640146,2.82803733338433,0.761318629246258,0.6924930139449,0.815405222699852,NA,0.866629375667985,1.62591319551846,0.705589948589429,0.846178389273316,0.500554132585777,NA,0.416234688162563,0.780547662395914,1.65169974952774,1.56533943366873,0.909958188508564,1.05069635912578,0.92049832959291,1.0662910564884,1.06700726532376,0.107525002875278,1.02579356041607,1.18165390207092,0.658407690240163,3.20984000386513,0.868168706404049,1.58527163014959,0.7137895094165,1.50053799040623,0.634448876544525,0.689670162957518,1.41988624204482,0.93453641373975,1.26472764555333,5.19806841126664,0.83540397315944,1.07167650813316,1.25305207707748,1.58514322636349,0.491222808948731,NA,2.46174302613211,1.0349206444068,NA,1.72476986555844,1.30535682550598,0.963564479718825,1.21552001608515,2.5979374407235,0.836156234737381,1.41832148613685,NA,1.06920139530083,1.93050788855331,1.88999362211242,0.845464388908792,1.991488997015,1.10329628620613,NA,0.458388400534352,1.00476890117468,NA,1.06089113972437,NA,0.794658907184489,0.853621006344802,1.3119993153989,0.685477668557287,3.08680915801989,1.46152567368128,1.75151779292454,0.34958087079588,0.970738304899106,2.06979375080754,1.38298008164191,7.990016597428,1,1.64205911043449,1.77753353205013
"sam_69",0.557122449065349,0.613576490541897,0.337138946852714,0.7416886251454,0.6971839727113,2.84741744883596,1.09417558911716,1.32125643047683,NA,0.953712931631382,0.664371761514997,1.39801374248421,0.71824795578969,1.40927015713608,NA,NA,1.57088499961128,0.692593289927741,NA,4.89016152987504,0.416431183714701,0.647799875946065,0.588937198909656,1.74642850080346,1.26098628215299,1.02655349970566,0.320470672389855,1.31580689759201,0.855184594250218,0.57887873906671,0.513670444099621,0.919149553552329,0.828692261257496,0.484178788420272,1.11786598585482,8.97262979914212,2.1319547971345,1.31495529270733,1.00754762449434,1.01445811506294,0.697304402586731,0.220155987349157,NA,0.567710277857846,0.547826466685807,6.62775221087331,0.957365429545321,1.02033578698576,0.858343973850898,NA,0.781196885324083,1.44187351728064,0.823413555917353,NA,0.103247620563707,1.13540948603148,1.26192492060683,0.491627361105465,1.70203650667512,NA,1.35462433206344,1.48902160667847,1.93259549119484,0.696763499154374,NA,1.30825348632947,0.543212947152486,1.13756224637877,0.966437454120109,0.307339584754111,0.69567147628753,3.43129782958147,1.06565724277101,5.00615288572379,1.09449087222246,4.14411769217574,0.903902048926793,2.15916220443998,1.20525575372827,0.950161861970519,1.00930839520271,0.573578485473101,0.989130125969561,NA,1.03736156808635,0.826072519566151,0.840941802301936,0.375296119830146,0.646332283653996,1.23042648267003,0.736635000034704,0.0340625057524621,0.61822824267423,0.384495486293859,1.99032422590288,1.17655040307218,0.505432853508462,1.5281787575497,0.292948607346013,0.211324063296083,1.70618954549508,1.11569772184379,1.29211223635882,1.56122740031863,0.718344678099797,1.17936351406169,NA,1.36623413692362,0.608748954118846,NA,0.915789212375603,0.845444673497962,NA,NA,0.736720420007022,NA,1.57914318208206,1.05229885306649,1.19681102195932,1.2002507113987,1.05575935897597,0.953707780250147,1.26337378811577,0.735431985824566,1.5067691300617,0.442675065516917,0.372477244930895,0.765302506041465,NA,NA,0.812018670027409,0.903226713174738,NA,1,7.0007001931644,0.781293983532089,1.65713616108437,1.57150485150265,0.909305023206513,2.489211141849,1.31501391864794,2.03111018745878,0.873120662857683,0.33106058058741,0.788934573971952,0.597377459071164,0.492439285889919,0.427781923665115,2.22461478058885,0.96902848786608,1.90661243060472,1.02165369608553,0.98972681012295,1.2394398034665,0.97700087312058,0.712861799491374,1.1185967333076,0.496804916587335,NA,0.944199515445195,0.939576974366345,NA,1.30130518016088,NA,1.2350504895113,0.72687638081319,0.903969801248731,1.19375087388211,0.714380680692634,1.09337877599996,665.665687145102,0.22687253909304,0.363361830908023,0.730332314877253,1.64625323715976,1.20408998697711,0.752998001152529,0.978327174916997,NA,NA,0.570696196374607,0.686176304628345,0.9822514350463,0.942842695767703,NA,0.859799229513327,1.04541395314927,0.782953341001616,0.748864824716997,0.679506096017076,1.08925093864513,NA,1.49120844425801,NA,1.14446508227038,1.33499981264288,0.886727602040462,1.10569904096765,0.404466201581452,0.7069520845457,0.835868139411284,1.16052408627883,1.70127644088822,0.554386652424062,0.871507390240156,1.70581057809727,1.21113011659357,0.66200288087235,2.2633964605016,0.672315493334681,0.713898708006065,1.18718856642857,0.748017058727715,0.841578304365537,NA,0.9792234358672,0.799606504765719,0.644652455472983,0.840413382581046,0.447614198510788,0.862175662566354,1.06685782630272,0.97930384334805,0.756945253266397,1.31367272182606,NA,1.32187587542653,0.299856984385097,1.06091144860151,0.966390792886135,0.355539696444873,0.760127087864457,0.507800307214284,0.744170011346256,1.13224775241982,NA,0.834704875565387,NA,1.13690783100272,0.512444824103213,1.04901613754934,0.922558221278553,0.602978758374967,0.872998889864986,0.806876836835215,1.28538147307673,1.04302127141076,1.49974753889251,0.388049639689344,0.087827207345443,1.11459083964225,0.806560267543131,NA
"sam_70",0.392879021307581,0.546011458970114,1.25790438642292,1.1077312501124,0.28695812865261,3.03625835412054,0.753797736488717,1.38912423948935,8.10242700434485,1.32778260304262,1.56617906656713,1.40734062252996,1,0.763294003787027,NA,0.41279081144238,1.65220006609578,0.551511215663975,NA,2.35017736090556,0.40354856120872,0.913149294990532,1.33610873178188,1.02751246877538,NA,0.309994436969062,0.516621394885523,1.95537285198464,1.08135098828195,1.10910223633425,1.02617730541341,5.6424699866551,1.06039480458089,0.606335139149806,1.91664023957844,4.1336587157978,1.40705633991239,1.03992416109675,1.09100263660641,2.99513482267118,0.322041244020158,0.476443555797346,NA,NA,1.30198505115519,0.0372637517085598,0.214188305436566,0.697692045615837,1.06106129534832,NA,1.69803039898703,0.615762042508528,2.60548883722899,NA,NA,1.75858718247366,1.33208247527011,0.882339432233019,2.10250985012188,0.795987973457854,1.7328182709553,1.03337002670962,1.09553603354839,1.71445551884532,NA,1.1449676704003,1.67961457537592,1.07562083442175,2.04198351411454,1.1331146873791,0.713695325721637,1.78350863984297,1.67470329529387,0.990421451821238,2.40895049462878,0.893035212017353,0.906793263975847,0.57836232245886,1.41971938683008,1.31621809517211,1.68808477046471,1.08626917943377,2.47032255675449,NA,1.72666676994221,NA,2.21905987155645,NA,0.881663167436026,0.624341698315674,NA,0.986098091132838,1.88944788479653,0.261394601227358,0.547339843444187,0.381723306081925,6.70378644087151,0.871897791250396,NA,0.830776898458223,1.38994241719294,0.303119334567113,1.89226229239882,1.75739209731877,1.10698805539609,2.01639043740742,NA,3.65075765665865,0.611624194136911,0.789897422176829,1.09273170499598,1.68664188939167,1.35019154802109,NA,0.876401510166864,1.95702481228309,1.41996645567284,1.83409632953655,0.962435645675343,1.20222395619102,0.364512675233214,1.22162642960882,3.3750223561753,0.98435088327657,0.797122356255117,0.318339965587349,0.655101062803279,1.0193856436177,NA,NA,1.16528352782972,1.33092896730635,NA,0.930025038588802,1.90001220665828,0.844486520438589,1.50301826725584,0.61367559119834,1.47980300395183,0.920437385446224,2.08042316817532,0.588090392674722,1.0108740600258,0.414327586991667,1.09226398421935,0.77173464631483,0.687811787043951,0.273760224692745,0.68037052638833,1.33119926166405,1.2969395681915,0.968114222345831,0.367137436517648,1.75526735554202,1.32677743720931,0.445970303630129,3.50037298107928,1.75821363747224,1.17791217373987,0.744329929674902,2.37726895981229,0.538042443869359,0.615631413414456,0.75020226705286,1.9382051212375,0.925253656486893,1.61941057021566,0.888273618226166,1.58636776159367,1.32837214294228,0.323801335849598,1.55643912107565,0.538924898109917,0.871698004940236,2.11889466123519,1.10682253984823,0.643267302365222,3.44972950969205,NA,1.63755396575824,1.06560796633932,0.882914224787235,0.94230602660223,0.902400348607828,NA,1.16498440989077,1.10355029653206,2.1757524407,1.47112352387613,1.2317412715437,0.872568953265385,NA,1.3669197443451,1.38214669993504,0.719605155772904,1.66342450907534,0.874799887839714,0.982169347062552,1.86524057191189,1.0916984023123,0.952677581655226,1.0305999742681,1.04229824749234,NA,0.76304009593012,1.17639502751239,1.0163078058124,0.983376208475206,1.72828223932317,1.49838859400282,1.16330596029452,1.13937847613748,1.57592698685359,2.88697969072377,NA,1.94497799945292,0.986899582244888,1.19917250778141,12.1719000525076,1.91118284812181,0.986675598120064,4.44642622421143,0.240940596355642,0.987713045303618,1.13129015131485,NA,1.04384362136675,NA,2.47996498953684,0.896132430756085,0.532284104908096,NA,0.561786605608051,NA,2.22155746855741,NA,1.17388771775922,NA,2.29652058373009,3.59323457816515,1.66696322342196,1.2684455673846,1.5373668398322,1.16676830442749,1.01579187048133,0.77870097677237,1.22656223431383,1.09202108652751,0.964035210714392,0.283813157102299,0.528114194723532,1,NA
"sam_71",NA,1.08636578808378,0.968407087635178,0.809792264098093,0.527489916418205,1.10256653319767,0.780027121336364,1.05367928541311,1.18169950227814,1.04413045512457,1.40349766664697,1.09976752018139,1.04895623324336,0.600973780968341,0.885385180095908,1.29824838041604,1.21496549722319,0.770782152000007,2.74357438611225,0.940442642117459,NA,0.78539565175378,5.43415074407904,1.40558741557048,0.308768840625228,1.8661729950915,1.10937995039045,3.10861239010817,2.68161717512408,0.720126687605505,0.721808855650027,2.31121250202052,1.48292781526262,1.46340269966445,2.35028398051494,0.404850049461119,1.04810266990404,1.36104821045754,0.503923020585094,0.0590230365997613,2.55272934944545,NA,1.44721326121686,NA,0.98533487057264,7.00931942658275,0.473021329094138,0.713004041290288,1.06750575216154,1.12771959579966,0.628493707312373,0.492280390851993,0.864825478826578,NA,1.04676618438473,0.917796234037323,0.444340076636493,0.778677057016454,1.33493197705519,NA,2.36132547242216,1.9252611765378,0.747532192272667,NA,NA,1.0852581482622,0.499080600083528,0.862402276197286,2.15465222674022,4.7501439245277,1.69109267940859,0.479238693578094,1.40074683744774,0.297782281179266,1.74782817075312,0.277995357298639,1.26159958039761,3.18019418595389,0.587400739861474,1.05701874686055,1.29733790324876,0.932361405634131,58.132089980991,NA,0.708536020731774,1.28098939119171,2.03341471837187,0.520764435548729,0.292317477067364,0.959063668037976,1.48370938131965,0.0168032552289378,1.02266266163012,2.77009185970897,1.10149530209368,2.74566833505797,1.58724022564055,3.56729469032162,NA,1.80826469241279,1.22245667844869,0.786698662896867,0.910357161120791,0.946081169440314,0.9150420264697,2.68365725724216,NA,0.029189773351669,1.35660694700477,1.44874903255066,0.996788615409067,4.15745580825171,NA,2.64536816877742,1.31107606388809,NA,0.59455092234983,1.1149869741688,0.695439667644381,0.770842195644751,3.39052137840226,1.08509400144295,NA,0.70493400146328,1.82466171009107,NA,NA,1.29749034045058,NA,NA,0.854600296691555,1.48324596987527,NA,0.469058655443014,1.02959141888039,1.06348471701798,0.551922358249413,0.920715514944623,0.972428759820491,0.521755225808557,0.325717968815232,0.98385804480637,1.53087628902034,1.33789034485317,1.03559218593578,1.50212536229487,2.24456774130008,1.68628230645958,0.683164213618253,0.34940139155734,2.00361631973808,0.728647844475691,2.82700057793892,0.732677084668996,1.23539334253328,1.34389870712522,1.30065470059772,1.26659680091709,0.854189662285348,0.96638990554149,1.18559608451943,2.07138251307554,0.709066734203279,1.10178108314318,1.19267895563731,1.18379390906558,0.951230252733275,1.13374399708142,0.539241915429018,0.637648651508844,0.544339617268339,1.20102502816523,1.72554840689906,0.53740009063889,3.81787274847633,1.064777316416,1.45260035480797,1.21378225937594,NA,2.1636417551086,NA,0.823482124507314,1.0267834777429,1.20511534893021,1.35249525301523,2.98592571235055,1.03141493749812,2.63028732492313,0.621039739077447,0.947990567140896,4.15557750917056,NA,0.788683657705401,NA,0.543446224268938,0.935279218735521,0.787140757630216,2.88230212526032,0.90617709539233,0.876935756124945,2.96988401310116,0.951051851489734,1.42931418284776,NA,1.54710763239955,1.59506186670876,0.83664578344631,1.65617685952494,NA,0.690334949065128,0.589948434200379,0.950167304335332,0.896762340366549,0.941132221895276,NA,0.513227123499949,0.821874321999757,NA,0.0479181266982905,1.02493291463423,0.754734016158555,0.898826867743439,0.908152168157531,2.22804071834111,0.80660766317194,5.26104945297212,0.567027170868239,NA,0.890911245255028,NA,1.39179793662037,1.06405527135137,NA,NA,1.07134961973721,2.71702215032058,0.820653049256918,0.850218434444884,22.5757672789515,1.23940482601751,1.56970563076065,0.472162011896892,1.29026979742591,0.995481452646777,1.25076908166779,1.16037107686935,1.59830292079176,0.373970563844011,1.01754711309989,0.897817706458107,1.21447171532497,0.551025054575227,NA
"sam_72",1.18535068356658,NA,NA,1.46090335426363,2.11281248949997,0.898464731173895,1.43900776693452,1.31239611721634,NA,1.14464486324388,0.91568130103076,1.35260548550649,1.32918246639392,1.22398868225634,1.34012741710909,1.30614565134986,1.37496410584254,NA,0.703932095364942,0.822003311927358,NA,1.34266149165918,NA,0.747663685995127,1.39840710012961,0.888076388700886,1.04967380340308,3.48712407551209,0.739592236461165,1.07192000130708,NA,1.24970808693101,1.09044341583808,NA,1.06994972401354,1.32050737720884,1.19291215230535,4.21296966877157,1.32814719287473,3.47086715703028,2.08507736473031,0.960778132245763,0.273734360670747,NA,4.08135456596755,NA,0.65359027903226,1.00521355621219,0.571746718510454,NA,1.6807386428646,1.22701487374957,1.3228282656106,0.86763022477536,1.99868595581206,1.99884395282343,0.695914223025671,1.22523478251806,0.840272171024105,NA,0.993194670901768,0.804279092194201,1.50448784829573,1.28660831833546,NA,0.987334469948372,0.993248684532447,0.590404182434976,1.43537573431522,1.28844053661343,1.08551028368044,4.001540823329,0.880013377137007,2.41019688830593,1.43748025402896,0.804051244797995,0.918344831649126,1.11787850928744,0.445682174681715,1.11439356865624,0.683427893743319,0.482726617280078,27.7400959789251,NA,1.16149489869551,1.40609196858657,1.15972483379691,1.0246964368619,0.802703237715585,2.15670210847613,NA,1.30837534390008,1.38599646727517,2.14732076130329,1.20280360255811,1.54519950688618,1.2074956058037,1.87264757547348,1,0.7505066127528,0.878356662234923,1.27839064519197,0.929333114259099,0.693017415785084,1.52731550967896,0.99710554468184,NA,0.718185188960082,0.767585585792074,0.980686181045688,1.24971971503373,0.789961046017129,NA,0.213401078425701,1.36181868475784,NA,1.35431211281246,1.24495378054157,1.07284744919464,1.17639156896767,1.33596269950295,0.972400150526542,NA,1.00363055883035,8.1142432384164,0.454869082446102,NA,1.00340267461176,NA,NA,0.795791603813728,1.52904507849683,NA,0.763897761748516,1.13990472712473,1.01061717553976,1.30528910763274,1.04975891699006,1.10544615321499,0.649133589810683,1,1.49406482044544,0.811488129945546,1.16215694521649,1.0965123336127,1.08913076459455,0.991907917492514,NA,1.07912270759027,2.33007944325504,1.43073236845561,1.05618594670593,1.4053754586235,1.04859849720201,1.54350045570302,0.698842813520381,0.955250987700121,1.07130748600353,NA,1.54516981682193,2.25948306390585,0.943065864848568,1.03027674839435,1.25391008608262,0.774317760696204,1.43924657693658,1.24757339802272,1.17060740492486,1.31642801725901,0.662440903486573,0.371596785608937,0.484550428628704,1.26437095656265,0.652848112719132,0.247549404471738,1.2980492242837,0.520922930065698,0.749905739845662,NA,NA,0.993656719867432,0.619133904767316,1.00563407465551,0.707767398791874,NA,0.437509458109838,1.35585276878397,0.729717489624512,1.06705057055717,0.996179536940296,0.729834236432713,NA,1.35224434694065,3.40338362452487,1.68236640622232,1.40824733986775,0.724232117814683,1.7334570357723,1.23096320021733,NA,1.02851383384948,NA,0.80915993517244,NA,0.902374001340907,0.823065665406477,1.32444905937338,1.11768642110469,NA,0.756294043467437,1.70606261330549,0.864466929542169,1.30072714416974,1.02855065627435,NA,0.969047498965596,1.06363107650744,NA,0.44040250314068,2.63696215029254,1.72082488498177,1.72856175174621,1.39116073437873,1.27447539125242,0.905810867407774,NA,1.4550559242637,0.961610647715394,0.602424144758008,0.581934413591629,1.96839756381514,0.953254299443897,NA,0.4033212551225,1.2619404176823,1.65837922683467,1.12560808936311,NA,1,0.601103768469441,1.27601473541918,0.913483432127908,1.86065359363349,1.19496635556838,1.22436910229971,1.17518703263714,0.969067671601177,1.05713328176396,1.23396680233472,2.7375609737588,5.57052378159038,0.210334301544323,NA
"sam_73",0.9144418651823,NA,1.53385957934026,1.20038708658431,2.40758223895917,0.870411391024955,0.939511975573728,0.784979417259002,NA,1.02195289733797,1.94360132042607,0.873515725891033,1.72725813789892,0.722228347199185,1.10657338368127,NA,0.97546671944847,0.803144799305152,1.1680737963064,1.92323566787552,1.58899762313946,0.758444045394606,NA,1.33652712786206,NA,0.942461617797674,0.613103706549728,NA,0.857198537573789,1.21289901926729,3.89455901815958,0.758043071857385,0.944485658718833,0.425293925522783,0.883992373968957,NA,1.0098813726276,0.995538864413805,1.21684474257759,1.96156918375901,1,NA,NA,0.83207825893889,2.87295453256877,NA,1.38212576425335,2.42212165810862,0.346379175406606,NA,0.948403601564698,1.72175670597894,1.00191300289647,NA,1.8016707089569,0.387022866603504,0.752711777274039,0.950328000460111,1.16483816201668,1.08091390598024,0.918511362525575,1.16692000740566,0.871663780881242,1.99574849847688,NA,0.947575604446525,0.875112745573778,0.672651574242391,0.910126830062446,1.46168591951369,1.57169957795573,2.41604949527125,0.944159486925976,3.61106008411659,0.451272751677107,2.78133568423535,1.73198047036924,0.806235552489361,0.768229698038351,1.71006284170185,1.82272688267595,0.872565676304354,0.603968255357465,NA,0.857256987029403,1.10542528890573,1.14140393461883,1.16057913081799,2.18264415223317,1.79341159273466,0.809407743345485,NA,1.47808821720935,0.292361481223988,1.07942880267885,2.35766825772709,0.759425434003107,0.394232043918489,NA,1.3068268165406,0.755103599222082,0.916270857702243,1.82403875166134,7.11816411766879,1.43959401058071,0.846484416159485,NA,0.209696027877285,1.02996047166852,1.27303968181595,1.01614728414698,1.099075353512,NA,1.34545609345201,1.00877233189501,3.24673160090895,1.51158353738614,0.56481634936555,0.85532114290878,1.0695078349729,0.675415145420769,0.957478117817172,0.825436691375372,0.790187740670797,1.86034424926449,0.948982556213344,0.91883495323387,0.883833632987332,0.600298115525232,2.83060800965324,1.107702712997,0.383623336642423,NA,1.73866364930228,6.16126199982414,1.00237125235784,0.391060712579959,10.173488336676,1.2150087626389,2.84478633616757,0.871998335938868,1.03180203887663,0.847856494958656,NA,1.10929287329448,1.32558890334518,1.28568581240155,NA,1.59400054952272,1.47778431014368,1.57487683416044,0.905269940171793,0.529145465304451,2.44911838887396,1.20172002633272,NA,0.768541201279685,0.751803561412767,0.415142097831569,0.275094250942225,1.19445721551763,0.816767962545532,1.00572183450345,1.42782763148098,0.849954202581915,1.00386024844835,0.682342874544895,1.44423660749553,0.733182753825297,1.16872572155537,NA,1.1636037065189,2.10751944049643,3.97491060602545,3.62600397591266,0.924565667394034,1.01283184003126,1.85419533544092,0.928350686043642,1.83006616345166,0.922773587010511,0.73774569886573,0.960575586186813,1.06172294972364,NA,0.754881184588339,1.14831151665676,1.93009681316391,2.72539923082035,1.22345804410254,0.749496125023414,NA,0.956160251841709,NA,0.943555529320682,0.508932602177419,0.560164433614609,0.839739324889389,0.826455545164996,1.00727941045123,1.19503619736014,1.05494256238745,1.01728936800162,NA,0.737818126330008,1.41761691551251,1.0957937474148,1.13984529076507,0.19484230649945,1.11228510521719,1.44165569095713,0.848309692244462,1.06279575941438,0.773475193266903,NA,0.300141376190723,0.945515357094198,NA,2.86059367770781,0.640625574761795,0.762470749813422,0.788418435373702,1.26707841572403,0.845806851644661,0.592551775383147,NA,1.03265427984279,11.5247530119959,0.808431983656875,NA,0.935348964928547,0.833802647357376,NA,NA,0.976179743437983,1.29067066772308,0.867227664980204,NA,2.07417003552778,2.16040012981917,1.57742868748986,1.15931139970724,NA,0.946597092982864,0.840111283048949,0.797824161935635,0.95638181236054,0.817344691288666,1.31987575194515,1.13774220359872,0.967481780144206,2.75233395377831,NA
"sam_74",1.46120777324095,NA,0.401435210420654,0.913952894201661,2.1718146791546,0.872768479115754,0.971708695586908,1.1817319178693,NA,0.860994660618358,1,0.848789690670321,0.911180857084214,1.02577066343114,1.20631817307452,NA,0.789101398431849,0.346993022603895,2.98236427238272,1.23829883499083,0.216559837157167,0.842537208031332,0.338254446022129,1.44892093237952,NA,0.364942175391944,0.819893860114762,0.450039016950488,2.94648661672784,0.978464610850034,2.20883003576077,1.42464055773808,0.843917483729216,NA,0.428277560114156,12.8860402804547,0.291793993819279,0.424753117441743,0.997539566204835,0.430955212689901,0.843391373229419,0.526541155690243,NA,0.388152516574342,0.877339925996228,3.84490225855462,1.13626850667141,1.06174161729302,0.937599428271507,NA,2.87210549859558,2.18114905518341,0.711768400232127,NA,1.83898390410952,0.77595880543311,1.27338380897996,0.952061557324247,2.2701975882375,0.979598600380851,1,1.68045550930736,1.11098852279708,3.30233537199021,2.53265863205083,1.02787723655582,1.51067750317655,1.42667554531151,0.580870870845365,1.60963958342314,0.522566693364273,2.45209448873504,0.972208656541978,6.13674842285865,0.736623196192572,3.37609167599749,0.729218616012981,0.901350367714852,0.892976277655559,1.49096435672884,3.16855379735626,0.793666124498664,0.815336105159448,1,1.28470677402104,0.734530933052206,1.65831319848578,NA,NA,0.953806943497407,1.17858854903415,NA,0.744523405065477,1.28273179036468,0.604630974073671,0.808731456101091,0.373369065493167,0.904813456082027,NA,1.04922313084372,0.839646098710117,0.480666496968308,0.80887158228105,1.61276169975082,1.16143301310487,0.909472967623905,NA,0.332457112354796,0.855842565203528,1.9738459123505,1.14219999491009,1.31543729191002,NA,0.506244165613012,1.07993619985967,NA,0.846782529873405,1.58743437270202,0.879229379982916,0.967539732857624,1.02864885372844,1.2189079009699,NA,1.20518744542932,1.96532094442642,0.545528638374302,0.741401201138009,1.13741348062735,NA,0.66695748621777,0.897967739319299,1.66988671517239,NA,2.21505969698837,8.37339704197762,0.970156402440217,1.11154413592185,19.8031733963853,0.759569170842502,1.56439151811095,0.487519601249858,0.925895052468711,1,1.40136167657137,0.966436636566051,1.07544498256419,1.0741548537145,NA,0.718474094947762,0.92706293407045,1.089127334633,0.983287799457927,1.1112734948579,0.994422073248989,0.84357055666684,0.933909237831861,3.99685106651193,0.913433916262348,1.53804035485601,0.157469729688849,2.16103061998807,2.00416916746431,0.525430861379118,1.4370528177497,0.746605196318462,1.19908359373211,0.670936424045668,0.94908524249922,2.9066222173133,0.933364058475112,NA,1.61189176485682,1.56063486638144,2.77904470064924,3.84014677947494,0.788018573346583,0.907110688527242,1.75800093608785,NA,0.506838507641443,2.19857228993446,0.466202131198005,1,0.52527563679257,NA,1.66972234996575,0.986395260780606,3.82299234527452,1.59187214032671,0.89595877292795,0.759645752016734,NA,1.00926717920199,0.814557086044962,0.96001122217008,1.98772030378471,0.994937897781749,0.980249943113949,1.3498238990197,NA,0.716452984902271,1.02411166045177,0.5538408764961,NA,0.911450406890301,1.54952114399669,1.08631379525566,1.88268256716418,1.54290013427398,2.3781602132512,0.950213366302297,1.12213402852972,1.16720494130804,0.507179979329228,NA,1.39970198311475,1.02096634200991,NA,0.455833047265994,0.776165812572091,0.635472872701332,0.395298374756741,0.95693672819296,0.6486737188522,1.32322427534028,1.56452560206709,1.24447807244861,NA,2.24671428765693,4.41589271464185,0.660404080697373,0.782084887053162,NA,0.391651778543995,3.41150319546716,0.65254086553631,0.933369724977543,NA,4.87758338570672,0.437058611260093,0.529531453916612,NA,0.541049042754897,1,0.673605500458438,1.14704431664611,0.728232423492725,1.67190206977697,0.567374571649031,0.568499894061528,2.82228197044805,0.513337454741559,NA
"sam_75",2.60026541432226,2.49487038483906,1.83123316910832,1.03290877276834,0.845586579872618,1.0041556101669,1.14086564755876,0.683834558389462,NA,0.75170238273117,0.904188206522153,0.782417636697588,1.35269530255533,0.85697733379382,NA,2.07096888657888,0.618683305888417,0.715416481104311,NA,0.776905602610271,0.927956447084825,0.713165469219905,0.83316457283464,0.733755129500809,NA,1.39623683769872,1.91655522050146,NA,1.16350669099033,1.21167855719603,NA,2.19421359499297,1.16979800486532,2.80146038991074,0.445017603561787,0.693718583155387,0.639807703773913,1.41280766726594,0.926748222838558,1.35975119242279,1.62782715988242,2.17503491726235,NA,0.25547292913212,0.38627564651975,2.94139688509535,1.55846094071558,1.36607812016633,0.655441934680545,0.428609709993769,1.48194446681521,1.08847333769877,0.811066705064043,NA,1.58653934180176,0.473085729050036,1.30383413273645,1.40734549597996,0.24812964832891,NA,0.932881933530512,0.777199911311746,1.8290224293485,0.601203446388694,1.86320787526487,0.876569025318443,0.868588758155445,0.87593585635986,NA,1.28879932156251,0.67303432141016,4.69128279879876,0.859954447903856,1.26339833984593,1.6180847277829,3.73961778114975,1.10081685956735,1.25188363578523,0.567031325227447,0.667396676989672,1.13720469124369,1.26300979574916,0.329460623070683,NA,0.520600319609316,1.59831438876579,1.1880280866641,2.13209390311682,0.791621735953645,0.754754050827025,0.824619722442735,1.05239441851551,0.977011308194726,7.17577165374198,1.32091151077507,0.863029874853483,1.1761776730264,0.22894462562533,1.62123613527256,0.780676303551182,1.11529200685697,0.671486459077884,1.44378368395557,1,0.816896128740321,0.823878045312628,NA,1.21707812637358,0.703055298688673,0.969572209189246,1.06622077363203,1.16911667483929,NA,NA,1.00949740543429,NA,1.6721878047251,1.32878837068003,0.893007476575173,0.98416608293723,1.46974129608442,1.0254298928404,NA,1.35197699620588,0.724094197393763,NA,1.52615796532892,0.972466384889884,NA,0.972308120325557,0.757960181775654,0.62653837424919,NA,0.557675971410266,17.8365747280912,1.08688283391973,0.862875391100982,1.18100879586735,0.65946836768063,1.84691273090001,0.423992534105063,0.624878703376264,0.657464177862148,1.06026235109331,1.12151140906221,2.17615609606413,1.20057902368909,2.11378835818854,1.09714580097726,1.38297888846504,0.85726091350044,1.19608077245607,1.51613923489679,1.54187157811705,0.838543392243135,0.96088912284499,2.05950962306239,0.653777705289604,0.156696389805404,0.362320820264427,1.20486580027245,1.74646643337199,1.32452343172636,0.580929515378675,0.691090550530986,0.728903265400771,0.986388654106931,0.841240007331855,1.57189233624246,1.08383133242643,NA,0.876858293722643,1.41600594854257,3.45020033957481,0.793672341902783,1.16498464850969,1.04024699087694,1.04183823734386,NA,0.411563370967582,1.18432615218425,1.52086185070849,1.17266111960755,1.13206250033108,NA,1.10711023515086,0.814815294894248,0.529319956509617,1.11014644412151,1.01451629487456,0.74441994362362,1.85923751932293,0.723136011552538,0.249431334162202,0.841037412564933,1.04084581934091,4.15661423744226,0.683483393522665,0.46404159235314,0.852873984250408,0.966795279163336,1.97660050484401,0.900102215096162,NA,1.11578611455252,0.447329138347146,1.25723571716013,1.11543725828381,0.488253249575318,0.97936877169791,1.15864405325195,0.873011115253666,0.620601113125612,1.17603889106027,NA,1.02683243756536,1.36373258358671,NA,1.82315888964611,0.400406931189631,1.73205091535457,1.20343418405502,0.888314505113825,0.637853557714952,0.895242825252207,2.81342887801091,0.98760062689113,36.0269077286308,0.762034453324435,0.38589834732636,1.13873562436793,1.02802994358346,1.20450415322127,1.33301911384328,1.87950208112845,0.421152154480416,1.32534051898993,NA,0.674921480843588,3.82286567780134,1.17498823956915,0.676413958714715,1.08873783602368,1.18381218445901,0.731706682867514,1.5322957628279,0.93972725373455,1.12314407341124,1.22538127638373,0.280432638192178,1.39826433362761,2.52541937342801,1.51472075746904
"sam_76",NA,NA,2.1944590677203,1.12801028862832,0.400929918749203,0.673790309917047,1.2684801489466,0.845772581918037,NA,1.46073813953334,1.45337305025699,0.975979352869437,0.59023949175275,1.32562752383462,NA,4.46669542321783,0.997305178360954,3.89562128596363,0.208470960586251,2.13888010414435,NA,1.66708664103378,0.357436741285289,0.927083269039139,1,1.22866076475262,2.95161628941881,0.815845849907824,1.24718032003245,0.992587649509753,0.791662133654877,0.880953279211305,0.949484540387742,0.32403054578545,1.511668432369,NA,1.83267416700865,0.440378687786316,1.15761684955236,0.0785278149796512,0.968356044359477,0.87694315415012,5.81954923052755,0.909343155547013,0.750685187389095,0.0547139437403968,1.28910199877012,0.601193267210142,0.0523763034011428,NA,2.13398086047491,0.312935883595659,0.830089190671865,0.73810416979919,3.68269001905065,0.633400780013849,0.718586732414703,2.51399868666307,2.55390821825019,NA,0.86807461546017,0.94473115661346,1.61654516151116,0.917974745790744,NA,1.42674171148747,1.97056741153354,0.553402152058145,0.881921411416572,0.983166601006406,2.4723315173259,0.929223659961962,1.24006713714775,1.13610160550515,0.792896187617041,1.57748345853416,1.35396917677986,4.13718411192737,1.35812754153635,1.67327047147368,1.23583976727611,0.825367909633123,0.265564044019208,3.3876689820785,0.762719845604095,1.18494001638101,0.99566360044409,NA,4.15646995463199,2.74604961089101,5.1166502202799,0.749555124376864,NA,0.424890317432919,2.09450578577714,1.13297535832989,1.10066840174868,1.63549195640804,NA,15.3851871681359,10.6176764762465,3.39883717848638,2.77242424612062,0.355398249372229,1.71502162061085,0.938828004238573,NA,3.47006622381307,0.536881192720099,1.29826420890351,1.23020727747602,0.489860266500288,1,NA,1.55455220101572,NA,1.30002425718853,1.3036900446239,0.735486882944573,1.01370380011088,1.03495098015983,0.946518770939131,NA,0.79643932232983,1.52007597450821,NA,2.36054408726686,0.387250480423616,NA,NA,1.47467810196701,0.809225874665631,NA,3.33711502860747,NA,1.10968072029196,0.27797169452056,0.507704351134497,0.991506285408558,2.54344713180699,NA,3.13116893571781,1.88566981547821,3.05809380004219,1.1020846223233,0.827906935411662,0.897788897000909,3.90950329862701,1.57191752706359,0.962702063613107,0.744912978607307,1.67669926955282,1.20629400651826,6.07787153469018,0.559194466458413,1.44400671245332,0.386457898021951,0.544835127543494,NA,1.22078017394035,1.00536189893862,4.87562308282328,1.59232880394096,2.17615556503927,0.766129622189302,0.651726602694629,1.20347184545419,1.08545038570131,1.84584809264973,1.07637719114148,0.271387694015706,0.185136777938279,3.16481776715819,0.804972800888249,2.75468432713271,1.01938829389779,0.93607428155456,0.793556179120637,NA,2.30166279828608,1.42435059238162,1.44876758158576,1.02612742687891,0.91550990480795,5.08248041012867,0.452652131998709,1.0580099928276,1.0200273067535,3.27378178514306,1.21694367896212,1.01988270353205,1.17078416461048,0.899272744287189,NA,2.87025244882698,0.828251893481413,0.91802274639217,0.865707073973086,0.276077094865473,NA,2.13933265130949,0.337597371107018,1.30541994508921,NA,0.987325888811957,1.23173703278528,1.38618439668168,1.12634655268632,9.14683987587886,1.09110544993066,1.63117375765051,1.06292849888351,0.409906875239761,1.0502836017301,NA,0.895994547293301,2.63814553693957,NA,0.539217317825052,9.74267334376743,2.93438119929929,NA,2.81694364551771,4.08096359284799,0.773461671217404,NA,0.931311042205014,1.19160847964998,1.59802255833778,9.26061675048022,1.34138375188129,1.36315256087102,NA,1.37976896514579,0.812987976400982,NA,1.67704904743901,NA,NA,1.60578501194924,0.832192986353442,1.97203769823356,0.921844902763902,1.45164585063164,2.73354695805672,1.24026418889017,0.884785795554422,0.507297440829987,0.668343611371285,4.27769217111982,9.54495143077677,1.81569259670384,NA
"sam_77",1.3753277616192,NA,NA,1.26618061636599,0.775799883449074,1.07920537137985,1.11804606830093,1.28478690412404,112.333134843815,0.643837410719229,1.03612951184224,1.15952851378741,1.08857946714993,0.995405105162135,0.777499178368631,0.295119860736867,1.39429007257242,NA,NA,1.26272120243772,0.469515654430641,0.813476379197945,NA,1.24062540334516,NA,NA,1.06485918942745,5.22402356759998,0.523705825657893,1.02788491685138,NA,1.11065927851481,1.61081164321622,8.77930454042504,0.653317666607449,0.668208572022858,1.37768233541966,2.38671603874231,0.95084566755139,0.139432831058006,0.78646170074144,0.656955643558212,NA,1.33695708116201,2.91431025431109,5.07150680103438,NA,0.68600937424827,0.970695078635582,NA,0.865504415511475,4.61040588246017,1.03784888449993,NA,1.42158064249916,NA,1.09291129879384,0.922779462131751,1.02468317760452,1.02040139961915,1.29135282324876,0.787863340122222,1.44164178661122,1.60701993442868,0.609956414590977,1.5960373251664,0.851106117207775,0.579685158478355,1.22469827922398,0.648489719352814,0.978042606316572,1.51178755852911,1.62032172449766,0.659415105568568,0.827191263358536,0.432680905285693,0.67274848622078,1.22588883655242,0.849411929773903,0.712087228953279,0.805424057749224,1.07699672207765,1.01086987403044,NA,1.3801646630838,1.11207943494431,1.11374866823764,1.62066842799328,0.0606457318981273,1.31599598645177,1.13781951794754,1.42951844119157,1.05669847493926,0.887258856896201,0.761785922184292,1.05861999498796,1.11551597376964,2.74840538508237,0.757348934359267,NA,0.862777294457241,0.807621353910794,0.902846903885813,0.755414120645745,1.06164563556751,1.07489018952893,NA,1.08375022581653,1.46919407975764,0.459938051939607,1.01004427718701,1.24704037839053,NA,0.326289392204378,0.957951083043099,NA,0.884325694386544,1.85567293353027,1.10010993252334,1.11340998289052,0.942630824373516,1.10778443772065,0.578046674555826,0.849927384163971,1.53361047713647,0.674724457084739,3.19634667653449,1.73700725211844,0.438174097729971,NA,1.18808923333812,1.29606029642361,NA,0.111178791884831,NA,1.01638086831491,0.755350799719678,0.466594015754665,0.789425265797264,0.347157928315121,0.943506366033952,1.08430547352567,1.24868197425685,0.530505287414135,1.01164950113909,2.06225037425888,1.58775778963008,0.201767779125532,1.05147946860325,0.57891831715843,0.739489994101158,1.08706455305195,1.02066713663717,0.865951139452755,1.13772777976798,1.17375766507039,1.08314092239325,0.743749728199473,0.227601504391296,2.9666824603951,1.30234303993482,0.618222231900296,0.934803276981125,0.625416509177389,0.9766392745597,1.17442224426365,1.16028578977429,0.974485206979653,1.05202307332854,1.11722302640639,NA,1.89231003201217,0.548523051612227,0.8768023637175,0.961699335761656,0.996853417465589,1.08176297541575,0.729748464657137,NA,0.976925503732383,1.13185517812825,0.831362737642042,0.832160631969976,1.01290478056615,NA,0.821573919556456,1.03791639006321,1.08513255954712,0.673917448507931,0.90586116445834,1,NA,0.82508916953227,0.978782170240059,0.93658437622054,1.0827709769134,0.640122405304771,0.754165082671673,0.881005511409625,1.47780372949908,0.770086819747967,1,1.12140980409898,0.578250258179692,0.990349734527228,0.869024366092785,0.930593009924206,1.00322744562663,3.1838613265257,1,0.692137919381245,0.993895930052173,1.59942288202655,1.29975447227789,NA,0.818761626264306,0.954503056503992,NA,0.0983508452999795,1.38508632069556,0.99506033081987,2.13060589760259,1.0130977305894,0.795719790213255,1.1735089249787,NA,1.12771126808875,0.786216564751174,1.03466039955896,1.61266090478417,1.07286875207182,1.25835149461459,1.40827203631722,0.762133572925245,1.44078642225795,NA,1.01742138521614,1.06238625601645,0.814868788838744,1.30290976167978,0.980803493025813,1.08434673615401,1.27049358035758,0.803839774027217,0.647132064428992,0.529149599745923,0.928929721119702,3.20834497565696,1.13007321666597,11.5999981847752,0.141966821063865,0.62173870880348,0.645794574967082
"sam_78",1.16203065388796,NA,0.155970398122947,1.01702785093403,NA,0.409339502615009,0.644075435532333,0.717043397940106,0.5210420784971,0.529959935041055,NA,1.0339224548008,1.18747557948473,1.18980638124338,NA,0.173230342019591,0.923122494696209,0.668285636337681,0.573036090550403,0.569730714530169,1.30075950035034,1.81326034538326,2.27472528645902,0.334962791700202,0.404886733289379,0.934753940852172,0.864265523275714,0.338097676872202,0.643179158253648,0.710556975886993,NA,1.05069413935142,0.903290415470757,1.87725530479457,0.552490677321733,0.328484335187995,0.478727068823009,1.28179207443174,0.621049149187355,0.067666724565891,1.63017676878944,0.350147008773109,1.39293676740377,2.19721449133021,0.622723534702404,0.197589630022367,0.873912926961928,1.07623599705537,1.41728689170764,1.43442035059978,0.885624400915407,2.04133104407426,0.436388526370799,NA,3.59288187032408,1.01261428456295,1.38314672915992,0.653865503453278,0.432972297518163,0.873733725559628,0.68319941443595,1.26532428974863,0.573936926323482,0.321407997246765,0.66720407967444,1.19592889938546,0.746722982855429,0.444918277569768,0.509824986910341,0.767663161614571,0.498627138979743,1.64791055036684,1.31464191512992,0.947972000134656,NA,0.966149286815432,1.13235201098555,0.445674927784961,0.232432844327082,0.834249681108846,0.509642939385538,2.41734261291947,12.7524713264046,NA,0.889901777468999,NA,0.877131178970612,NA,1.18794342938377,1.20630870989866,1.26654877953608,0.287441527212475,0.7549015136211,6.62122839768827,0.963715368226261,NA,0.636824049909925,0.822907252431433,NA,1.02534161012653,1.10121400979722,4.56745152327544,0.967408902188137,1.28224883878447,0.579453765712109,0.57953348503315,NA,2.94190076098874,1.09790619909364,1.18163885971443,1.02190068999424,0.448578072726144,NA,NA,0.919781186610951,0.851058684794902,0.790932296055414,1.41897722123488,0.621144591163377,0.717136114755339,0.601890162119401,1.13763609707257,0.935086031211633,0.996369441169649,0.504715512800759,0.986336021430364,1.22897787075234,1.27629954594041,NA,NA,1.01880108359529,0.593092820684944,NA,0.826431797811462,0.460206106596999,0.73789679905555,0.668211383301612,0.589659964514883,0.914193021399182,1.16153464956552,0.579663977415043,0.529769303008612,0.928513838525083,2.48091551058099,0.869915738716477,1.40271401652431,0.764568139297418,NA,0.71100807350425,1.11258874958566,0.731822382675104,0.970512640349279,0.680074314756855,0.925473537021979,0.667398070480796,NA,2.12065723937007,1.56792826393779,0.621774132857233,1.13388068500073,0.310516417902079,0.595589820395706,0.989936498029189,0.487060032435555,0.554558301037917,1.07747822613637,0.532200960986594,0.876660730509421,0.919118446503496,0.446745193732488,NA,0.634064103273811,2.58940340803465,1.02322706365039,0.43918918189219,1.15330649778619,0.957056130882703,0.108386600979114,NA,0.4944610233304,1.3461090620354,0.779155848063968,0.741408660152796,0.789320256341855,NA,1.24937931577691,0.979637280514193,0.819787158145119,1.07579627568718,0.661456183203155,0.927297087921613,NA,0.61724948286496,2.71908952821727,0.635177146733286,1.7029952893786,2.66235752709979,0.451938826745416,1.33082589748276,1.0268798759763,1.10293966291545,0.62689997414719,0.788020091403455,0.457294467753731,0.645451772573359,0.991526068164201,0.808112855373579,0.950724736980779,NA,0.7733330613232,1.40010431579133,0.807890052334505,1.11841285498329,0.256195876877202,NA,0.791515968183309,1.27146670122239,NA,0.70176041943237,0.52194298180445,0.940544939464069,0.435140919835073,0.840737317134136,0.603208920714163,0.972300878501966,NA,0.523364945582478,NA,0.526743499074031,NA,0.753435337599405,NA,NA,0.857112204045426,1.8106895521704,0.454696276668978,0.917425570643716,2.82772867382814,1.69819643252982,0.777161716113889,0.971810834243333,0.701756446193507,1.99438845163842,0.709998002682294,0.559111235129624,1.57102144283221,0.420277002421698,1,1.47238144274949,3.60552183203135,NA,0.15631585049005,NA
"sam_79",NA,NA,1.69269972420966,1.03340077938426,NA,1.46764580408673,1.02460579271747,1.0088984443027,NA,0.686105567970814,0.814134107306702,0.898419905987209,1.45400744638292,0.372991271050773,0.895068290045822,1.11188707744271,0.887312425332296,0.380875663500736,1.18384969652375,0.558970769538543,NA,0.471322383981273,0.583936147675549,1.91550027466278,0.950252220191455,0.446353110232283,0.482750076127153,0.446296484155589,0.512898761446673,1.26347350237988,NA,0.796142087731093,0.904907361524874,NA,0.525713339902548,1.36412857519234,1.4631707618564,1.96510941512166,1.61429649797558,1.76274363338908,4.4001775830055,1.01250932576331,2.27165912388272,0.672123429519128,0.503609569445337,NA,2.13357949664767,1.0538178684143,1.2426591225412,1.09979016912989,1.75096170120758,1.49623902111543,1.91338927688153,NA,0.0206399571279023,0.72030391435792,0.828632552704187,0.906856759163466,0.431121935180083,NA,1.60315958997566,1.99343396709117,0.601318747533163,2.57385808603057,0.929869067278076,0.806356648507028,1.29905877594894,0.977338447662292,1.52360454765028,0.706144466554066,0.448787544539155,0.600582115013956,0.859773167272867,1.93802605634613,0.505596258742102,1.79689460280581,0.839767423299688,1.42452229244256,3.48512221942685,0.278299817642081,1.37127858065112,0.835270073377032,15.1611928458235,NA,1.07042998537707,0.725337791642082,1.77275114996577,NA,1.68135730902197,0.677352837323758,NA,1.28870527446779,0.606049032104391,0.777094573107769,0.966437776295769,NA,1.13099731484263,0.206415923324369,NA,0.399094390442498,0.579464037156365,1.05174026590434,0.353513548887429,0.45667321698856,1.23106422511255,1.84596500324849,NA,2.4096663465713,0.889096767230602,2.28045013722781,1.12086537132059,2.15387388574771,NA,0.438786441611214,0.867679823399106,NA,0.72333992365281,1.22100774302541,1.28565479952952,1.03650717720775,0.953353612075052,0.88828534491545,1.64984725072004,0.934868838318101,0.86040267913,NA,0.991410228994609,0.974984385702627,NA,NA,0.602956506394941,1.76467359290782,NA,2.00802498586736,NA,0.954937804714337,1.67727828051019,1.15411887310078,1.5008329929968,1.79433921310285,2.59047053750053,0.888692007237115,0.884878664883195,0.201780412146142,1.25789355382532,1.11336932946126,0.864326062046216,NA,0.942482497717063,0.855381978095403,0.290383208671868,0.778282338356399,0.882445782320685,0.464732437596089,1.18239496772803,1.10745563530227,1,0.967708699753868,0.178694077729987,1,1.18203875223007,0.520624483553373,0.600290847588108,1.59169057117688,1.25570685060401,0.701991325068382,3.18989451208449,0.766544159217508,1.52447812768583,1.59474679274314,2.41664528297461,3.07464010805012,0.180872719867264,1.97223661135483,1.61293380193717,0.89861818348617,1.31358545561249,0.281071457719288,NA,1,2.41361230919999,1.74726807467248,1.53705104717389,1.72901390331702,NA,1.48634614906487,0.971069615314303,2.53097781507559,0.547007954295928,1.28095591781063,1.40181900556043,NA,1.39676362299072,1.55971794867582,1,1.09868606967695,0.666700884424566,0.832892275157101,1.58203249966781,0.6308143615122,0.570653356496655,0.438235717846109,0.21845306798176,0.280602706836675,1.03085824656392,1.54876346043057,0.933197372437007,1.29356595183713,0.716494935189973,1.15569916167664,0.92641055019728,0.964096614905819,1.55078475100532,3.53175820105129,NA,1.69792397153182,0.692814502748749,NA,1.76917156022548,0.64880021006264,0.607644947808374,0.802163791592325,0.940240145913708,0.526467628662641,0.969540854519722,NA,1.476944011687,0.746568190346436,0.158621237417147,0.769535564747218,2.18078467814939,1.14439348699754,NA,0.855519615386305,1.32203907204462,2.3552615337888,0.893509937024891,NA,0.100662273095533,0.669668020044111,1.40352037884287,1.10806741752952,0.288765819484631,1.07107049067843,0.612084068526706,1.3826878429031,1.34380199610994,1.26482169888414,1.89990064156778,0.69181148282867,1.23147245253396,3.19666697113373,NA
"sam_80",1.24531336924086,2.34605824110505,0.373945432173014,1.4604608854402,1.43055168746087,0.350472177608488,0.516431778622006,1.16343670862614,10.1186993894325,0.762162279661736,0.706472431513826,0.989319166276099,0.764238679995368,0.715650828569377,NA,4.55363478876259,0.892411532526882,NA,0.913448034009119,1.12619184747718,0.644661634768962,0.888645793645785,1.4773600846977,1.97178994855999,1.44697630706804,2.42030371341858,1.49896623230157,2.27316670733305,2.03392690357565,1.46626170065283,NA,0.522758469026482,1.09386576762274,1.84043399443004,0.71805879870872,2.14266214605612,0.730516232961056,2.18257488676544,0.729202830078904,0.822016164225501,0.810226671595359,0.140657566414918,0.265962199781471,0.84711043610188,1.68908638768809,3.46351688567194,1.95215203894414,0.615270125575314,1.19578907149296,0.282530445880242,2.18591620988854,0.633463418564838,0.8854985330028,NA,2.18258533458372,0.387867285345315,1.23390271998523,0.631339852393223,0.614615638250579,NA,1.85022004032346,0.63760191356381,0.856852793088631,3.07484700988057,NA,0.763157646465727,1,1.09371558558507,0.456163519314812,1.54519001900543,1.01990745992875,1.10534411058602,0.891550977008841,1.65607734306805,0.805614859277653,0.698333411832497,0.647387973725413,0.70574337799768,0.373149021500107,0.908666307052567,1.27794696209645,NA,5.89851715451273,1.09341804928381,0.798012659346972,1.00818923099228,1.00624393317469,3.2619891188259,0.969185901501547,1.29959377872376,NA,0.0431861560396617,1.4337679020954,1.20524948923547,1.53635882404471,2.9959306355958,1.12802250816393,0.893482947054269,0.787762826400948,0.666469710751625,8.27483105792915,1.30043948888984,0.557675694896256,1.75078186201089,0.697863066787173,0.891565859149947,NA,0.982400931442282,1.24717607840767,NA,0.879756693093075,1.61473382240204,NA,0.626420992354224,0.943756010227406,0.875387431316023,0.700922597341548,2.22456504017958,0.829530439365456,0.906212373568929,1.1321341347834,1.112155261589,2.28792559353683,1.61250740826552,0.360181558378726,NA,1.64781061053723,1.52424683809756,NA,NA,0.739070479348359,0.853022638026049,NA,1.02198978920827,4.44853665406872,0.997628747642162,0.831551701063592,0.598210172271406,1.15111391160777,0.62786383667867,0.567398263983375,0.694881552541829,1.4805360214302,4.77967693396626,1.3733395129009,2.85614792981694,1.30442651995839,1.05737312496587,1.19178082254825,0.974138275191102,1.25298225763218,1.192009615285,1.03336074483589,0.583346875007532,1.59838529079859,2.82563862583836,1.4945892985854,1.02562322013457,0.401200007481038,4.23736304274688,1.88499912812863,0.464667580338052,1.14018638477613,0.567383545177706,1.1373984919176,1.41972563402995,0.747989881112255,0.924535351177599,2.32930124043982,0.673625985307641,241.018331732292,0.780417492648865,5.41232202568067,1.41100511873966,0.364984214926885,1,1.61261215450999,0.132352924022361,NA,1.16832351092815,4.04481761822041,1.55231573404293,1.0391951273978,0.788854317230884,NA,2.2417475296531,1.30454756890408,5.55539284429268,0.694867573566164,0.744283343890772,0.822036365302075,NA,0.452452573017893,1.5381735576123,0.681600308912094,1.09827113382068,2.44557282707083,0.816111123519034,0.739032895550387,0.950601776250087,0.813786901598677,3.90229064245003,2.9137691021342,1.03512877310191,0.921341201448454,0.525253317338717,0.924089753864634,2.78963714832306,NA,0.936145792346627,0.825318224055104,0.912862325624496,0.522968532753184,0.695010490576015,NA,0.748315054728492,1.16177588078493,0.491123609526208,4.01737087008856,1.0131401253754,0.707177124568045,0.681323099835681,0.455778368380233,2.18096484621076,1.19235277780488,0.146959504619122,0.983383490566004,0.879463364616102,2.01233835223261,1.01747613031233,1.465388906797,0.639766338811835,NA,0.22738048282131,1.30309398070866,0.508706030720072,0.849038362687484,0.569880685226279,0.889798583649474,0.629785239267524,0.842634952974786,1.40353840547287,0.785554071152853,1.05648704024209,1.2040372091893,1.72096385828636,0.478333673044722,0.818816084275577,0.747414368227437,4.53331200768877,3.19828699820976,0.296592114925891,NA
"sam_81",0.889162839023159,NA,3.44803083112399,0.944360386438065,1.54960373399215,0.600443371174413,1.09629282772895,1.23601874795089,NA,1.50613760006838,1.24406980066542,1.00946070080916,1.20315848950947,1.14152777370736,NA,3.32753734643321,1.14102136058741,0.961285750571983,2.50916480631649,0.781852180635569,NA,0.856231130603809,2.79542193538268,2.19357010924684,NA,0.869889248535736,1.12024220853914,13.4347643060623,0.797381083477418,0.875855416004092,1.14771963601472,1.66573528197869,1.07893769333317,1.49712536904315,1.030724026873,1.70683971332249,0.691875273840877,0.54522830039425,0.979856633754687,2.0651282944047,4.78182797426232,1.39793321648569,2.0107578588632,NA,5.6701258365801,17.8555105474954,0.989614656520124,0.848300445487896,2.45908238609907,NA,0.799631894869941,1.87063416217573,0.8732726622397,NA,1.77449637516905,1.98619013341579,0.913491092116877,0.853207402756656,2.74001755685012,1.54231483302038,0.832178044758698,0.570330637573434,0.843211411390816,0.755396740724367,NA,1.38719375304004,1.7472259520936,1.29842905336933,NA,3.61462667542381,0.896638846375507,1.06152618732574,1.00367631366496,0.903073254316214,2.29579598086611,0.786833534286807,2.90802005877065,1.29324267261085,1.08721994790961,0.976788088851337,1.31914573199869,0.683333140890739,1.09802126302683,NA,1.59367789831455,2.1772016695293,0.614130785519207,NA,0.223919429242918,0.324505546314702,NA,2.54451174928921,1.45104384132029,12.5531452983777,0.830231664800698,1.4961068832,1.22179141393967,3.80582978790562,0.450274332485338,1.73279913573278,1.30694483136258,1.38327814784904,1.75002852571717,2.06389371554557,0.744617837044136,0.728526602190213,NA,0.307413096591999,1.7330737997547,0.649292719879916,0.869773888440617,0.884660773093077,NA,0.834450032600383,1.3368129699509,NA,1.0849714979064,1.53496791890697,1.22636737043086,0.970799610194512,0.816013893114953,1.15443646843204,NA,1.43282667584053,0.711901569493334,NA,0.886299964583914,1.65849212346328,NA,NA,0.421496284917276,0.652871374796312,NA,0.680153088111913,0.793699420434328,1.11445093991056,1.18972890576112,1.72599787776353,1.25970034639483,0.461703804740938,0.643026363229695,NA,1.00258413825623,1.80424763127881,0.720621009950118,1.00870732693156,1.19617003170902,1.37243080497096,0.840213334833835,1.62585119402719,1.71099188014471,1.03607245996972,0.78591770845669,1.30291340531122,1,0.430111548583623,1.18668678060593,0.630732310435764,3.04060147548998,0.332983832504252,0.802855535771692,NA,4.78097213315847,0.911314271394357,1.82347961041909,1.01074513257937,0.887957134366129,0.959149967342165,0.714487268329253,0.857996442216325,NA,1.89651951897341,1.64452022673613,0.968595302054592,1.15909702136097,1.17191028970478,0.85290824052678,0.196114378012336,NA,2.45847197565817,0.617116966841486,1.12177854439483,0.974513453472392,0.758344477552939,NA,0.820342569559337,0.730763831920331,0.531967650760893,2.14660577641563,1.34859586479013,1.0080058833834,0.610728851124953,0.700117366218414,NA,0.70579973438013,1.3455246688474,4.88193513005639,0.672800079695558,0.583808580481733,1.41813282903106,1.30347526110022,1.24569292419643,1.60414415026654,0.546683544897625,0.724671132324151,0.779710664006793,0.978101039433164,0.808442914482725,3.41517991442519,0.451079709334314,1.3405692126645,1.41553544804882,1.08070641250534,1.19869463257559,NA,1.25521958485079,0.751825108099596,0.401950525004863,1.32718993019429,0.819816737788829,0.689555004457282,1.24422169457372,0.405585689887121,1.33612177766498,1.19901172059964,0.108166565549456,0.953509324882343,NA,1.17176096083812,0.906712708234374,0.885217551669383,0.367362246236512,1.23590604264087,0.493612411742592,0.982442492361287,0.60964063601228,0.967190354296963,NA,NA,1.671250181416,0.860057832263409,NA,2.51077498574359,1.02619444228115,1.16995434640189,0.682779979059163,0.644091042667011,0.574615475688611,1.01860960657271,1.79283369459571,11.3958021721495,0.71630875853423,NA
"sam_82",0.788690280081685,0.522889460412193,0.360154052438324,1.03670557200278,0.646104835767581,0.980565617109969,1.18213561759518,1.16815222205161,0.346790177776904,0.856674318822452,0.697599585371748,0.908759194017474,1.07573495093375,2.1720557729588,NA,0.237132228958678,0.679609856537271,2.32998285704384,1.11666097017792,1.65956948202055,0.437953217980927,0.426436582230495,0.465998953618412,1.2607549828552,NA,1.24719047675815,0.960551986385715,0.36845614153446,1.18835747787084,0.835949623754325,0.558712137464826,1.77322340951847,0.783174085985342,0.3706198470933,0.402327359814614,0.802561298988554,1.11859251589293,0.636867527309682,0.557422667943546,0.34220188823943,1.57553477963392,1.19018631226675,NA,NA,0.155331057541223,67.4046503076227,1.22123102901557,2.17667576812417,1.82916708088652,2.2908386071167,0.711402573144045,0.542851010216915,0.746371312281314,NA,5.744911278529,1.06103308661087,0.282709490224933,0.679279581543737,0.496853466390825,NA,0.647142520929239,1.72643692425657,2.74182505155131,0.302608644553001,NA,0.934226054269221,0.887636463851329,0.344680585536874,2.0263674700931,2.38927717978103,0.930629637993204,2.80902811284195,0.823012769634051,3.17611703741495,1.42603394650832,0.177216465972405,1.27395602706381,1.42304112352178,1.75338419608162,0.363767339167838,0.564423792890084,0.953872469821813,1.49773690637332,NA,1.59810097545348,0.756022753111389,1.09308475281473,2.02034107647351,1.4212393012614,0.377920831185721,0.17699974900233,1.6099093989364,0.633727812514982,1.43280648921117,0.719438265046087,1.88118667678255,1.01397296942387,5.92452337690688,NA,0.632188049884653,10.712343412013,0.85222251507255,1.00619128967596,6.62460106329056,0.720876499495955,1.26726324983874,NA,4.46312909866241,0.830002059747105,0.846460086461819,0.864488466554069,1.3469829145067,NA,NA,0.971730984571194,NA,0.953144629792355,0.647570322009034,1.37374799868951,0.845530396649974,2.24545786046265,1.12053071893896,NA,1.15018685545218,1.19846154885001,1.82677556731,0.420214586020042,0.759310296474254,NA,NA,0.82225802142607,1.43435363188697,NA,1.13445564704219,0.526150936444773,0.943369482163861,1.40388333694539,60.2601381251512,1.09492943474313,0.502626055967617,1.53725123935055,1.98182261457167,0.853291203693615,2.66779884193882,0.943561790817552,3.01884352237286,1.64664371293007,0.181124694534165,0.606009585301857,0.639081889673721,1.56878523259345,0.976375069005729,2.11293214281302,0.557984677724934,1.25980310458719,2.22833802876978,0.840141123435697,1.27405440072344,NA,0.318562175508146,0.810831052198014,2.15994253520378,2.41878787026304,1.17645900331298,1.06866735755665,0.811952625702238,1.04182141571792,0.845718990071848,0.646092032440975,0.984851387724121,NA,1.32624447270412,4.45480830394182,3.68597851086105,0.448943433452633,0.849978315952507,0.631512527968631,0.661703528726497,NA,NA,0.285389229972727,0.333968793362287,1.1489966168698,0.861688584308778,NA,1.94571304053479,0.584507907125093,0.578228089627455,0.686152937569979,0.809382625261663,1.2969099777775,NA,0.637621332220189,NA,1.08243649849381,1.08755761110188,1.39523927473958,2.67371527005839,1.08779336819315,0.975430080305244,0.680472098729711,NA,0.591719366258751,1.29659287588035,0.895420103124034,1.17248169985175,0.982252966242746,1.53922311418624,4.39620218526324,2.28842022719421,0.493625929739401,1.12620087849412,1,0.977179266944213,NA,1.77302388767668,0.751818152898497,NA,0.292033108681607,0.744259769042333,0.684201538856444,1.48916147817354,0.747499951192386,0.587997980197907,1.09118316490332,NA,1.27314022927329,2.73508123379709,1.30743922654887,25.1555078301332,1.23245425834199,0.843084583285811,2.37236025018144,0.72812418510487,0.562747853268052,0.359933276038901,0.743525406228062,NA,9.7662609001038,0.694188432245876,0.905475519154202,0.941091508803668,NA,0.985312898541958,0.639507175235183,0.44521588944158,1.24590678175531,1.10889149134455,1.06926219195415,6.18792333168819,0.614199979920629,2.43197070157523,NA
"sam_83",NA,NA,0.709761400662305,0.9726943458647,1.46035725386859,1.48926652899492,1.20953370729653,0.912508670658966,NA,1.15514567945179,0.631435667048125,0.814455916051308,0.630135561386464,1.10416516584476,NA,NA,1.10878859610959,NA,0.586409228717706,1.01344443608881,2.7307200813097,0.378403451592642,0.495659370181047,0.308728114394016,0.88264075726707,0.739185932898267,0.68091764711861,NA,0.204009791888685,1.14982939462777,NA,0.863084630060462,0.743857660545236,NA,0.804233337303647,NA,1.66333045388073,0.572910528157916,0.844345306617961,1.40776513380624,0.438154102179181,0.73238627126485,0.293619178841543,2.30075033989874,0.807255974194433,0.110838564297643,0.895984312437787,0.629133127370943,0.131180230042359,NA,1.24121686667217,2.37262142089268,1.08433873646355,NA,0.106862371792889,1.47925566953649,1.44738231214556,0.833819068191953,1.34382727482078,NA,1.18206454430785,0.890719300656068,0.906850201198216,0.72768001208113,NA,1.39819380299418,NA,0.677786267550287,0.826212294366096,1.24790750261018,0.660037922430851,1.2162057029648,0.80727693578796,0.441221896049185,0.834274572566318,3.54835511200942,0.498034839840502,0.622343267456299,NA,0.454580639066828,0.300681268399458,NA,0.527942425017274,NA,1.0591104449019,1.24948633083555,1.21150489271591,NA,0.0573743432693615,0.789777942981937,NA,0.948229482725425,1,0.509952464073641,1.38553374628241,0.359901580118762,1.35120121224022,0.345889613453336,NA,NA,0.706130916141714,0.939665379899628,0.713985428017217,0.586599019659001,0.67826951198486,0.85971509825974,NA,0.134006084507477,0.592776195709519,1.08973796198521,1.03882201679092,0.664489898274674,NA,NA,0.976399356773037,NA,0.800394249307315,0.743660582693859,1.29311440029234,1.15607664964021,0.607608023784708,0.876049493386946,0.23337508593254,1.33511743518112,1.03038895824343,NA,1.60213051542536,0.693596102969473,NA,0.258279822252958,0.72564522134533,0.810068048587988,NA,0.193950701754326,1.44745787437015,0.877362178147845,0.754656972059729,0.487165628431156,0.90246790888487,3.22017202768219,1.52335048673091,0.801381976188809,0.817702686223351,0.372136982383388,0.981853717949789,1.86687799989516,0.943911528494834,0.350390597193724,1.22800336903857,1.06854549762982,0.483409460404703,0.596536125589984,0.671040713252536,0.846534680129139,1.10588542223232,0.7694044561502,0.646744715017377,1.24595428805149,NA,0.393803681641317,1.11776873179084,1.57088423481397,1.14518329477252,0.330610482795796,0.867338735691508,0.513413536689748,1.06527358655726,0.696415727569706,1.17434828558413,1.0018528862963,NA,1.35980898215772,0.303328715595918,0.240610957906057,1.54425889186061,0.998194829985296,1.29013825745753,0.540814024082938,NA,0.485126682822865,0.85186699036171,1.84040139785783,1.56416264813416,0.87682832645534,0.291813211843105,0.426849775445377,0.855699786968922,0.994575300319271,0.213217557897633,0.801413316760378,NA,1.01975544091283,0.85389313367212,0.842816710417511,0.76449108838125,0.668662995763801,0.589374903553722,1.36783479133759,1.24751645780368,0.784554206849085,0.697324166559126,0.788112956289817,1.28703801839951,0.507545455451553,0.591106281908526,1,0.789101769024518,0.892384651715689,NA,1.16315825316546,0.841332510240631,0.996078015308255,1.08913478111069,0.843025507479799,NA,0.946861155466737,0.714765060166558,NA,1.58011233261464,0.750953840379956,0.965025063861674,1.45497630847943,0.571878034404029,0.535058473230067,1.07815768240115,NA,1.60121295700458,NA,0.865561901876046,0.828735402265218,2.04827181706459,1.1532480197437,NA,NA,0.776533628467911,0.602645689499512,0.969413065437734,NA,0.444318157880618,0.805072617587215,1.21350719227996,0.741195611674333,0.402790631726092,1.13250578882113,0.79308362746443,1.29792967328152,0.997742476532847,1.17256312860343,1.14067974044979,0.22991717514214,NA,3.71756997540979,NA
"sam_84",1.00468706566104,0.946766183374243,0.778898973821264,0.837918636599549,1.22874549995576,1.25279331980673,1.25492859166749,0.629082499211268,NA,0.407880740840545,0.889174047413055,0.866722857146788,0.915813529101504,0.985508068337471,1.25813368365947,0.313035893854904,1.27360838133691,2.11066418662963,1.4656124524747,1.24982121903339,NA,0.48842455505627,4.34355417593327,2.71873737866819,1.0241833779218,0.801239736709226,0.434660883617425,2.54046788792415,0.727914496225226,1.2219889351412,NA,1.07629317949179,1.48397187463535,NA,0.363546297598078,0.586437459227699,0.667197549234476,0.846848238528592,0.524752174540165,1.44008448406795,0.384566514031922,0.801457968125294,0.863135190477891,1.60604023893014,1.18227309164576,NA,0.288190028438998,2.72665689085697,2.77950093468357,NA,0.742024257207146,2.22128945218171,0.491462238167333,NA,0.234374476769193,1.41446382644435,1.35455533041936,0.420844331267822,0.511279626328164,NA,0.849729768194832,0.898377507801495,0.861762532351742,1.03430358661337,NA,1.0888879806969,0.735921334047779,5.83678350434159,0.392193624918087,1.48368774052572,0.819238859256654,0.653238512720928,1.10755134267948,1.18649867978681,1.02684168311816,0.503081688303952,0.954403988278677,0.275210230911071,0.508950400014408,0.796726106814156,2.05378437268803,1.02983779172407,14.0475901997825,NA,1.47599509477947,1.12983360179761,0.448879378517185,0.714474419562015,0.0291392467005248,0.573464290123035,0.310401211103182,0.70063597922542,1.02412046448228,0.488333100507093,0.928044582606235,1.10861586383082,0.549329156273749,NA,0.870103839391077,NA,1.24960842205502,0.538269512621499,0.670904470897539,6.10915169078184,0.775876876964941,0.462048633741879,NA,0.761204902008659,1.16714987122726,0.346582474610032,0.694309488719114,0.733938954142675,NA,NA,0.725603013782603,0.466666118502965,2.00441769527102,0.57466945031123,0.908072973674644,0.857352727890688,1.0435841859065,0.742563748520062,1.19218423512658,1.02422977403263,1.42095609603912,0.61080077681879,0.658729410142143,1.32939235691589,1.12654077617236,0.877116669242483,0.192375395364765,0.51230522959581,NA,0.0523324178983259,0.319255896618715,1.17518574777059,0.481881850687974,4.0082774880687,0.537168992423447,0.512204175623104,NA,0.333980353522842,0.750943578756532,0.613304542326096,0.888899954810531,1.15312762386047,1.58790858829421,0.749163221197345,0.780487513886531,0.902232319248401,0.851154580936161,1.34807409283719,1.02330385981932,0.523822080811396,1.05261555462896,1.50985621346985,0.230732477552897,1.09620815598725,0.50461000375993,2.22587886360011,0.865019408291166,0.504426169279064,0.828195950770883,0.412626307167081,0.529424144409153,0.906807144896299,0.299755929189215,1.02743166388218,0.950675476141915,0.495901152329388,146.984897636168,0.938843202722282,NA,2.95727241374646,1.73175673943563,1.39670400371911,0.901873125409933,0.616972325595276,NA,1.07525126913636,0.440531296422733,0.874041235494637,0.926511824618228,0.61671866058716,NA,1.01503971634747,0.68319375579704,0.849595960673061,1.36429957473303,0.604092585972753,1,0.583396267305207,1.07697806638239,1.59076085006618,0.22759734396493,0.713517657866093,1.10001853126667,1.35040561916032,1.06385783911186,1.02341337472809,0.925930027217889,1.13367856010866,2.87333065841962,NA,0.492452388462997,0.748782692218437,0.98074568908446,1.03610714345169,NA,2.00395535965321,1.11596061869411,1.02765297861059,0.673976481422639,0.265939886140753,NA,0.252698608079628,0.906914885441483,NA,0.12069603478619,0.872984834097068,0.666383625452773,0.988469244278959,1.55918199257746,0.356283152207481,0.923362460959955,1.53878638420464,0.791648363431711,NA,1.05003375520446,2.61301210166417,0.797510853861678,0.58749819602766,NA,NA,0.303418342212532,0.277297217623201,0.700097237209259,NA,0.30109203581706,0.749063934133588,1.20652702787542,NA,0.465347721377866,0.827481718724294,0.516970379016044,0.287892940135308,0.911432460003105,0.406691490201498,0.84097973414671,1.43184501611951,0.826388662959556,0.8386459643213,NA
"sam_85",0.861143738949742,NA,0.199394050969072,1.04403363809268,0.415822900964053,0.994218313311012,0.86962645638682,1.71458820825633,NA,0.755455973585387,0.983678163765746,1.44274580427077,1.16223325415344,0.40151567176749,NA,1.15874711535548,1.45044409703011,0.65122410361929,NA,1.37372157078552,0.28710876737108,1.36140692338532,5.5275616913619,0.69249757070563,2.4403515030611,1.8031441372331,1.21678257641301,4.19512790166869,NA,1.24822169821189,NA,0.731011424801244,0.608730863543722,0.881906611740985,0.952832548948695,1.61263496737755,0.856292987908338,1.99649490000148,0.86787813542401,0.0667794015914561,1.87467495581119,0.772713829559212,1.30774422760129,NA,5.04246365144796,0.297551266375938,1.17470185547887,0.500319776583105,3.87534304655877,0.452739489564257,0.845980977204306,3.72420465331192,1.36811386408698,1.25773145063407,2.5714600003576,1.232137124224,1.1071488293114,1.01675951035835,0.944395380496116,NA,1.71347373948372,1.0930195105475,0.80218368952261,1.8524359158137,NA,1.15971897894756,1.09052548148327,1.33369665281571,1.48781891496695,0.423305159430115,0.601929699607671,0.949350202850636,1.21196236240572,4.30071273352621,NA,3.35410335380204,0.529603446253834,0.796257821650201,1.13043979318631,0.674687025436005,0.696632271933186,1.20802710089268,1.36763064282545,0.295097192391044,0.848209015792382,1.0628774147743,1.4893929366426,1.52601205583883,0.737127979624022,1.09056831664836,0.955961601173147,NA,1.08549606319391,3.6961523297602,3.48434487564645,1.52275789451001,0.921549191681533,2.44930277457787,1.02101172826039,0.845439887244173,15.7029595707176,1.07298076031727,0.786164808444095,0.208865851911523,1.14469205515483,1.44683935800324,NA,0.146110617143148,0.976873003480037,3.18843308873711,0.975122018534387,1.89003999034703,NA,7.3888731119103,1.62908606879937,2.02893240605159,1.1032370758012,2.06810224604743,1.6152538550147,1.17268942946797,1.25789200190305,1.07723879647216,0.362021417852118,1.02289024765508,0.690385514065786,0.294465654932838,1.4781712437727,1.12912568697883,NA,0.615769082811556,0.713037786490443,2.84111499428417,NA,0.698588202703527,0.888988501103446,0.90132054024995,0.969280477518502,0.292666653066367,0.627910312484477,3.09573669705065,1.73161477626728,1.20271888839826,1.41077757749851,NA,1.18124167489144,0.658173396061314,1.07669743187454,NA,3.71577513008579,0.620806460187256,1.06518476252794,1.11109536758635,1.05541236191839,0.795962810624383,1.29940999635523,0.705033006221265,1.59029185762562,1.06144488544053,0.252916186863518,1.83877770528153,1.30550718512051,0.900861738158352,0.549666957118102,0.615025829796078,1.53265188499883,0.954787685318427,1.05623235969984,0.882050776190382,0.893035756674308,1.42124252651878,1.71231934136077,1.03794666332423,1.54756150138999,0.824918764398322,0.137606991807272,1.25930044101682,1.53967503582658,1.57326222042226,NA,1.02267464053993,NA,1.07158393528135,1.80138785419849,1.24849961025489,NA,1.70183037737702,1.16536895506776,1.6443517415355,0.647352671297117,1.27226545337909,0.882035430305814,NA,0.891818257909677,1,2.06558447072696,1.546476628457,1.14736981781061,1.27181923655785,1.6684685425338,1.00246990297302,0.652797019493758,1.16986101913638,0.556071423976522,NA,1.41943637508376,1.77117942786896,0.959558958774881,0.542471408714824,1.47970835714011,0.52908370824469,0.96612814135312,1.29206220768033,1.28660457687849,1.53934480759398,NA,0.798297107020782,1.31714767838197,0.608260103027869,2.06442004987799,1.1163887065591,1.26840395984464,0.811477363092867,0.458346095657324,1.34622394023808,1.55072634379034,NA,1.59448704370463,2.47503477534877,1.0325731070402,4.53863882277178,0.366527754958645,1.19801064246034,NA,0.505883349827484,1.14980873123539,NA,1.027455321795,NA,8.57709608885207,0.909978170640192,0.580460360938199,0.652122418739917,0.332833383123973,0.980907079273382,0.821994980442675,2.97102440676409,1.27196096780683,1.34203831875535,0.390899968697671,0.293419680353433,0.515685082318264,0.587016921432457,NA
"sam_86",2.94478006092785,0.758839845247688,7.94679350976843,1.10622010594645,1.09304122059273,0.452975896204279,1.23048500697829,1.12398070651953,NA,0.37084581011716,NA,0.70056129435133,1.34108170749798,1.00459489483786,NA,0.318730406391645,0.443305831658115,NA,NA,0.185616364502243,NA,0.473748873919828,0.950299215717791,1.59415625472876,1.1615466599684,0.82829033920238,1.39306552601385,1.10315522242092,0.232135457784845,1.56494384557676,0.865133009418913,0.559423274216223,1.07890978386773,2.3249866701,0.509756252204517,0.154585356647217,1.79038923170034,1.42905012129754,0.960347619955487,4.44808563199784,2.72474883580484,1.66567200791134,NA,NA,1.83820311144853,34.3014190174287,1.73920560214713,1.08862420619947,2.67899396191383,NA,1.4058651578794,2.30655114991235,1.27980786234883,1.389175736695,2.55590718442275,0.803724163398094,1.67926606496512,1.87143055134981,0.903458634501612,NA,0.800585809498025,0.71797445838169,0.520155441647364,1.64041668027476,NA,0.852493325911291,0.815766735946546,0.768651062038878,0.663971256428706,1.77191355249466,0.651996945171396,1.87705241620386,0.840173723408338,0.609278697672322,1.23556125869641,NA,2.34765493490121,2.74894790852343,2.00047099386289,0.552037947424145,1.15309509085856,5.64991082306247,145.496322593003,NA,0.552186266584918,NA,1.15432855184715,2.70793732601599,0.196431260435725,1.47380333878513,1.12572500385663,NA,1.2821648546609,3.97860935325435,0.622630108631372,0.678643508984097,1.48065003330349,1.29448716433855,NA,0.612682682640979,0.856355101393603,1.18710699385593,0.942877718016134,0.335428472194506,0.997269172674095,1.24245541507957,NA,0.627356121874696,1.12993163032138,2.66945978132596,0.801700630710903,1.69107514312571,0.538819196282433,0.175238134707194,1.07898283310217,NA,0.635692140816205,0.80781015186442,1.02589241845594,0.930114514005475,2.86824763010163,0.724401762421029,0.372574596982485,1.04407019360561,NA,0.961594131761903,0.844784794225771,1.09019762120489,3.36130267671704,0.604204229773883,1.44381197810357,3.14910311062972,NA,0.270497174974295,0.140092574831311,1.17610209607735,4.37256454024933,2.2304598247914,0.658528077784142,0.695238736275111,NA,1.87388362277259,0.676410472058886,1.44679520234225,1.27037212007372,2.43688969693159,0.831115806316965,0.507296128554385,0.743071753181132,1.76711424777098,0.351397782056005,1.23235690864643,2.52039338522511,1.0108703808863,1.02583577959674,1.48142665143119,1.38967017443476,2.33216215853054,0.305343765096233,0.376598799655059,3.15043672212925,1.94048405325057,1.34809277179166,0.475279350757637,0.969591833697776,1.10854429101331,1.90956748485754,0.824850721457009,2.23485405275446,1.61588587619375,NA,0.396088086183004,1.69599493453177,0.977651354992643,1.02667984485341,0.889999293184178,1.14591158866675,0.707733730164881,NA,0.482469091363409,1.93342491233674,1.03717539491813,1.00354187874202,0.772146576310876,NA,1.55096982541607,0.739091715397137,1.03610277294486,0.469998536141891,1.68120278674152,0.806637947576693,1.07950167040709,1.10957014170219,NA,1.93978218879111,1.2556735769832,7.86466849496267,0.823863533609161,3.93574563931421,0.926952619987903,1.21686077581619,1.65631360209226,0.621231768304171,1.93382751538806,2.25123986903358,1.33597067370923,1.02410542370524,1.34608495262873,2.99053958240493,1.64665703321668,2.11006184975015,0.814211016852917,0.846451652711822,1.62375350271328,NA,1.90070359186756,1.63341600163199,1.04047357611974,9.28901548348824,0.35360795623146,3.91774017354183,5.7831649255615,1.99973588309972,0.474444541867051,1.27565946346119,NA,1.22435110335245,0.0874160965600895,0.678450878908395,NA,1.91220991542326,1.33976751096642,NA,NA,1.69754621692962,NA,1.27269741820968,NA,0.463373772188837,1.61476680804855,1.9041034634213,1.03784617850981,NA,1.25925829688873,0.590819978756164,0.698041421139273,1.17622518811426,2.90309957966676,2.71786235791554,0.110245475695875,0.101496104800625,1.76244779482459,NA
"sam_87",0.494518487033886,0.427864220219562,1.01389562077169,1.41735626448745,1.11431284041613,1.15968951588046,1.35922681201514,1.20342855601875,NA,1.73492020567804,0.657017608739309,1.80432696814723,1.58755921464053,0.451903834149393,NA,0.734615514961088,1.25035451119503,0.503355662003242,1.66147443017594,0.304921331658136,0.79297830540128,2.1149098376742,0.937616498776932,3.34450869931299,0.471670310272154,1.08173415677715,1.23074170618192,NA,0.43461284606738,1.35507416738396,NA,0.941074911363713,1.10288244545062,2.00349858594561,1.16779472645848,NA,0.968252533592374,0.368107217106939,1.19305667403607,1.91905641531135,1.07123309006266,1.46091248075134,1.21042243260804,NA,0.572236133234008,NA,1,0.804287260508849,1.7467676862086,NA,1.09979918915019,1.79521716947284,1.16692843940686,0.888393352861533,0.274008305490326,1.00284763605726,0.708568954950685,1.90047836472393,0.802997728184181,1.46931762071537,2.03992834764363,0.968118605775167,1.25630284650566,0.66435108369377,NA,1,1.636454325736,2.47595461738462,2.25583615831133,4.60048222871542,0.688534134891791,0.758466594562702,1.32714316377756,NA,0.943037253928947,1.05643743816024,0.802638099831331,2.86809918410765,1.03844939699194,0.563996662559658,2.63222660650487,0.940762605864366,4.15418381692049,NA,1.17663190754872,NA,1.44843605348675,0.461600539595875,2.04165615965726,1.57224023623234,NA,1.775319821945,1.47086770994607,9.07254786295862,0.874193875221837,0.411825296358607,1.03729557016023,NA,NA,1.64616306941455,0.517030555175778,NA,0.42571268827814,0.433905044153512,2.26035374488233,1.43005825008755,1,0.356584126046193,1.56263656487306,1.01931381895431,1.36185673796704,1.54428447121333,NA,NA,1.69126217022335,NA,1.76522198577065,1.89665437945122,1.68224051124336,1.36564817046094,0.854211140828343,1.42828264278009,NA,1.10271667865038,NA,NA,1.54253015377831,1.18587780884357,NA,12.0978145215256,1.48604027958342,1.55539783644026,0.522491232442016,1.81175793858569,NA,1.12358698337793,1.13958858976294,0.364965131735044,0.887352832909192,0.970371796703231,3.34447729720741,3.55222734040037,1.47811424390156,1.21914407929885,1.27598401116162,1.14383124315015,1.29843449766073,0.521405651439413,1.13389776019222,0.750422593640463,0.968660528060623,1.23823398749308,0.723362332823703,0.833988985255236,1.70836884091069,0.735795228260008,0.894844643982889,2.16185330209113,NA,0.350925629923648,1.51552581259949,1.93696125312722,0.652469545466088,1.09446459263832,2.02487174432829,1.36294139320306,1.87992472014459,1.17731765084853,1.24942626420566,1.38448369101175,NA,3.28411375264877,0.72228418643546,0.356111745528434,0.0742348442285065,1.37848558787606,1.46644567410085,1.45253098247864,NA,1.56539468629885,1.04019428103006,2.00880460306198,1.66364121869743,1.30146202293302,NA,1.18344718777486,1.46252536172664,1.00542469968073,0.631759747955944,0.999253935971305,1.07039968141675,NA,1.37379534813734,NA,3.26065051805132,1.11075286297863,1.73623554415632,2.09210770222935,2.55810841280293,1.36087905082319,0.734360937983631,1.5970255899609,1.38324288627297,1.43522684524712,1.35519477826445,1.50184454242483,1.35015212359115,1.30628127309984,1.03827479085835,1.39485436215078,1.72412647246416,1.3863470199626,1.42283076768104,1.2853900857235,NA,1.54813632080016,1.41204039695769,0.737389900548982,2.06504318989691,0.443812292699193,2.648322008984,1.30510771977979,0.950145591820887,0.804241672757222,1.18077300641093,0.653989667431755,2.02131280637801,NA,0.917453488207519,0.664508641995181,1.00579317181027,1.26750496921716,NA,1.65317730000327,1.12098577284684,1.92568586193618,1.39657907419687,NA,0.855756615623289,0.690588526302637,1.3114584502089,1.8574136852837,0.358663951166742,1.24137265465113,0.80077666714702,1.98961304779825,1.74119547943617,0.832250364320687,0.773880755757652,1.62414346469876,0.687395551144187,12.4584889204346,NA
"sam_88",0.905091063979244,NA,0.754165897250865,0.741933272600251,1.7143975848234,2.59824799950204,0.696930191846496,0.885136017228738,NA,0.951887107682639,0.77425885039679,1.7091018972121,1.13863224179129,0.551186409952602,NA,1.34576453190435,1.25523224454801,NA,1.23216932577137,1.22853002532596,0.250231836317551,0.406536578790616,0.887030621306542,6.07714697120577,NA,0.987344617856343,0.926141635525629,1.29023021935349,1.95298219945613,0.462774396086931,NA,0.958427154874789,0.845902138430899,NA,1.64764662705602,0.224884687276024,1.71799918309244,4.69078491985717,1.16387464041345,0.887644908930403,0.769336608821385,1.29927335815661,4.07921786936178,1.10839030322953,1.04195131090929,1.32410255846037,NA,0.522403464421971,3.11809680305546,NA,0.686224519928037,1.46199741012119,1.40017282364173,NA,5.10713462674446,NA,1,1.12862805238354,0.782883498177556,0.640084467697524,0.607691210051696,1.01419700429091,0.1966183127922,4.71027361790072,NA,1.27362037152293,0.843241053670682,1.75452341456684,2.14587914316746,1.20246646054905,0.799827485123849,0.968824784922645,0.647451479415438,0.491061698197014,0.82818529529652,0.0884366229121252,0.466352525033974,0.610271170353238,0.777130362506792,0.728094619192225,5.19825350592653,2.15002861788551,0.569601577878224,NA,0.75079829038392,0.841169593403929,1.65773956742749,0.841181119682785,0.903342170240471,0.393019532422628,1.06368177207831,0.83310646096456,0.930955982630718,1.01725162413053,1.15241646214203,1.32629324459437,1.48572285705224,0.475318886062254,NA,NA,0.889219295688251,2.47784178652602,1.40054213808053,2.37051406851993,1.1689001837905,1.7691749752355,NA,0.992680587496809,0.88141078328307,1.14475161691716,0.91050633516879,2.68812643326844,NA,25.8435948895715,0.915843308621732,0.80902745826813,1.01345131871465,0.608878218597816,0.870887321349779,0.896243650481833,0.743529786129388,1.01550290032672,NA,1.82103336401878,NA,NA,1.77638542282172,0.47541444580823,1.97218518546661,2.02120281159992,1.3849245522061,1.40111820637303,NA,0.525509100581091,NA,0.932536901270425,1.37557792287762,1.58720901151476,0.95829245629719,0.079312780078274,1.946521687918,0.534357584599151,0.745864527748222,3.41940024057494,0.830990273163234,1.57239919899586,1.48576585031207,NA,1.14658498693183,1.34803916857454,0.519112840825239,0.973826303061199,0.893752802981501,1.87908219515539,1.07454942792178,1.63607155482035,2.74826296502591,1.17255969604177,0.595889380189156,1.97235677418471,1.91398706399941,1.12478487337365,0.39880212287038,0.615372087874885,1.29181320587074,1.18128274644624,1.64652457208331,1.03732080782477,0.79892059174365,0.929571648757825,3.93411188847608,0.264944254369042,2.85224246158179,0.754158105421368,0.840487351066094,1.30936305808226,1.01052853984693,0.302736852430093,NA,0.201134891784156,1.05378007683802,1.7535763308762,1.06548952537806,0.698585851039674,NA,2.58460630921942,1.58892137058538,5.2953594406656,0.81603510124157,0.821176313392213,0.951144492125728,NA,1.86277597155687,NA,1.12387618156581,0.508368708798761,1.23840764445764,2.15488269807774,1.18763967809367,NA,0.747591825274215,NA,0.882174198679069,0.520321323857435,1.31137053384259,1.20167471913138,1.07615969910256,1.11130101759599,1.47090551199486,1.90455008089367,1.08824605376536,0.868571053847245,1.1605708189839,1.40474354543528,0.74620461895497,0.531774086869379,0.896237405437994,NA,0.77976965742057,2.01449737533646,0.939254734629556,0.654737529054711,1.3372884531137,0.975889175516698,0.621048109635128,0.142771923280175,0.734548055509782,0.245577761685688,1.25902388760854,0.741902187783197,1.60602777895514,0.985363286989107,NA,1.11225328558058,1.53412248535608,3.86155590209201,1.00343683661661,1,0.683725500665967,1,1.28270077584375,NA,2.21105961253238,0.928379052287138,1.23674389598317,2.56429819399691,1.421076929259,1.31821597198197,1.3964979222096,0.534517849095601,1.31710704798729,1.55972600989397,NA
"sam_89",0.901484631433433,NA,1.89709986134359,0.916532972180974,0.334661940525531,0.800948503589338,0.977005312006444,0.896535799686014,NA,0.957589116100812,0.50292375177106,0.591910737417696,1.30552672164866,0.883861725612288,NA,1.55148348211506,1.04689123533304,3.56477319601457,NA,1.61876892979716,0.855430424191364,0.757074494733623,2.0888900215269,5.05630024608438,2.88878853307769,0.76271613494973,0.697110363939712,0.61984311295127,1.07249007527331,0.727751179728158,NA,1.67796586203232,1.3525808983634,0.324508299848802,0.591310582073185,0.508041139553067,0.382740712982996,0.335760199503322,0.985885263436132,0.0632866964780637,0.409480096502256,0.498662676494169,NA,NA,0.457231551195817,0.570646627866995,0.810271167076439,0.416583883425694,2.46794515031159,4.34556385537826,1.06782617972343,0.647519863975288,0.81732941122705,NA,2.72484522098795,0.769123513620879,0.967341924419906,0.988524086250181,0.117367304995841,NA,0.978721227980512,0.678211838359154,0.96511993284325,NA,NA,0.695599503866851,0.834666333134746,0.864105375882507,0.528420676812742,0.582319672113827,1,1.45304332806481,1.09954091595179,2.2304154497348,2.04883145637771,1,1.74303714493013,1.07225174670225,0.424944001393933,0.486966593798255,3.30103692180224,1.83702656985564,0.458614482207508,NA,0.697278955713773,0.885005786059517,0.722285369619141,NA,0.512482555258698,0.941765258252009,0.859826833066602,0.0213618327697503,0.499784859759585,0.432144224250613,0.421176291715512,0.895598641924658,0.666970381233687,0.210989050451552,NA,0.766413494899931,10.420655953991,0.992550206449966,0.659410897172176,0.378751565164453,0.410547529852243,0.681143654662527,0.849743214079976,1.79136094671214,1.03092635844757,1.17779957220937,0.951420662410135,0.625633932358686,NA,NA,0.752021174404882,0.457461608751298,1.09834910138873,0.838384290514051,1.04943607264027,0.869059988655694,0.349473232287041,0.974628683482767,NA,0.944861186376487,1.0415224377539,NA,1.00407616199706,1.50860855709962,0.774902743139599,NA,1.00834938371429,0.322173030148815,NA,0.589905418616922,3.20312859527217,0.851175289672737,0.578898774682179,0.734254644324296,0.981372469947345,1.26566151324449,0.40779107179923,0.415468868389032,1.31289294244745,1.08328040906527,0.757452147901348,0.640185986288673,1.12744989393478,NA,0.438543569650813,0.709695191213354,2.64540230124259,1.01624054304625,0.351845007125379,0.525558276367406,0.897938925183134,NA,0.680840933389502,0.826580138925566,0.311403548003651,0.177911907820823,0.719746796681187,0.729835278756242,0.715436878056072,1.69241938015639,0.723121066432133,0.640434892081062,0.601076876364045,0.939786214514573,1.06570178045704,0.555994433356764,0.711266473549965,1.75210872552564,0.934920220184645,0.782531372028703,0.437905629054727,1.00840100859847,0.952561658035409,0.364246966933236,NA,0.33884204987055,0.896567009858022,0.37698399117803,0.674907949320512,0.874379620039923,0.603372927230712,0.981577193373314,0.816168736433104,0.723090850808854,0.666010624538334,0.642341919949201,1.13030514872247,NA,0.990732820798007,2.08262776273951,0.857492773948785,1.28511008312508,0.678521789621099,0.592379419180445,0.895107530801336,NA,0.783966953169963,0.609440234374009,0.362957804615336,1.12396337213844,0.888567265983518,0.745266934299118,1.06970394257785,0.838709065996131,0.639173601259266,0.238290247865422,0.832824112827271,1.22477728906172,1.78870499186193,0.453063645422286,NA,0.39676908958153,0.889568583097323,NA,0.113581711730799,0.895826732561121,0.869373742345178,0.540230319006216,0.613455697223615,1,1.03370225712259,NA,0.87054331269811,1,0.317270795139252,0.778431047883517,0.834353517084526,0.790617061968388,1.0771746067944,NA,0.35829242146695,NA,0.856405763074148,NA,2.74965879353022,0.870106162336387,0.992862309932935,0.616722422105537,0.631657792308995,0.648086286802122,1.54551790473568,1.84611306675769,0.663197117238703,0.581240860478137,1.25582247256561,0.213195663893171,0.527674995167447,0.333329698713837,NA
"sam_90",1.81908715850443,1.38465205484442,1.22450613831533,0.99640693011658,1.34568499781349,0.610393055882033,0.865673683464398,0.482006402528144,NA,0.765220982129989,1.42877235127162,0.843945576179702,1.1738046839056,0.504038509515929,0.75240554713466,0.629354241228092,0.765994641567876,1.27600585197199,0.610030965921689,0.737066863096635,NA,0.629693957322843,0.675732479734512,0.843853425278954,0.971813610607578,0.752702928655623,2.38830504883142,0.650632021778823,1.19638314420159,1.10243649267184,NA,0.704530796988888,1.03105532842256,1.01766592827908,0.839922886897626,0.231669635214565,0.649627008493933,0.480352060989199,0.444687128719741,1.63076850368051,0.810726362581278,NA,NA,7.54007068864793,0.817372738858264,0.0500778325853596,0.128982153793501,0.828548780209802,0.305447723811162,NA,1.13275603822839,0.658410078228966,0.471034932116971,NA,3.43203783327575,NA,0.634081643598222,1.63006612980251,0.479757817955641,NA,0.813452062002669,1.36792786651461,1.05916449577454,NA,1.42630816920535,0.600367620251586,1.15506805480343,0.590030593202582,NA,2.46027214757398,1.48755276303707,0.524678561703632,1.56479529901081,0.721667067027505,3.22711338508026,0.611362067357158,1,0.499487497292827,0.303074723890689,0.642866786422209,0.274691622583963,1.38213313207035,0.299873372077043,2.53896164688375,0.497087606645226,0.813860927544252,1.01741793868423,NA,1.86391126728208,1.53292368847591,1.51474048211541,NA,0.704151980411518,0.344231355449743,0.714595603391787,2.57408987823304,0.327705140997558,0.464858335835167,NA,0.236519061715153,0.754787757120887,2.30570174302661,1.49160940949524,0.894563674656864,1,0.553053450604208,NA,2.17053597661847,0.937132731147316,NA,1.04400208490471,0.638237121815343,NA,NA,0.914388294080867,NA,0.926047782748155,0.522247998345887,0.889153504817685,0.996187450541211,1,0.84495534120455,NA,0.890617271319046,13.2738627699865,NA,NA,0.605862774431049,NA,NA,0.9895265361347,0.159777683011554,NA,1.33132515661595,0.269911852689261,1.27085374376129,0.364345613647789,0.563938191693313,0.928303060977175,1,0.740185383787922,1.29486011545942,0.563065919985478,2.81864180953435,0.873727915339245,0.619131071826166,1.21939542232886,0.630094522472726,0.809676883597141,1.44577117634333,0.491802057649917,1.07979577613975,1.11834087356252,1.99889672358126,0.918536505835337,NA,0.922810292940436,0.951080912782714,2.45438100749118,1.67953236691928,0.512818858381334,1.43264443374869,0.747659686430798,0.757976656414689,0.519163995574834,0.958797176356322,0.244100424361565,0.906805306044176,0.989736022717292,0.482993326697613,0.0664248683737692,0.487064977128343,2.67584338753042,0.465805399182693,1.93166224453225,1.12524797046495,1.13242142226407,0.0522017265514599,NA,3.60624638853409,1.92400804033621,NA,1.05604195555882,0.741955985487117,NA,0.646785939650164,0.998005657327787,1.54396458509545,0.921001014618157,0.797211600379132,0.965852209178511,2.38470243194882,0.569118301158636,1.10680067446986,0.276063956781598,0.474991161474234,0.616003071422654,0.30038427866931,0.663750384951416,0.981182493149357,0.866166278920355,1.44714191459793,0.993931223496611,NA,0.486502109145944,0.904635356438908,0.864666128901841,1.40166594236534,1.08364265229419,1.88188780859329,1.06201351644466,0.652853769171303,0.654880431946907,0.324542413474409,NA,0.336520756528404,1.20540683966514,NA,1.39855933591881,4.04125029270071,1.20743381172627,0.450141565120909,1.02303496770196,1.67675399460133,0.65751763497279,NA,1.25567637545948,1.29347107243683,0.651094165891904,0.829907911219577,3.19621057548233,0.970321404671222,3.61861823272189,0.328166044911767,1.33905086199973,NA,1.03052779419282,0.76461092061101,2.42238543441266,1.44164165106873,1.03202448830096,1.3253402025151,NA,0.756698181110018,1.40079649184982,0.479420717090068,0.699595398566215,0.730341132453081,1.98975891139666,1.48156819506225,1.49352864708805,0.130693427732524,NA
"sam_91",1.22861661123356,NA,0.948122663019735,1.05352203574526,NA,1.13728260003692,1.13388935601179,1.07073019724449,0.518510174420826,1.35376489952905,1.79562291564399,0.929001384949526,1.10926876732413,1.13686289138941,NA,NA,0.956002902815105,2.24937052173575,2.34856645180799,1.16977926807991,3.2592425925981,0.89301378214559,0.833965100535992,1.71705525242741,0.862430829655096,0.954837869036749,1.69642017476755,NA,0.32051427664994,1.42749877944174,0.561556803670104,0.8209560800109,0.922595357293573,0.547825774053882,2.30055615969763,0.779295093005011,0.78739395658028,0.542711258992007,0.77619626653513,NA,3.13728356675829,3.22879261675017,0.900752170105317,1.45936188260676,0.914090390253376,0.424065455494224,5.97958791842097,0.671726398193323,1.10270618078936,NA,1.77706129379374,0.966204551901305,0.743237323406562,1.8692535389905,3.94811917519687,0.598090136513259,1.11566739838844,1.06138372716867,1.58888712911625,0.977863663489491,1.03677415225263,0.860756912747089,2.21329712534105,NA,NA,1.2016066487486,1.06311949741942,0.655495784893072,1.68496404698182,2.91148494938952,2.67505078561303,0.884856913135451,0.658861139320669,3.49537901542354,0.890140679428893,1.70574688451649,1.04769068452839,1.68003647967066,0.463271841286636,0.661191944669281,1.35010259546046,2.06370430071686,1.06973192031751,0.522964756409705,0.590735530464114,0.914519877155822,1.26809150702224,1.08023792425664,0.381849157260749,0.696165292696798,2.53687083890786,0.935303093320492,0.802883308901431,6.33043797805157,1.40052530911093,2.75602216326729,0.986260151845941,NA,NA,0.767569303649451,1.22977381109005,7.18423921010886,2.30407992379129,0.334222077999694,0.962754895379261,1.09434865679088,NA,NA,0.997487568957755,1.21085054504549,1.45923629455807,0.972451491205482,NA,1.13917357258056,0.846678628840893,1.44256841368435,1.16407911812924,2.32891885088856,0.569499510158174,0.980320898996836,1.55694908424701,1.08454765752332,NA,NA,1.50013278022935,2.92542259979452,3.93292022955654,1.11844024307373,NA,NA,0.883852772472367,0.970300473038661,NA,0.489827391496535,0.494997238465591,1.02850710861707,1.05907439854029,0.79552489917601,0.729274302168761,1.40492856005528,0.826818322539961,0.925816182549416,2.62432703258507,2.91758480709456,0.859652091898729,1.5504672278589,0.960105828409688,0.372861603922243,1.17843995537832,1.15706243469724,2.78939631528686,1.25301599664331,1.42832439129973,2.93522570779501,1.0890137870739,1.22931542582612,1.25892304763375,0.896503272932389,0.692162868446447,1.18100927651636,2.17831688170447,1.34679462650816,1.052796435289,0.428826837201648,0.460032377977402,1.0039665244319,0.440412986068639,1.24075059338588,2.6536144754811,0.936260472075995,0.611944285218829,1.82564210642487,2.95967391831125,0.391707688646875,0.0743153645209698,1.01594547100969,1.58938238832812,2.80964246416864,NA,0.39133341935704,2.48190924749792,0.894020202829094,1.18258444896595,1.73223643562064,NA,1.24888534892864,1.48844052120107,3.6265537538858,0.339309079169928,1.00074606402869,1.24334516153598,1.04289962470313,0.77482815612127,0.954793008635674,0.4944685171055,0.996758009218712,1.97078591718287,1.42367589349695,1.64151535400618,1.38627437571057,0.883308018365535,1.44409919647622,0.973831810251022,0.612886972864471,1.91600435916065,0.770343590642109,0.906277754153708,1.8297211839187,NA,0.380538530970319,2.65846690030593,1.14459995968896,1.11428595042069,0.656485623274002,0.389209470164268,1.2854044077203,1.28500003802209,NA,0.808958657174824,1.2912790029321,1.91179899803325,0.702333300054473,2.04074987583991,3.49685103832223,0.737656485296309,0.730268152880871,0.569474339083784,2.66422780099053,0.492034602958247,1.04896869448847,0.870103867311814,1.18639749613976,NA,NA,1.60480796101043,NA,1.02452126173568,1.32263064144519,0.323901165324326,2.50944233601319,1.09754140539051,0.942311049909319,1.37730141695279,0.904699156899356,2.24131248864029,0.985201769459857,0.67540790941062,1.90629959824526,1.22240359534003,2.30652697455374,0.911882747468764,0.377497767835875,NA
"sam_92",1.38725377190736,NA,NA,1.0290375945723,0.316494311138311,1.03077457483718,1.00792738022844,0.89136323222942,2.57573340870984,1.00785797313173,3.73695439100441,0.985396005079767,1.15493886578001,2.69456501269718,0.383621339047466,3.14749457615071,1.09409598192144,NA,0.297081969464914,1.50494873663935,6.29633622577841,3.13913498471973,6.75696662609472,0.380186904423189,0.818396127597175,0.948751832933444,4.38915764344953,1.1406479928458,1.3877798691243,1.54247958999469,NA,1.0956326746955,1.21807091687872,2.07536974768933,0.94562084426092,2.11259874630362,0.94355507894726,0.645928000896014,1.42360535777591,1.79395148069921,1.84196946431699,1.48983067804468,0.778812097923336,1.08981575295318,1.03084618018651,0.512569862175762,2.2957020928492,0.840502412606552,0.295719142043034,NA,1.28931918845584,0.261471557988509,0.85450940039171,1.0697011046327,1.62639386496653,0.937091335039741,0.485358495035395,1.31320779724419,1.7991071361579,NA,1.74489593492027,1.02725234444785,2.30376308956545,0.603141762578991,1.45854170914973,1.23537094176463,1.15946582292155,1.20104951662576,1.17276571434533,1.54338100684197,2.80706337897438,1.39639478045192,0.989675891864216,0.703819528048129,0.917308587379937,0.861128687574268,3.09735967604932,1.26276479844347,2.41133336895147,1.47323556654359,0.1264136816221,1.93364565979662,0.353927707067067,NA,1.07567540783516,1.51004389672606,0.896624549219368,0.863830563052372,1.84263611359599,1.15634791038712,1.88755738289243,NA,1.3401398147023,2.854170482355,1.86677608215108,1.45118413447631,1.17316265277463,2.16756183746298,NA,19.4718219942911,1.00830226710249,1.25521647544094,1.06726038097063,0.524436471422365,1.23977024551323,1.07410552847513,2.13243116563291,0.233769811200862,1.29482758201968,2.83272675130124,1.00434983557312,0.698924328413222,NA,NA,1.34623529112672,1.34137967258567,1.37925954035857,0.541862959089398,1.08330326452618,1.09239104716437,1.70544369304575,0.984380210911044,NA,0.932919083369092,1.13722551433804,8.17611326476377,0.978505795003988,1.22374031539822,NA,0.548199448181503,1.15876409641723,1.14448117278518,NA,1.56237594664396,3.43145263411865,1.25482231191211,2.01921390446465,0.319898098984029,1.16963027870526,1,1.68067288756237,1.33299334290982,1.74021779982463,1.94182321074666,1.41196743121088,1.10209630601295,1.84382536185515,3.15356429772589,2.44429253688477,0.788962791282396,2.05165188424343,1.20201712933972,1.80250441651132,0.930188822032756,1.19252893251736,1.53580593593798,0.521612720025398,0.807684468216317,6.45936074454277,0.697965394891291,1.07560468667593,1.54853907431954,5.64365170414615,1.6488473376935,1.16753179043712,1.34716824259116,1.04277438747902,1.09449289563459,1.61856465286536,1.14101338458968,NA,1,1.87419434540677,0.584501429255509,1.9109279218274,1.00429107611714,1.18336649079743,0.134283928904062,NA,3.06420059139093,0.789064568105581,2.46787526872999,1.26370203774862,1.17735702852121,1.77643720269833,0.506724784920377,0.920575219004903,2.23202620603993,0.802306801814539,1.20181147920317,1.77685455309019,0.980244559087168,0.541431743156832,0.562934946328375,1.38129336968697,0.926618100473937,0.497421617393202,0.795017140043522,0.399572459705567,0.415425523699405,2.2487247317487,1.23303225756668,1.67248391755664,0.360236680699505,0.942979805629872,0.925609024005456,0.843453362273344,2.01914989550632,0.257112438254916,1.07852535079179,0.834826194150741,0.786108386089345,0.608940781866674,1.11482259519599,5.03519174423671,1.29923795542481,1.08585907652497,3.63387337886925,1.04556151485884,6.52696382329415,1.1596203602592,2.470723113253,1.4450395404567,5.7863357284678,1.00248724933002,49.835806230789,1.2783295149785,NA,0.372274391473858,NA,2.08942623562615,0.977030234267212,NA,NA,0.772641753678714,1.51389887579477,1.49518783679124,NA,0.168486227113208,1.06506131746039,0.901086407695471,NA,0.794365510123271,1.01285413658764,3.11781617034063,0.603037991352719,0.820053198761881,1.63086693986691,1.02526525528594,1.85645131768962,NA,0.873164828714455,NA
"sam_93",0.817829060137786,2.95281370816836,7.32440007385232,0.849251360508783,1.65488622644569,1.26264569213252,0.913417690225045,0.922839718514818,0.401219744350734,0.908926805273927,0.871564011647372,0.527365547323988,0.980275409740671,0.530237121595534,NA,5.18071791821503,1.09810046849777,0.400047163518513,1.63193029914573,1.14944280841376,NA,1.29340739081589,0.332790583490972,0.368424711353284,1.72089925878267,0.978419048645026,1.26421495796576,0.463552231308025,1.9038289910413,1.0508076303954,NA,0.80376764452334,1.14899967478636,2.67365540695046,1.56329798311338,0.307951862785713,0.912104468251206,1.0877849529473,1.29424435125759,1.99645530832464,0.577820818037597,1.41969313486354,2.73704232032257,0.503049026776661,0.653592652681492,0.016320417076133,1.31032657466605,1.02734244335875,0.772223917321872,1,1.4964228215589,0.835714714608165,1.05602304667449,NA,0.0547339525452832,0.956041029250726,2.18841232666648,1.04597809411506,0.689726330709847,NA,1.39712286560501,1.00552122818701,0.534983468659374,1.6131370402654,1.37967831376578,1.05666621058662,1.25124595634001,1.20517383616063,0.679160195525372,0.974279794849483,0.644400680482283,1.42819912336488,1.37164832430326,0.604501835117009,0.868440458755848,1.41258717554525,0.94315776434421,0.970416927786643,1.11602842546048,1.42184166183154,0.318641788642632,0.48964796008416,0.170444729286525,NA,0.881524117250895,NA,0.959529694283986,NA,1.24375843697777,1.06896071311621,2.64904359148224,1.04292453591098,2.1401705425016,0.353027725966326,1.01488204030443,0.27278217731181,0.913173683820354,0.333680376180869,1.08450127445453,NA,1.01652317222968,0.83387608405423,0.535155747881384,0.534438904495675,1.59428494232448,0.923353246246952,NA,1.75970207111309,0.719995887052739,0.837639975849738,1.07034708119971,0.752380850635893,NA,NA,1.0850511755075,0.844915625588857,0.870850284664851,1.50054313252737,0.818151122016663,1.10099319293761,1.26754982783971,1.04897909387998,3.16007509525938,1.15439190261418,0.959614469026886,NA,NA,0.629167666356485,NA,1,1.0630558612159,1.1084434544869,NA,1,1.10157165299064,0.79038679599366,1.28403701793463,1.06233592124219,1.49137216313261,1.10349600743122,0.706436743583284,1.52060243473488,1.10519323994326,0.190824710479792,1.03904936073921,0.417996971512304,0.704914893895683,NA,0.796082597159314,1.21881627757298,0.406236369662939,0.978581389500749,1.13606170981072,0.757052621669456,1.13438170274986,0.842923011041075,0.758731744168158,1.53290833383489,1.75726106590781,1.47002468098351,0.725774984906685,1.08210892447847,0.624257335545721,1.89179970306594,1.06075648682693,0.804250172563936,0.762517470934011,1.00164812241488,1.29331485246961,1.17669209887437,6.72151064875564,0.76323403297049,0.146785501067902,0.568166504269043,1.20265749262919,0.910864834954637,1.05993387217357,0.769832968044794,NA,0.749700356324572,1.28278060556572,1.21167526331358,1.01586955425871,1.68406988542794,0.392276211561756,0.685912482705065,1.23855840183767,1.10985564850717,0.646265746223178,1.37464632399798,0.963788515783244,1.12530110368963,1.46756563548214,0.591246702053339,0.604821207648388,1.20660604229502,1.26650969110804,0.578323921553068,2.48156380195084,0.96737879220418,1.43725334408655,1.5229084081012,1.65520482280252,NA,1.76407240639731,1.60573431951165,1.03288580516599,1.18396386572289,NA,0.433314824319045,1.48373280284299,0.851742009065192,1.32858540679628,0.876244475173309,NA,1.16334664005527,1.0400977040326,NA,9.61026264798887,1.8579217874966,1.42494179450108,1.33768145486288,0.317015879546298,0.966959165394752,1.2531317885596,NA,0.96326256350571,0.562947902907152,1.0760364148864,0.624077678001335,0.719497209627441,1.37821283562372,NA,1.05923449603178,0.740778280042105,0.857883260939269,0.906073647720067,NA,0.473262494689024,0.918845584553381,0.6586094125502,0.829790253286656,0.782149743186814,1.32518825674364,0.963520925691639,0.642841769263302,1.43575107680604,2.29787576309003,1.04050715970335,0.952887683547546,1.61786378077835,1.44561471020101,NA
"sam_94",0.98781365256411,NA,2.741883714709,0.873993188476541,2.4938276880496,1.52208247155473,0.683617192345983,1.17556825085353,1.01715366192617,1.65739075649493,1.49848843445969,0.852174240760817,1.84121121744523,2.84662020222116,0.560762068365339,NA,1.65444537117207,6.05971071240762,NA,0.917079427426001,NA,1.28178742081522,NA,2.20233008505143,NA,1.39766089964423,0.983348785023486,NA,3.94281693161684,0.672515014110032,3.2437833633076,0.94723522450539,0.852101048007266,0.936190944627174,1.96632021205942,2.03014883296698,0.493368270869021,1.53962651956017,0.67593804512318,0.71079776489852,2.04710440492644,1.96511419657819,1.68927067189243,1.85774631054362,1.92830729026987,5.27054561335558,1.18840108737159,1.19219330492975,1.19445097192353,NA,0.940955281938459,0.910595927220834,0.533589460254608,0.766235986237789,3.9835669743617,1.61052810523087,0.671115776986002,0.846859658296417,1.89784984158101,NA,1.00889758018876,1.10066325376767,2.91916228802724,2.09824954780226,0.430097480038064,1.48844983525674,1.91760791330653,0.748975403671782,0.757420242017095,0.932883918886477,1.95138715144356,1.18597848118127,0.952845369270969,0.538509249107869,2.74191067590435,1.12057652866916,3.90852556565819,0.530586700286194,0.616902205038279,1.03230891801731,1.97109567783957,0.323035181902942,3.01281866885426,NA,0.663726875206495,1.0841262976783,0.724971298987304,0.775040682932247,NA,0.604027812512447,2.01170150199199,1.27172406915436,0.911366266517288,1.76973507336193,0.940769193654981,0.459993057352326,0.774169457683465,3.41983931681779,NA,1.61380363252539,1.18727385909859,1.13592276565024,0.81688057945196,1.62829548548064,0.555327404666123,0.766876252171958,NA,0.376111644201371,1.19368935683274,0.882365466209414,1.13783697152382,0.517808717175268,NA,1.02384600488897,0.970791926359457,NA,0.764416524779019,1.93429972074578,0.948297836342007,1.23942257588077,2.48578424617445,1.22417113157041,NA,0.912098595695728,1.22870698288797,1.85545800836705,1.00915863242734,1.29488897696593,NA,NA,0.894817906257424,0.590204032594674,NA,1.61996464076528,0.869076773067867,1.03782758683522,0.556202409141641,0.702883385189971,1.28290526569935,1.32157729811646,0.230049011066353,0.878758833925462,2.29560820900918,2.57511872549426,0.911575767926247,0.57241426125452,2.10643434078475,1.60049755844533,1.05970631288674,1.21839067425107,3.73345337864231,1.07661565196557,2.14715759938294,0.980368791102987,1.07256540967312,0.889406324488252,0.784469999218979,1.84380489034017,0.547165679258664,0.536234667612985,0.33739251135998,0.62566279149783,1.73727288831075,1.00595003901592,0.506737049024712,1.39193418922684,0.319495056004071,1.30537173394235,0.750870707430027,0.674065733782045,NA,1.7305676617878,2.39508352482254,0.78029745364654,1.27658837277073,1.44174176782398,0.85811089210912,1.8091371967898,NA,1.23842940137179,1.00634328013257,1.41255163152131,0.862555182870081,0.828664175212857,0.683553631980637,0.492047964312259,1.34403825537121,2.72093449630591,1.05946282956139,0.827214446524253,3.66705325813597,0.678431269615092,0.708666538896179,4.07261849157162,NA,1.50442078569625,1.1233485990599,0.768307662874734,3.92429172629976,2.68142399995505,2.3760605409433,0.978640110491548,2.23129821290098,NA,1.39611037921211,1.04961409347668,1,1.89470015545356,1,0.343869437270762,0.955458133630338,1.26782615973175,2.1935634088373,0.342426307515962,NA,1.86755162064145,0.99091272555215,1.52678792446391,0.414042086571703,0.924981496068335,1.32894556827807,0.68385413727097,0.353199741658711,2.40851554631813,1.12159157614921,NA,0.89455395132432,1.39232883086057,1,0.457241798695708,0.432232673256424,1.73017134135816,NA,0.590951009870947,1.05523467844831,0.736646137299815,1.06658301728703,NA,0.222039829433805,0.864559521780762,1.1718671663731,1.5597638516149,NA,0.783033763772936,2.88398952054668,1.26562988633791,0.585809245024435,1.39813100488214,0.936246522566234,3.01687406298482,NA,0.460595472600532,NA
"sam_95",1.57184017651539,0.542145419160417,2.23237906079126,1.23207391253821,0.963966082545423,1.08873918046484,1.01099971353199,1.35463960374615,2.90129927442973,1.15554822065069,1.45145926540609,1.14119465162462,0.814559445993086,1.2862833635239,NA,2.86029526690799,1.29308271675281,1.77272195475068,1.51132480149366,1.45464786717963,0.951567429728005,0.823020333885308,0.705334529517547,0.529703946560166,NA,1,0.930592536368586,1.35184305595839,0.683809416134669,1.00689847215081,NA,1.19026064331031,0.849395206884221,10.6429171039461,0.784984637569522,0.896780494496646,0.715466989282038,2.94122669332759,0.698414302377422,1.24228709291065,1.22545539263982,0.879534519989672,NA,1.41990133407522,1.34288482630796,NA,1.01204346902137,0.494841548981632,0.666322143880544,NA,1.01602092515787,1.90676811895016,0.525018898497134,NA,1.69829572805854,1.4622408617297,1.42055338544228,1.01147591374982,3.20289381130095,1.03627517335493,0.402798599268657,1.40344926454847,0.564429227146322,0.947150212478425,1.09228606421397,1.16518563357689,1.2836048167383,0.825013464640644,0.705979040654462,0.836308202180193,0.949920235839352,1.95842067281416,1.1939337387942,0.6698999774768,NA,1.55615826284575,0.386093105161834,0.881519978081661,0.399517335969792,2.04070223831617,0.366249368564913,1.24803343858575,27.3278073463556,NA,1.27411657333586,0.763487599232206,0.82926083322946,NA,0.342930489744719,1.17359171043879,0.422170541278373,NA,1.93603849166222,1.71504704156501,1.37945243158491,1.64886904358322,0.451317475055605,0.991083631716031,NA,0.797177152367151,0.844235185349951,0.625586828197898,1.17829192950701,0.700069183587841,0.927550733400642,0.482917333144428,3.04452671185611,1.75435532057071,1.19875610221793,0.482581188130692,1.02226360059136,0.279871390437672,NA,NA,1.13889105546187,1.41643038436704,0.948997899693587,0.730845162460655,1.53510156764119,1.15076840140158,0.46447626506417,0.943220232838709,1.66173683549255,0.557867580644073,0.536494042293901,1.55589254405524,0.975733487817434,1.34717000095327,1.08202075207611,2.86209939317664,1.72521615736193,0.412152223585761,NA,0.68025974894816,0.299917533425133,1.01883701357405,0.452718521296963,0.575299384099315,0.6786869300327,1.14651946174561,0.47169080596242,NA,0.605460345874412,NA,1.10211915249693,1.64091612256325,0.755693130628413,1.41446465996057,1.48763215343488,1.03522081488845,1.59828263191079,1.38926647601925,0.514396441396922,1.84900785319811,0.96439795472659,0.776752092889724,2.02633047018287,1.05194876247834,0.905704123535739,1.31197058012632,0.557271360299292,1.06565460527792,0.627521736206377,1.01349501179378,0.75731036471679,0.80996153112504,0.461997322449222,1.07324167973775,0.933938221086933,0.388836778165707,NA,0.918688518454034,NA,0.321272555144271,0.139270034604247,1.08189929380523,0.858524394347754,1.63102779146804,NA,NA,0.560913906926886,0.925966484381515,0.872826188930043,0.477772182831322,0.914019754659105,0.570145134947221,1.00495415044902,0.47403550951536,3.5725570594277,0.978526147887098,0.856017164204129,NA,0.70910325676626,0.839637291018831,2.75286531986169,0.567360791112248,1.02518674971662,0.971538836947067,1.52401616243933,NA,0.94027756590212,0.993139894134975,2.38578085590431,NA,0.618314963751061,1.23475705691376,1.19216558117263,0.73191262426942,NA,0.8537805962489,1.23849678281771,1.03737839188961,0.833818858339054,0.208455331510354,NA,0.61392392327267,1.52396702398453,NA,1.61108301784123,2.11431871255693,1.32214195158209,0.688047092896746,1.95902056071804,0.856703293737284,1.06960135198428,NA,1.67324185670755,NA,2.14971782361565,0.922310325673355,3.01431263700138,1.06976215040345,NA,NA,1.77004147982085,0.283504124416122,1.04874086794025,NA,NA,1.17572339345642,0.78416938757667,1.71725426970091,1.58894425451711,1.06680167582269,1.12262100602085,1.47180114361888,0.651890147115507,2.17273142382732,0.433032579814751,0.328421897483913,2.30839888354875,0.491513664963049,NA
"sam_96",1.00936246666116,0.659908766284424,1.61233423745164,0.696311629245535,0.950667133113673,0.656008189173431,1.24463406407021,1.20054396612459,NA,1.31314981013064,1.56831008680399,0.969601116312038,0.92087791436065,0.647886849486538,NA,NA,1.15072419855032,NA,1.07476798777541,1.07986445191214,4.79378278311057,1.35455346436851,NA,0.97782120380817,0.902874024488534,1.05318913614189,1.47773679475933,0.689089937788284,1.26641410454971,0.910757326723532,NA,1.64526285788076,0.676203244147364,NA,1.60537353684393,0.958920257546247,1.02281755214704,2.65335890622582,1.13884828964748,0.187715882042168,0.549810956193005,0.824093507359874,NA,NA,0.116646546892873,1,0.732225568081535,0.328105276398288,0.645398645025119,NA,0.790203378429141,1.15773852151561,0.957193163637567,NA,2.47441973197668,1.5599076464572,0.891906666444036,1.66582940412925,0.682746968265521,0.757527487687103,NA,0.699890777241791,0.302286082034107,0.451928443128457,NA,1.09440092710022,1.53139367325908,0.885485223131071,1.41933484605118,7.06936019262338,0.986416541963023,19.9347683256388,1.1557697655282,0.854280486237533,1.89374584104463,0.290422063663405,0.817770619300259,1.73525778226565,0.690795997537345,0.330938947072942,0.589687470712519,2.29518880228251,NA,NA,0.739575643487355,0.854996275047908,0.942241143829776,1.13058012495166,1.00955189515185,1.56930855445426,0.874105369945618,NA,0.783507793035319,0.160659726007157,1.63353119446741,NA,1.19028476875005,0.740573548909144,NA,NA,0.879453900294644,1.90399635452904,1.18548861158806,0.564743292591301,1.29644325877528,0.71228470303315,NA,1.55883494961689,0.948874276336147,1.01251814061514,0.973256627411024,0.756242139160077,NA,NA,1.20437042011211,0.305367603480741,1.1202193471059,2.55910063117626,1.01751614528622,1.11081145497679,0.820819039904621,0.774166088201096,NA,1.50765759092265,0.703334041873857,1.42630500665106,1.06958506185189,0.71193169563062,0.746483272774091,NA,0.784476288016717,1.31414490484977,NA,0.803859058131029,5.61093506263461,0.930364466183492,0.591510518366501,1.01673382996871,1.52593440803284,0.269971539592536,1.12682874845359,0.764856054256971,1.14849692934747,1.51131237633204,0.770238312601752,1.94389887349344,1.09353731574273,0.555158667542546,1.65683933354102,0.768647431817028,1.12382101185023,0.772267978810961,0.798764422596778,1.0653907850774,0.805595002132966,1.41068943715828,0.788386416264464,0.57472163952568,0.603688618351554,5.65687838750954,0.819394535900671,NA,0.55566372554739,0.265365829598649,0.670097564219005,0.583607601541504,1.66981064081393,0.771650936492821,0.767910254957935,0.849014690670587,NA,0.491997561723876,1.45009028737728,0.281201283145504,2.3996580866863,1.2135481462688,0.745244963134272,1.60167632380717,0.603575361901887,1.3916077059408,0.681679389908897,0.977240639277418,1.39695282089261,0.930516836801693,0.583615990487777,0.59496644682231,1.25503728726254,0.657794502002086,0.627765898914708,1.04639308082268,0.448668354824318,NA,0.769423608100134,0.29733959571248,1.84955008869449,1.3558808452549,1.66110665776139,1.00356680016882,0.349906541560033,0.997530097026983,1.35981130492977,0.663002515281099,0.445134638571847,NA,0.764467326159816,0.875050267060728,1.1167842069892,0.72072622976313,0.169437254796501,1.14655084451474,0.777132157949552,1.19789462293193,0.569253538463026,1.21056619506287,NA,0.400686724388505,0.79142197847325,NA,0.158580324040515,0.795776459375494,1,0.705536649121307,2.15952616314508,1.98213442261244,0.818065363126495,NA,1.23289352153083,0.340634538466112,0.612387625770152,0.908728627780626,1.2641609061795,0.693294988479306,NA,1.05585829231726,0.620470957039782,1.19467922951697,0.986915039508355,1,NA,1.04645414791705,0.585846986115275,NA,NA,0.910761369361779,1.66175566739716,2.34989732256731,1.08546003165451,0.628039826276922,1.66670320639876,0.369691834924411,NA,0.867585247990844,NA
"sam_97",1.21512210367854,NA,1.56889342135964,0.833552382291649,NA,1.05369899630805,0.796526050759876,1.0142258556756,NA,0.899172930068577,1.54174105458273,0.814185076758589,0.941898535906991,1.41258662146726,NA,0.437491873077549,0.734541784694741,0.903522948686363,NA,0.676966570444911,NA,0.541342089721636,NA,1.22143244285651,NA,0.713058802386064,0.503335785150206,0.759340562995185,0.922439137448458,1.08717927195006,NA,1.51581946927159,0.988843265024632,1.62022335114216,1.31855305856898,0.250921821585647,2.83325064669665,1.30190827462126,1.27378810920502,0.0737858516313174,1.07926174676489,1.02201104246746,1.6055672360146,1.36870350561221,0.490432072037777,NA,1.22396556262353,0.680921941710745,2.30477114271467,0.550406126845799,0.900551119343688,0.444690406384066,1.66204785576049,1.38116422991084,5.39179703425596,0.487568203352281,1.39499452187524,0.545142222422062,0.24892312334862,1.09829643403931,0.617729866357559,1.4355525128055,0.992429505416664,2.37288020378223,NA,0.728534373529893,0.693482939425394,0.716489255689506,1.54618101451129,1.98402278104516,0.903458415891065,0.854782638193054,1.02680003135605,0.734843081813873,NA,0.963395985146918,1.0033600979398,0.745891556546913,1.39520766030455,0.365241885181,0.614220677373811,1.11140611249392,4.40552656267751,NA,0.866044685969344,NA,1.42718188374195,1.32198528334461,0.286880919143879,0.710638808444113,NA,0.00226413163511847,0.496122775915038,0.443769825772081,0.822451327237409,0.645282326601686,0.933518318277813,0.918595213016196,NA,0.214667346424067,0.850095670768961,1.24181556298722,0.229127944938178,0.29248783093266,0.742304601109529,1.69228292373282,NA,1.39828977459361,1.00251243104224,0.736397464596133,1.22015447992074,1.50055058365805,NA,NA,0.556428628301538,NA,0.863106932631391,1.1841942977715,0.653924507728634,1,0.92643328197719,0.988583779664565,0.518701159932956,1.61467039123727,0.727248729250741,NA,1.61632172592815,0.796410845304297,0.953096424013087,NA,1.03241429650827,2.35211281379043,NA,0.275795428503388,0.362114067765773,1.0075102874862,1.73843157820414,0.496949287457133,1.46081237861869,0.802410808739154,2.8331482088975,0.867885095443453,1.14809625992814,NA,0.848477260002935,1.76425370885115,0.89092523637299,1.20337932520103,0.95940596969464,1.1391136876751,0.955835680195162,0.749871321118053,1.1642327797199,0.32210174413217,0.810336841358268,1.08786029515176,0.792898239690205,0.481125072552423,0.347801127924371,0.474908661414121,0.990420330040953,0.362852112368746,0.634343534007758,0.827893065364016,0.901377958537818,1,1.35395741488397,0.986465669797093,0.813883756781877,1.72366315409981,NA,3.47239295174494,2.58540306457971,0.667020566996457,4.18039732692503,0.886648245102896,1.12243854293126,0.474022030461893,NA,1.49784793614305,1.50482730558737,0.797130710644328,1.23108252426428,0.797755640167944,NA,1.62646184295025,0.991135652619693,2.41243254954938,0.876635297803915,0.990081058436137,1.16841033817695,0.869588474660637,0.968532730436263,9.1290828906572,0.281841650680603,0.99252403679666,0.892928432461156,1.70167407126962,0.343699692412859,0.491504994717307,1.49024479217851,1.55592885462148,0.570489709194185,NA,0.73170578886227,1.29596154210012,0.871754526220292,1.68054938681571,NA,0.772393663963115,0.605473964991721,1.0094743213033,1.51066870308404,1.6849453455386,NA,NA,0.497836031531994,NA,0.0737639699686067,1.4341817422658,0.550306503986291,1.02070659758103,1.23539466204461,1.40878324994086,0.85970101962479,NA,0.960593699450684,0.274534748067276,0.691789873842206,3.6486951122907,0.852997082450922,0.539819852150992,NA,1.55208958150177,0.737618967686054,2.91414180739709,0.968721922159223,NA,5.87452348522003,0.481014083396394,0.672339210478408,NA,0.510101549427036,0.974045606169843,1.10849696290516,1.3350995418303,1.9218795197599,0.857451416891091,0.515789940208592,0.743030620046517,NA,3.03946223341297,NA
"sam_98",NA,NA,0.301362985464978,1.16226570625594,1.39781411802154,0.632793866172352,0.85913813890327,0.944096401451899,NA,1.24936726968519,2.46693555308124,1.1526037945678,1.28954455451687,0.672530007936012,2.43530247050036,1.64468183768234,1.1752809313083,2.00497922720079,NA,1.06588580978456,NA,2.00180817323045,NA,0.864637460220464,2.06365332081099,1.50908592524985,3.21402728995644,1.16528379609485,1.10084615803817,0.839485204004342,7.57345591173586,2.23395678723123,1.33342159821028,8.16345571737018,2.08073011788063,0.69106265981395,1.61096470859973,1.2403365578936,1.56219650924702,1.83191941633356,0.854597213353184,3.58337349162334,NA,6.08477109969118,0.952548498021563,15.3074001536855,1.90950248031205,0.917979994529786,1.15349165868339,NA,2.30381499998158,0.478386153263032,1.83974799225026,NA,0.343473895839574,0.99715236394274,0.509653938807382,2.70940215965786,1.2199174789634,0.779361957384547,1.20933441516062,0.878972649990961,0.961728476731293,1.7904833184681,1,0.93126459566759,2.97337794522358,0.984419425300648,1.24769587969629,1.05991869432184,3.1916509700055,1.34670259472656,2.07556535271428,0.456048955051764,NA,0.279539085962773,0.890437098531121,0.909836757149879,2.54419034127105,1.00990389300865,0.991306130361098,1.04080345395312,6.05792711934049,0.37104760190195,0.977002112393542,1.66126445576001,1.3437785274197,1.74118997215958,0.212988493000213,1.19537811592135,1.54832757441626,0.731948210989117,0.793261078830155,0.620613641565262,0.653817119569265,1.0957029773438,1.77784514854001,0.538564281037683,0.532783229893917,1.53757497195201,14.0210941710302,1,1.42688005619565,0.962293702110595,2.0706397285633,1.62901723217184,NA,0.812696476439842,0.745270462315275,4.95711170207178,1.20415781803948,1.75796536521753,NA,10.287405357402,1.30090530431798,2.17986631535883,0.822608233718808,1,0.675001795117515,0.986727095476803,0.474303685670812,1.16681835579505,NA,1.22650999856436,0.642690574285415,0.739385098879468,1.24211197859004,0.714080101891576,NA,NA,1.41382135665383,1.00934115271607,NA,0.330445306513247,NA,1.01330801484934,1.09229780124479,0.626477249401269,1.6305005829661,0.330792811722699,3.05485736707769,0.616495607556479,1.65328623721594,0.306182695698512,1.29597417897102,1.12904722519859,1.07207482386578,2.56291397965139,0.711328486044847,0.876199559316501,0.923189019146079,1.35155787652902,0.560596267636737,1.48258642234988,1.4173093036757,NA,0.977020920437196,0.555402522444189,1.25568489452635,1.29256733641343,1.63623832838834,0.957986179698756,1.15872398427638,1.86525525250545,1.11781055210792,1.24403109450854,1.76566864605479,1.2428875704307,2.12821017966405,1.68582789145312,0.972859020211207,0.878442694571247,0.289222371635087,1.01876384861715,3.21950488103618,1.06822731932203,1.00549772539121,4.24143937055262,NA,1.90906031070753,2.89255319006972,1.21994216391778,1.3218978854137,1.39498183427269,NA,1.28239755320868,1.25699752674426,1.54549458799419,1.03185187566456,1.48854577058956,0.991613129072708,NA,1.44213812880495,0.400219752555344,4.17685028388536,1.07275311438048,1.00882817352203,1.87619088875407,0.450606010129017,1.42848665745183,1.03672688278867,2.02488893131389,1.38208276638234,1.09358500207479,1.28195048574673,0.787785193079825,0.985275944274778,0.925975780481506,0.405454348005434,0.631327984039075,0.56669448991494,0.778769807384511,0.901992499606545,1.92114033049683,NA,1.39428478626426,1.84462063350141,NA,0.052322264907804,1.96487240071732,1.40899827693597,3.16883566509012,0.983414451900474,2.00521944943897,0.901096065969581,NA,0.910267755581824,0.16971856223731,0.956356704482897,0.996400237289518,1.23141890249695,0.717488417922551,1.01531190514075,3.60776010891657,1,NA,1.16765450332018,NA,0.206500097479869,2.31988014234512,0.522709727525663,1.39920838999931,NA,1.15513096513391,1.11602994088076,0.616539605761146,1.00772663719377,1.57132460712017,1.00375354971318,0.315170354172485,0.604863665527252,2.23406885338938,NA
"sam_99",NA,0.462826928293309,13.7455949251327,1.00570020583154,1.16898294183258,0.528020498785818,0.990530066995795,0.861642075306279,NA,0.652837939695624,0.63812815069635,1.25775215442037,0.827811221406587,0.518566827429147,NA,0.332526857474585,1.06867555481952,0.445787573928458,0.833798982719815,1.3550557594773,0.389111493341636,1.12739974755069,3.1182773018623,0.915258429808229,1.52410742333863,0.726521277660274,0.522122460481242,0.35524366297714,1.75857968347107,1.26791266935512,NA,3.0031126538149,1.15491804604526,3.55890017523298,0.604799291054319,0.624783066218057,1.1576525593198,1.94335005948198,1.18056027184818,2.80198045794096,0.352692165890569,1.71665644666147,5.12234993925853,3.10921230863697,0.287304318936799,0.492408621321173,1.0787823653699,1.61142818836942,0.572483606361269,NA,0.867053007821292,1.05669086333657,1.74948660671067,NA,0.969554850118094,0.685110841501512,1.39828170144656,0.689436350266275,0.383241550596582,NA,0.925067501014092,1.08236699555646,0.482933004344757,1.02501191145084,NA,0.989165677147316,2.02835082438627,0.990568778913098,NA,2.97780015606489,0.74422757409149,0.766273223230953,0.626647772242693,2.0572019426499,1.07084236856904,0.196090600961598,0.698127710801522,0.809986885156598,0.806300451092769,0.446494397150183,1.10668542161835,NA,0.794694105769367,0.786844301694878,1.00589778726926,1.4321661611589,1.16179406579283,NA,0.355706751989965,0.852656405852392,0.611907401845823,1.88784058527415,1.22003460681924,0.114317969703867,0.70117105516063,0.624354521587432,0.871548218845914,0.773775777206715,2.42928385250256,0.462219405736711,0.909133825205764,2.66512382509502,0.85313038521769,0.490981164875447,1.35969970487836,1.27957543043273,NA,0.56840769441639,0.974541848879324,0.36690127961877,0.963242539772375,1.47947958986541,NA,7.50709844192789,0.990066256634057,NA,1.00374776200999,0.865801562078669,0.898908452968259,1.04242563715203,0.925267735994556,1.10321856521023,0.545541973663939,1.22748847477891,NA,0.734377336951296,0.948094138078068,0.887401363155206,0.651913772080566,1,1.01827606036918,1.0727598059078,NA,0.305219084895004,0.443056298158685,0.995886324382092,0.911237004443833,1.31331687372122,1.33801982745656,0.122127638186689,1.09418843917224,0.885659904526562,0.666386953411891,0.379171872003605,0.962339270267949,1.44220567412446,0.648203182327245,0.413293954379577,0.735294026688236,1.43104246013923,0.80560813254204,0.86456234977962,0.926541379489445,0.969030457731931,0.980356478139108,1.61186067794051,1.3012284657134,1.44247225135567,0.857679346507593,2.27150383126995,1.16101073579758,0.653648293346078,0.585264398768634,0.398985889660063,1.51180649634915,1.7119834880422,1.33539785031952,1.14458090377918,0.574733481186981,1.52085603914279,0.757385655285753,3.73764346571322,0.332831600409243,1.76993848086077,2.26612574067657,0.897748676697644,1.10116883370167,1,NA,0.537165542110692,1.24523914889224,1,0.979680848329467,0.803072397665337,NA,1.46253647434895,1.31500178674207,0.490698383610576,0.504473719568917,1.55760435159787,0.618210277152129,NA,1.22817084528139,4.87664551037309,1.16451076930999,0.967685182239715,1.00506210221825,1.37235335043483,2.20201719282439,0.826859592115017,1.23280441171222,1.06346480984518,0.936916850618335,NA,1.0522416873289,0.886871033490205,0.937435497141089,0.810911276419011,0.770415792055769,1.04898272236588,1.42218692374531,1.09519108820481,1.5384269284753,1.88916086602695,NA,0.982190784122488,0.70058287385774,NA,10.7005398395914,3.64074189754214,1.09218007726827,0.955732388496505,1.54597434119354,0.495862171608511,0.933497470144902,0.326755850392366,1.16603915533533,NA,1.01745622427872,0.625383510610568,1.00787262089055,1.12002155032784,NA,NA,1.50524637100531,NA,1.05693520903697,NA,1.10034972007975,0.928006347226964,1.16146664027404,NA,2.11627748263246,1.08922022129938,0.419070634173817,0.795165327801129,1.44628608325936,1.9150486540081,1.21491583743119,0.78581270435315,0.194957571156935,1.18445229930563,NA
"sam_100",0.815251237899367,NA,0.527520641452817,1.24343658909445,0.608128355662756,0.0812027820665598,0.746069879904996,0.964186046362739,NA,1.09256983954274,1.3520184349758,1,1.09750362522354,0.836205248483875,NA,NA,0.828641044156083,0.92376202446803,1.04741905049044,2.05420610207454,5.27499011353301,1.72991069649213,23.8833561326597,3.79575247390697,1.03638641045939,1,8.4003097480255,1.60051173498052,1.92235201919618,0.883531330501823,NA,1.12143449426864,1.07386295238081,6.61841236286102,1.95511177782379,NA,2.35961408874902,3.53354006507378,1.67515298951311,2.49522987905877,3.27413405229392,2.04733436129444,NA,0.992744186221668,1.25196743980717,2.70448861317789,2.15160336162276,1.96074270362203,2.19955603682999,NA,0.950145074934452,0.425021551148929,2.21584929421074,NA,2.72752748101688,NA,0.986972312504416,2.37346847120277,1.38451608982677,NA,1.14228550843199,0.902692148360661,1.69920225868437,1.28146836545832,NA,0.903359137340968,1.87503556503909,2.16617248925001,2.66827648900853,3.38282936166192,1.11972611694972,1.29601159569185,1.56822555663456,0.578460228203602,1.38847861086375,0.917619843143436,1.00861807716267,1.01791046646798,6.86150574882798,1.09785224792695,1.4879981951633,0.894809958584398,42.9576959654505,NA,0.698549445871396,0.900406461659391,1.21042567251143,0.632763393775782,2.15411112676899,1.87209029289669,1.81844701714602,NA,1.42100089832357,4.90627760983183,1.02696330479925,0.854134905753439,3.17607210840123,1.67791814110666,NA,NA,0.69002819685773,1.22057521128583,0.742130880557701,0.926206744020271,1.52548733278871,1.6513323060865,NA,0.171250830215108,1.1464390600891,1.26789575774262,1.03087268659091,2.11655505267478,NA,NA,1.18129029392397,NA,0.46613172316405,1.80593099456691,0.800969890976374,0.731377775498325,1.95903700804233,0.968769749711875,NA,0.841870530682993,1.06511350556141,0.818670036567678,0.825720576698691,1.10350695138683,NA,1.33524032229581,1.29228317652171,0.937928684531962,NA,2.14279097665975,1.56223440369514,0.849741453376019,2.18659903791846,0.69617867883758,1.36557076518075,0.976276972006987,1.33692610115286,1.56031574999952,1.84375123686722,4.01072065541047,1.16075387404984,1.89334467250307,0.773451602394236,0.568459020688006,0.671972515227784,1.61807159130717,1.42411150438787,1.46954691474375,1.39101199391658,0.911016429427471,0.858417116497236,1.97433705409152,1.27203780810537,1.1490297802874,1.02464844647015,2.68167332625187,1.63957991966964,1.69860696682371,1.8289957817532,1.70267716618822,1.76055326291102,1.06328947523003,1.38580887471718,0.74662675193937,0.989385502646194,2.22738959319904,4.76248740622123,0.38409093536787,4.75031731671797,1.14599912802126,1.78930133796412,1.51532386578499,1.5203641214706,1.0211514266246,NA,0.563604199646823,1.00335696205881,1.57655780345625,0.864684268031746,1.85506248703523,NA,2.46732325375335,1.10861783785373,1.31983161475399,1.73581671740222,1.14610054151119,1.64642769745778,0.67587606934145,0.845476377182004,4.15536442430521,5.41187443921376,1.12316330932452,1.92773598041866,4.17954021918694,1.45882481812583,1.17502446427106,1.17745842120354,NA,1.13741686282274,NA,1.59791809777816,0.805408431216616,1.03948682599929,1.4764343003851,2.54959363665674,0.531110810865862,1.50060409554985,0.967541983282771,1.68169437085351,2.07151459622551,NA,1.72964784482933,1.38542837538232,5.24104459108285,3.05488341046234,1.0960058089985,3.27725915085683,7.73187491281311,0.760086191283597,2.71435313280855,0.711778103437091,NA,1.08798543239961,NA,0.282045962993967,NA,1.08597941641027,0.850478090217511,1.02275515808124,1.01877561723358,0.84304057125627,1.08053219770498,1.19296912518382,NA,0.409907702429442,1.32619020895118,2.15617672647891,2.19209544790877,1.74794085237811,1.24271805377747,1.51309469945703,1.14488569128678,1.29254515112775,1.76890672579007,1.68530206129235,0.142269706580929,0.473433829424978,6.79830816274984,NA
"sam_101",1.26723397357472,NA,1.76621616398276,0.964939527055486,NA,1.84589035507624,0.922178211994908,0.810183983272657,0.72914806283428,0.517077808372121,1.13001883008064,0.61099688304202,0.858269461813333,0.831032524597549,0.750735606157552,0.686200687450153,0.631814795197611,2.46853843684867,0.780804616463798,0.986555563911194,0.610990639115867,0.728137756254118,1.21833816160423,0.488022385729935,NA,0.405969276840969,0.634398073942094,0.126101012108676,0.659228331078303,1.02924497665039,NA,3.64967549150833,0.820284189526352,0.48459039387482,0.62612714381086,0.368553400582811,0.990118627372397,0.705999566156292,1.07159336608731,2.620711877341,0.342372925294685,1.00333976566451,2.10568629183224,NA,0.0426540479851419,10.1694847105947,0.937479391271691,1.49801391310304,0.681566397790353,2.80826126087687,0.569458754486974,0.760766474903563,0.766921801826111,1.67051367386706,0.625107621530097,0.810593124681708,4.11183386795649,0.764819964280005,0.347545357290152,0.920712305477477,0.407547720213198,1.27277190115324,0.440253328393853,0.900601292977424,2.83960339503288,0.967304703465571,0.71530191482649,0.8971197119329,0.777144435809875,0.899928627589055,0.846302753260523,0.622006666632924,0.667513659031694,0.883971873244444,1.12807569373321,0.535325362552707,1.51130185265808,0.478443407863793,NA,0.778628499712583,0.579796029052059,0.987243846738332,17.4899531379148,NA,0.458429838673788,0.575945406421574,0.845305937739963,1.04604598985903,NA,0.492796675382143,0.887650250373836,0.482355826103377,0.992691231904562,0.106422697140069,0.667830859230882,1.63665817606041,1.05102479379451,1.50783194023691,NA,1.60129528093246,0.731382766534977,0.906005723640975,1.21504607571348,1.53773093803501,1.06736424415883,0.988060158145031,NA,2.24376133039542,0.661560950991283,0.622553050422312,0.777614432089636,0.706675597144994,NA,NA,0.821869889125906,NA,0.700469327670074,0.629947958194586,0.707175503255006,1.00759191073835,1.32361879799101,0.820107628755697,NA,0.336326747837923,0.519646627172898,NA,0.696961532576306,0.743247497199431,NA,NA,0.531836886121882,0.871249417408377,NA,2.11303411418198,0.351281754338987,1.05594227287952,2.33781994813581,0.692765403159397,0.736580776718175,0.693426476504906,2.49881029083337,0.372648278799697,1.02623475080204,0.749433013493234,0.87234559097027,0.921354687744497,0.728411729909744,NA,0.85305704722083,0.976610926636344,0.472508288032625,0.759277834876154,1.28676482416533,0.880104551604567,0.591132621192587,1.03706004664761,0.951126343876469,0.596650039232336,0.218913417722974,0.532444714519655,0.474717998274974,0.642380414860962,2.2134901341717,0.630884399746871,0.783026369170478,0.872026299787349,0.606317701633183,1.04774357853566,0.669651705592169,1.51642768377048,0.601791974418283,1.26191595110722,NA,1.88608431877754,0.261671736128001,1.03947970753249,1.32628661172634,0.0988923105348344,NA,0.228880581837414,0.741198210532054,1.04452412397789,1.05535227214399,1.00575732484693,NA,0.606494172347169,0.721253995742974,0.890478284283957,0.374645964002381,0.946791808343737,1.21117362551744,0.350209390242772,0.812078891769189,1.85428616695993,0.14875725775308,1.19371228712988,0.624312065111883,1.47464880990937,0.364160723295976,0.616278778409632,1.13878012588544,1.14422185933915,0.774398443714311,NA,1.05449799278509,0.805406090348901,1.00271599841536,0.920384211037912,0.143585152397685,0.965387686990442,1.36058596842468,0.726888120636836,0.687649090090396,0.530988146537068,NA,1.88455641200386,0.781009460351037,NA,0.237042414855653,0.616241416648195,0.78521015222265,5.00280879324226,1.134863389982,0.518321072806991,0.959844681574652,33.7831403207615,0.804940799236339,0.897224293559416,0.769835246829456,NA,1.2661533136317,0.776317433782248,0.94970690147249,0.638418522819671,1.20318713354253,0.945055589435195,0.880468203194895,NA,0.573247129778117,1.29865189772857,0.714410966124487,NA,1.10149467006304,0.834753279143345,0.537694731196333,0.331470500403063,0.944211186747657,0.456249977756532,1.23984494884487,0.409378748052142,2.61453761984017,2.00631675658158,NA
"sam_102",1.44064775062337,2.34237689295552,1.06357728125294,0.878263078727166,7.63711042036784,1.22820682072958,1.15783589936937,1.03561955509424,0.704360092689793,0.964332668090442,0.972346510708567,0.904599281620759,1.39257738280264,0.619051145114433,0.520220258176033,0.285567449357939,0.976494033120872,1.26383257950398,1.79434848905213,1.86843000715178,15.446448870601,1.68520884371068,NA,0.795926090257577,NA,0.886796069404132,1.18182420412902,0.8360170961036,0.610605298703576,0.910721762479985,NA,0.902381878164709,0.782225827181799,1.38642055699219,0.976080669589987,0.536744218210905,1.51369702284957,1.25977621898181,1.39719704467594,NA,0.732514093931217,4.58783235324,0.370948677941712,1.51060177577308,2.5633420470677,0.0302200593277126,0.679029054076297,1.8210276906299,0.803277736651965,1.8047300558073,1.01605556474231,0.812313853290404,0.884912781773496,NA,0.247684716112821,0.942442845797998,0.979363956567608,0.597253457109408,1.56597267780923,NA,1.08630028673886,0.812642334694528,1.2902656251159,0.395697352654134,NA,1.07742913015279,0.815155255644275,0.855449342575305,0.567963075700477,1.22252178644225,1.28853946212732,0.418396824976269,1.08096865580733,0.28198833516151,1.21681004029074,2.92880757456163,1.41406707105971,0.884693948639421,2.13570831713519,1.26676435502424,0.255935043497876,0.440912413701443,0.34498247690657,NA,1.3925516309519,0.487859672279725,0.605889727013815,1.55831416218954,0.925388422208719,0.59947286986588,0.758181178537233,1.10451607133484,1.16636554711989,1.03944099858547,0.873167936728932,2.55950618703484,0.955619289555417,1.7360242827878,NA,1.132301283358,0.618820537028143,0.694145106578958,3.12532208583976,2.76540887714726,0.873414566683031,0.839717129764117,4.77259319859642,0.11272928817649,0.690763136479245,0.77746073612484,0.975239123050249,0.460030365249974,0.718062415363182,NA,1.00516621453752,0.984991845390512,0.467281434212066,1.12916163200192,1.20062115092752,1.29387858858929,0.943015856526165,0.965729289027269,NA,1.6949077202644,1.19375695508369,NA,1.19165604481534,1.10122788300171,1.59974397463045,0.371637812289554,1.22113354375892,0.82037688310724,NA,1.25715776755538,1.71494129826478,1.09899708313705,0.7999216709617,11.9410034746408,1.00479702756167,4.32727471501784,0.913722171730317,NA,1.68031074156787,0.483493987614655,1.12613337399573,1.25521767839834,1.06482680506377,1.16851845833284,1.21551260720685,1.78500238975558,1.19826415405,0.882252965501582,1.18743206935618,1.71040140846472,0.929377141322879,0.509786587187389,0.52383066680384,1.70989298380162,1.20919500257108,0.866501451736688,0.650446881099752,0.805407333213046,8.09372738872216,0.852932233373876,1.3303612691468,0.996033475568101,0.586168497406169,1.05291821912381,1.09493587006624,1.11341422920589,NA,0.657900225933468,NA,2.12161064816603,0.878766400747388,0.967913102688727,1.33905915546553,4.0339469538784,NA,1.17209813184802,0.597004627707193,1.1878197073869,1.03306291443673,1.30919504878782,1,0.289431287448533,0.986990053319747,0.765941435705077,1.61527171564228,1.12622291584737,1.05765741104252,8.30450362256219,2.24211114216877,0.35235658264434,0.351506981050746,0.827497153159104,1.54589985412202,0.97024080072506,2.8953896478183,0.9229563620535,1.02790908932395,0.948936962147359,1.41366269396792,1.76684127570695,1.22248357889415,0.693076944939612,0.912326963926401,1.09470759164035,2.49746760173619,0.652464486107817,1.67179726466767,1.13243777730738,1.20581381257762,0.566770961005736,NA,1.00746675085368,0.864146152062324,1,5.21123684922087,0.521831559500838,1.05101100766706,0.931876533798893,1.75747728525845,1.45025654582211,1.12607275741476,0.487338237199897,1.32043681195498,2.00511920564429,1.10942731523934,0.824563958971101,1.57205821326516,1.00233482287085,1.48096726292636,NA,0.493906425358972,NA,1.1078869060209,0.825154977626085,10.8301339409751,1.07551240082466,1.2223036794701,0.60846044288431,2.29020174263258,1.28030898660101,1.80521669959481,0.598477104315111,0.926460937181028,1.06727026477836,0.993336288483055,9.60493431694518,0.588831230353657,1.59277249222357,1.20748080888362
"sam_103",NA,NA,16.5143696941183,0.981519436413258,0.179947216193702,0.986218786105018,0.893721501173791,0.841547191883799,NA,1.01076743790917,0.413176961268158,0.792072512385423,0.588916662803623,0.895297276005991,0.482670817677329,0.703276467629141,0.963364542006401,NA,0.873835458373614,1.47740955489532,NA,1.61824300078484,0.65135749661872,1,1.19781658820235,0.568912229841676,0.479658316045807,0.321417633049729,1.16870998328553,0.379706397822839,NA,0.75943682216345,0.684747060159146,0.510484745397272,0.662603485644825,0.452790863257444,0.427816512276232,0.806623524862624,0.669115097143768,0.661347393743442,0.93973528154451,0.66665787627386,16.9148226872472,1.31237015502402,0.366716636835471,0.239863572594294,0.652958337074792,0.731945771443035,1.08122777990464,NA,0.898688768483972,0.944808292792155,0.902019574059972,0.675251326611084,2.03243720299645,0.923295747976981,0.929979225268379,1.19826109312594,0.285663560751359,NA,0.578525758074989,0.661128342095721,0.505243652152889,0.424337346118323,NA,0.771937661502115,1.05071269130932,0.488637447949441,NA,0.706876876485863,0.903879188123624,0.62501466894697,1.17840683128623,0.989030312175936,1.18436175667082,0.508710861761467,1.35405964156614,1.10155020375844,NA,1,1.2142247411298,0.656202040810199,0.71832378579515,NA,1.20805327182079,1.03364280575452,0.541296788505093,NA,1.13370467807551,0.979238126309924,0.700303372926646,0.76901962024413,0.691030176039415,0.686152285905596,0.572700356495881,0.814527911167218,0.978812850279418,NA,NA,1.08245532755177,0.959700326932836,0.533475940702961,0.648166459007419,1.5902995760254,0.472452807984527,0.437544155349984,NA,0.0434516652926781,1.08520033864743,0.856504024825873,1.00338552786084,0.321248318000554,NA,NA,0.737216162385446,NA,1.33334438051583,1.07070460862132,0.757713423638384,0.810429372756802,0.318138202587261,1.0449740089673,0.126048243976377,0.684610701350878,0.806216128340217,NA,1.04785679693633,1.20438386467063,NA,NA,0.619010651982838,0.681673100237986,NA,0.338145903730253,NA,0.887534987739452,0.254676133084079,1.0304365633372,0.543881374227915,0.76289873172911,0.370524867553686,0.953056040922426,0.715962599504827,1.12954786160923,0.624652661690855,0.208229101071094,0.90994296046351,2.18262499509552,0.40388880516396,0.15280330212572,0.751987010275921,0.502644912538583,0.395890453198413,0.674942910286149,0.685889088484711,0.724314076066992,1.19770641275366,1.72014860361289,0.316580614893346,1.25124160135491,0.273357488474622,0.400399918008622,0.797520165700887,0.882910541751216,0.34084355949549,1.13074855723176,0.59013646237722,0.797016747419485,0.789696525251049,0.777327752458475,NA,2.26033592713553,1.18440809353267,0.587180446210704,0.378895416254417,1.08219537145512,0.233060535740154,0.258335166686699,NA,0.306095129663806,0.890451197960777,0.262883415662213,0.908961742441273,0.971985542399903,NA,0.345434382695363,0.541000420984903,0.807189199968196,0.587128970656597,0.959868538280782,0.879060400452972,0.646862763793003,1.46415592119825,0.934404771961579,0.578419308740575,0.602759451665781,0.685804220984617,1.11688262487362,1.58900468662419,0.837144171324018,0.629531860938315,0.452500851394453,0.457588782075287,NA,0.732708046306891,0.862089642854378,0.912660647270472,0.97816695590317,0.284629490385643,1.3595386330207,0.905222498467861,1.0116000304123,0.96134228221804,0.885677148995019,NA,0.437090621036052,0.634110014669556,NA,0.614193402407565,0.963644462329866,0.479076816999718,0.637845320562566,1.06740475097971,0.936374315649861,0.721863422336611,NA,0.851135550978074,NA,1.4880775944849,1.07819900475398,1.18715426663725,NA,NA,1,1.13046128031576,0.383994921377522,0.76375919085961,NA,0.612747131076771,0.651662000682848,1.22570638079064,0.851735361960358,0.263075251078865,0.697373416662408,0.903764158177787,1.52695811474743,0.682512826974431,0.413736340544152,1.36497092972119,1.63924913398956,0.903170904425774,0.208572998920972,NA
"sam_104",NA,NA,0.312235544286166,1.0220453360079,1.81163223790526,0.829559379112083,0.879813126352032,0.977382270201279,NA,2.13187750390426,1.14813363634801,1.00272600189661,0.931220651302187,1.60787249423672,NA,0.437561196959636,1.23090616940129,2.82379897556577,0.932769169863692,0.492344400074062,2.01373532689737,2.05257281668097,2.76085381138663,0.753968658419466,0.26994871332822,1.57015715958033,1.30384950458997,NA,2.48824114943503,0.418450691914819,NA,0.967174751771048,0.898416584830049,0.256749221964657,2.8110953632894,NA,0.891620044532826,0.582384725801972,0.903980567902793,0.894489421081432,2.61512158875035,0.974833439903366,0.870564494781767,0.727316591743017,0.687142229194611,0.365760907082533,1.84044644400043,0.957886690500975,1.71457529185665,NA,1.27503336816375,1.76606738494724,0.86996955329945,NA,1.47990431252133,1.88710474928959,1.51683948161969,0.87527363484901,2.00195786407821,1.19124163286627,0.893238399833614,0.562126314971134,0.941453979887581,NA,NA,1.03906969146207,1.23645735973335,1.18466140789188,0.814584207259764,0.906266157772328,1.88073733713373,0.320522296934825,1.38487835259656,1.38639050114568,1.29896550243096,0.582838882308057,1.04828528770255,1.89987210951773,0.879117930306888,1.69766162595546,2.70900252832716,0.955564264227516,0.632715991567287,0.48749388712697,1.32448329182217,1.18757441582244,0.928016558545958,NA,1.50183489946157,1.18012991001032,1.32686834192363,0.594861287266986,1.05834028778865,5.3775095970873,1.66557788824381,0.605760212829292,0.986027030576128,4.37681202469811,0.676256224838018,6.75360084401214,11.4817006775335,2.17654069193217,5.42702166918384,0.725329341425721,1.03025023504285,0.877663569387569,NA,0.0859729735165779,1.44997551422257,1.79958784133223,1.06023031761979,1.07056117054991,NA,3.52942654685559,1.19490982390135,NA,0.62667962205403,0.980892269403467,0.95925519433149,0.823381790709748,0.687801019707769,1.2137813444937,NA,1.32881329815343,1.34859323012654,5.71237136989344,0.718584053583282,1.36094535595733,NA,NA,0.450460825296544,0.444153388795843,NA,NA,2.84100414896637,0.871471038583787,0.777172164355269,0.643543722178066,1.12272954634037,0.546704006272484,0.534283468924267,1.31352921637982,1.94914841694405,1.81424069368838,0.954809327188939,1.26019724650057,1.51878993235062,1.85265553743471,2.1224586598285,0.337296336723669,2.48068691318207,1.10687987748984,0.649110673590364,2.51462473488193,0.791983937278681,0.799615664317926,1.23158463507177,0.723331393293613,1.92210297506019,1.26294606120267,0.881487040829916,2.47897207935233,1.64741704539059,0.252873997293608,1.20684512296625,1.25784602474136,0.877545035365534,1.11065345641212,1.19128863340164,1.38743231603899,10.5365410546638,0.110490016954691,1.34525688411163,1.83383898647547,0.944746523859851,1.1786584756696,1.31065191530908,1.18900383750313,NA,0.910689156332751,1.28753603208749,1.61341385686873,0.88654640601631,1.24865565663338,1.415882520698,2.18355214599472,1.06317297608107,0.928643081970439,2.41150588395558,0.942268860725903,1.50658969828095,NA,0.750032104892,1.85122971762486,1.02425282683619,1.2624165252887,0.839386200541864,2.07479386514331,0.568890717720113,1.13524437009076,2.6218272596809,0.932942429250817,1.42657481583413,0.724582884849196,1.09231101685251,0.607314230074946,0.930202984990133,1.06629227599293,0.470823611608776,0.501796118729032,0.908048684295994,1.35237493270765,0.813206135519618,0.872989469441941,NA,1.07535691204828,1.09263591335356,7.11827925626405,0.0543073472416609,0.435895844154551,0.918543566413867,0.737720791743342,1.39168820264776,1.37748344303068,0.879148036973195,0.818910893704222,0.976950036623601,16.1274483458428,1.3588025397852,6.36984942776481,NA,0.298963751415253,NA,NA,0.959445097604944,NA,0.913867346695212,NA,0.59664577977756,1.85856407390023,1.09988054579707,0.951990184212915,NA,0.735243287121983,0.985968410637268,0.60760356068456,0.634428874410169,0.610267118247705,0.753158660435667,10.4974540744101,0.825061345982371,0.82268997239904,NA
"sam_105",0.659937232939773,NA,4.1093021929183,1.0455520448678,1.52049069118472,1.50998977326459,0.687062434488544,0.745415715903809,NA,1.09924993043894,1.11414301298959,1.28740424738795,1.00757254845101,0.782588521835662,5.00772792486744,5.74655030556886,0.594034401954593,2.59158445012935,NA,1.88218671942096,0.716397906663652,1.18270039279189,1.58367268282171,1.62565588713835,0.515751614116776,0.878443648800033,1.03947525737322,5.83656617068563,1.26288547437948,1.04142406588368,NA,1.00935687628939,1,2.66746679527472,1.1827561477201,4.13930364921084,1.26566751053614,1.1042721841257,1.36472841439356,NA,2.2646072385886,2.9200096687023,NA,NA,2.10434951488931,0.283180523048252,0.825152517206629,1.81761449159103,1.1840504681493,NA,1.29029019828011,3.99362996862411,1.46500173707659,1.43127637579093,0.935659755940515,0.418866943832009,1.20334020483771,0.814716411892415,2.61814847480751,NA,0.699216960457648,1.19906230805854,0.626407067523723,1.84529830808213,NA,0.627356593160542,1.12757469220597,1.22116704556146,NA,0.785102807736006,1.06891731919872,0.485679792311753,0.799736929287947,0.568620124682181,0.980470914864877,2.61322261691014,0.764909378541909,0.954354400959122,3.86184961355946,1.6457304563352,0.973959903828406,0.853862121990099,0.932630792934004,0.528401020812341,1.50191197099154,0.946151879033249,1.96059847774583,NA,4.66472547105728,1.49439328853723,1.07503057652232,0.486730213511232,0.800436793486133,2.3379516538376,0.803323423277777,NA,1.04592744184547,3.74943357484523,NA,0.736754104853842,1.14461373165955,0.420464171128616,0.955802088432206,1.03016167613258,1.47417375682453,1.93821110327441,NA,0.769960268333518,1.25821809413174,0.988149322628308,1.03649473871914,2.28770974008485,NA,NA,0.716064932021503,3.09777952165013,0.962539677950594,0.617679165728089,0.792601880645598,0.957406662727979,0.45104861105468,1.1073365698517,0.180413752039522,1.44528377708731,0.843837889486894,0.774870455885259,0.93288087860196,1.60470656366447,NA,NA,1.06878488827817,1.70625881559688,NA,3.30968989923311,NA,1.03688388744614,1.30012500766592,2.63916465687366,0.781385813173534,4.84782971749477,2.06465845743921,1.35093183514519,1.07483492107373,2.24811408699376,1.18923676511719,1.29379310178896,1.13522082228596,4.54224958994741,0.764487856494756,1.24443891499539,0.955666741723881,0.8913466053517,0.272471724811984,1.25712804037856,1.099035137108,0.945098880371772,1.42476252568126,1.06137670594722,4.19362509622645,0.606224304064054,2.06684589688163,1.10975939068302,0.689997039314459,1.00578286516473,1.43648896161026,1.18666057261002,1.75123999043673,1.09759583577603,1.30283413129978,2.53502511436073,NA,0.538588720997022,2.3451320150583,1.91241721382816,0.337520509098835,0.811894564325819,0.844334113237698,2.03194520612775,NA,1.47539287408447,1.52186501388779,0.886512942309888,1.16704955470776,0.989687378055237,NA,3.15885572428986,1.0068944671863,2.73174784767992,5.55099111932446,1.11286555333206,1.38757308833705,NA,1.7597383419431,1.59121624182161,2.45600002131207,0.565989203821363,1.47448544632468,8.8818638716154,2.57966202088805,1.34341303844287,1.35461547204246,0.902245199864431,1.22823431575085,NA,1.16018667865757,NA,0.966417471348573,1.32648984278283,NA,0.946367571495795,0.966161980095892,1.15873682490504,2.33288327460071,1.71656607590873,NA,1.2436301059397,1.0096122927033,NA,1.5331174889934,0.903912096945439,1.1660557200104,1.24880425797419,0.542535927254948,1.08567652501553,0.882069899505784,0.393992237444777,1.11415195248701,NA,1.74138623513888,1.11476435216976,NA,1.09331449123655,NA,1.39549138617975,1.1076935861954,2.41794826260429,0.882797964565821,NA,NA,2.8702753951068,0.607895274112976,NA,0.720618184775696,1.08480896152766,1.2527666863581,1.38827619676446,1.12077311840725,1.16711773454403,0.885958766062025,20.1366594297415,1.19021240686601,2.94566060675175,NA
"sam_106",0.715221055688176,1.26718421548471,1.39303291357107,0.96892055257891,1.05711701374492,3.50039228794596,1.21674588436675,1.07618839080318,NA,0.906602849403745,1.09297890539807,0.817411567523069,1.10282412606841,0.950221056057449,NA,0.370649804913528,0.85966490923967,1.69411100369137,1,2.4214094984165,0.422770178608906,1.10618833500555,0.625636245675925,0.620783945244047,NA,0.99282434436028,1.27881936279479,1.64976980007157,NA,1.39885785180172,2.89222741367787,0.982790430736631,1.43172986478716,5.56553718868055,0.396533019602973,1.11731887822366,1.45309553241897,0.893979225937123,1.24644210605717,2.71774269986422,1.96414082319657,NA,NA,1.97835868682083,1.2469853277805,0.0811539096992962,0.584357642606479,1.15434258114874,0.471220851550717,NA,1.240833778495,2.03806662326731,0.989804864656866,NA,0.622134414650277,0.947920661618962,0.940368354743893,0.874955196451473,0.971003699748915,NA,1.40311566564172,1.29261307594802,1.48915104835161,1.18040181614723,NA,1.21539654266205,1.29456569806613,1.35449352148772,1.76474634202857,1.60753860082007,0.921758795915494,NA,0.676952946762794,0.720384990330026,0.991931255757344,0.931779960762403,1.33218840710266,0.697683010063426,3.75032528758801,1.1451510988537,0.483548720954897,1.27924437683659,0.214014218448909,NA,1.22212116380018,1.04466805945593,1.25867675000627,NA,0.399462737451749,1.26191635398984,0.785336544885439,1.95599525006339,0.571540688280173,4.36695295618201,2.40706440330526,0.827768638900385,1.36796735885762,1.11143898547432,NA,0.74937839920263,0.56465905830775,1.06439040560817,1.24871410162022,0.888890224089449,1.19660247926812,1.412082569323,NA,2.48987715968436,0.804799723593428,2.14956854035043,1.19156042483955,1.11106669635115,NA,0.68800784191758,0.885437291074833,0.63972467004175,1.72047685999322,0.576546610368589,1.14375546046755,1.08175321946402,2.29605113934515,0.876535874411856,NA,1.18600850060847,0.835848174450818,NA,1.0542106730411,0.725186485195789,NA,NA,0.963537007690989,1,NA,0.216975679708406,1.36203469126752,1.04603005061375,1.56889663038947,1.64356840966916,1.43402547921491,0.445848920337392,1.15598940770435,0.832363282259947,0.787720136914521,0.732721385340438,0.96999446607523,0.803392458187256,1.34917547541705,0.260393573582995,2.0262065901272,1.49246479072188,0.645895507987277,1.08950011117154,1.87821892599464,1.61707694106108,1.32606465143988,1.146437911688,1.04821211184895,0.532728976134415,0.543580834139,0.662638963598796,1.4574797184719,0.857332910264102,3.35153829130859,1.21282332172677,2.08927757928524,1.11105690219472,1.44212257448956,1.1648971388529,1.40534829551824,1.27865476128396,2.03203258733323,0.418715290987746,0.594178196832761,1.67384143903167,1.44201123096402,1.35488737855917,1.52017247993891,1.18344439225586,NA,1.05676434089911,NA,2.32331452374478,0.987171345338127,3.21232161729741,NA,0.984960283652525,1.18563963720105,1.42136303720455,1.72269569599575,0.941777645559358,1.23458622877198,NA,0.952852632471474,1.74688210365397,1.2249034820321,1.21452126574303,0.739153701760639,1.11105105063089,0.679656071438017,1.144893175071,1.15809009221071,0.728760135220461,0.294817127276479,3.98787358395489,1.25815286734425,0.934633210867409,1.20424959853175,0.966870055990814,5.57321245311295,1.06763162818333,0.537631749720948,0.842116258175435,1.05442230724792,1.78606122496779,NA,0.703977386139332,1.03021457076068,2.38666452148054,1.15276342494935,2.72081596868554,1.19604967349593,2.67080546275068,1.00494727188974,0.712881007450074,1.21190069089174,7.92991355572159,1.62381842482515,4.39590974350782,2.89471773789581,0.966222126000053,0.924733419664697,1.29911139086715,NA,NA,1.08207193676303,1.03808611774352,1.02114950271272,NA,6.60800110331344,0.678421288530151,0.888118405421907,1.19267955193301,1.73532829677603,1.03049930860838,1.1418773779026,1.68634792425088,1.29395093471493,1.61145650172686,1.2814551903515,3.53836626012327,0.261213102196481,1.52803780870823,0.23154272038928
"sam_107",0.990637533338839,1.44166502331052,0.423522352433874,0.820737204976181,NA,0.692692432936539,1.24989964486558,1.01854952332803,NA,2.51933409531395,0.470990195074928,1.12744577452163,0.914490399496004,2.47947220790093,NA,3.11961576387089,1.97854787591369,NA,0.746695844214783,1.13903892862085,NA,0.906591266679286,0.690690723658431,0.93855086104149,NA,0.818110830460747,0.9727905496439,0.959441823435186,1.71249677499072,0.548461604964732,5.98923193685299,0.810529560599768,0.814815775862962,0.227299868629149,3.57080998586357,0.300070938031845,1.53513254503271,0.723399378578878,0.789303336364047,NA,0.871441543242994,0.686560680470499,0.677233904043723,1,0.840324325215609,NA,0.235074900400688,1.46195221843495,1,NA,0.96659683678449,0.518268578738956,1.15381482005921,NA,0.386671494016237,1.19477250739443,0.875203860447808,1.08034435407381,3.72315975395987,NA,0.911898824344872,1.1759547326976,1.23209320184063,NA,NA,1.12329950260411,0.766287586968605,0.457860194222725,NA,0.447584522013289,2.36603048329269,0.678314963097347,1.33740954864027,1.07505436028861,0.445122131745912,2.24358799208841,2.66841108675672,1.31827533954646,NA,2.65609284225789,1.02465168790457,0.862132756481982,1.69086708793612,NA,0.96061544176008,0.624325703393845,1.09938543838836,NA,2.71946595884175,1.11137994346031,NA,0.0143640892340588,1.18637879851861,1.2468984040595,1.21653375580151,1.39015870266815,1.9395115041945,1.60808851743335,NA,NA,1.0409638024836,0.927319794708493,4.55533960439222,2.08367708345523,0.638550884555349,1.31845482837447,NA,0.06812097143361,1.3235061410123,0.40088736160817,1.09875060510331,1,NA,NA,1.05730272981945,2.05319293710346,0.647747698365844,1.60975988044757,0.969851442530691,0.912596615487813,0.372963948149907,1.031620031222,NA,0.762165759420463,2.02107698228292,NA,2.49959372447327,1.21053548706768,NA,1.05826009071687,1.24722862669665,0.459299550469049,NA,2.33014216688017,0.558833603180147,0.978786738017204,0.208261339882385,0.946099103668478,1.12866546584817,3.39319522338469,0.594204141462784,NA,1.02133641881289,0.720144593904058,0.909202536875456,0.721162523642572,0.637770257152463,0.878642529591339,1.2076558408865,0.232088359042409,2.37463636516897,1.0750034711992,0.498347382658089,5.25845125485193,0.924172724324774,0.479302114183706,2.43023967109477,0.790624630473645,3.66837984535791,0.501516382440814,0.852329132225163,1.24827478310934,1.02012599449183,0.90074887012537,0.806314749597522,1.20832321174992,1.01361134589307,1.2239331856661,1,0.91566083030556,1.30601563296848,0.158844801338332,0.898512376625513,0.448060220783667,0.226905605276289,0.88525708243751,1.03354329938522,2.85350506005691,NA,0.639335056560926,0.549779695999142,0.594457175061546,1.00783239724669,0.652327782020065,0.73660540364051,0.895914783708827,1.08202884487138,1.21563955387575,1.09736497156736,1.08321979445924,3.17655401483087,1.36761091061276,0.884101685721179,1.16980701853794,1.49420611139789,0.661664377701142,0.419418530375788,1.28123420988706,0.717363806786452,1.175269565891,1.16415764715546,1.04562877269309,1.00606877650339,0.312560436403159,0.711986304616735,NA,0.819351504797537,0.743044913185127,1.33408882260908,1.66819608333687,0.670498877340402,1,1.07493161923062,1.50451976135143,NA,0.479240587826757,1.06206285613416,NA,0.04187051524087,1.24139926621923,0.982088766929513,1,0.706783977874097,4.5908769358714,0.798929345974985,NA,0.921245265270691,0.482780516072024,1.55732097607378,NA,0.679458815871832,0.787843762430584,NA,NA,1.06328112901159,NA,0.88497893194181,NA,NA,1.5747802602392,0.867989041150709,0.808082450024964,0.985032232763279,0.864903661030809,3.53004598914344,1.05249265004281,0.814248814888284,0.220404848516922,0.916457421453341,3.26459568819943,1.45634538081934,1.85091566390549,NA
"sam_108",0.733468378926666,NA,2.95334608491308,0.892007581754997,0.633410307815063,1.96422542891897,1.46129777407085,1.06219116389645,1,1.81870752788283,0.760339054252515,1.19408497179823,1.06876951740388,0.570478028842002,1.14780687021004,0.471219532351851,1.02201036991703,1.53710590281554,0.737061164871455,1.05977547763804,NA,1.91871011868738,0.553158466108255,1.65749998635871,2.38629255355374,1.21135868372241,1.0738554330062,1.77271573358788,1.68505939699162,0.773349868758658,NA,1.24498997588977,1.01059346841949,0.947159862074146,1.26699718513539,1.86122614901666,2.61726872591668,1.00818468676932,1.08699738614999,0.0506207001057396,0.667767792723865,1.08685771326925,NA,0.550683361348517,1.13315199892058,0.0670819662700135,1.39228396570477,1,0.851569382660208,NA,0.919780045349288,0.90476875855585,1.65444821305547,1.25990207175371,0.520276303967563,1.6962772422664,2.45953296528317,1.31438130519627,0.928851914870223,0.303008395178451,0.739042008488027,0.609352435086788,0.90762569110222,0.683442137801676,0.584874426086514,1.40561689151275,2.6022851651954,1.12752845603607,0.852749424697655,2.90201180829275,1.52844159369847,4.0611093976713,1,2.38076200821207,1.68973937406772,0.467604560930657,2.06455398821669,1.4068700480835,1.05476068307346,0.885582589033341,0.597409208812282,NA,0.411894603819251,NA,0.985570216229942,1.04709468333181,0.730491689770808,0.499746410386943,2.26345955594124,1.10291938917884,0.587840380729325,1.01511617610767,1.40201426312538,1.03234656582864,0.790332111435559,1,1.70039798248515,1.16249102197349,NA,0.719660730241467,1.61908221909536,0.589713243627568,0.796782066435571,1.49708419833285,0.697733360470233,1.38171982762101,NA,1.9658741396909,1.03891709350866,0.693525175820474,1,0.879063996335207,NA,3.17351817657114,0.728783723323047,NA,1.52743990084953,0.53272045991616,1.26693588665146,0.896799260731947,0.497579824972403,1.05171691006783,1.96394724976389,1.08220879621558,NA,0.487279390600295,0.709652637578011,0.802990213570125,NA,NA,1.04526013346226,0.479051818103947,NA,1.67183555019006,2.6225809111571,0.975031185088973,1.4248395898029,0.621526239815639,1.53015315497605,0.624526184372233,NA,0.847055435786282,0.703316087069107,0.5725945395994,0.701461995092137,0.691581263117504,0.874959720818562,0.824692193413431,0.669830738532134,0.776270091795559,1.11801816016375,0.934610476044456,0.527062838493732,0.812977856230041,0.906666403551878,1,0.607608859001847,0.66926891857166,0.404412552035928,0.694949911942191,1.4811079340431,0.739351965693188,1.67926161314865,2.16308711674058,1.30117032017738,1.12435424915486,1.5840027748112,0.941824164129342,0.725026720085903,0.872668947195792,1.03897614284218,2.43375013888618,0.565969379057332,1.31014926720164,0.592531364826181,0.994312199162837,0.571972262907621,1.4326967664547,NA,8.70826150867635,1.15615402321902,0.541492846498701,0.916457563919542,2.00085407601105,1.78443278943944,0.701665630780375,0.860577312610444,0.550246024173013,1.94621778740735,0.915021295049288,0.771613007927251,NA,1.05552568966981,6.08762513615445,2.0452402439566,0.758790242202838,1.94700034926532,1.0505445992476,0.95707140773754,0.954820164179651,1.01771747298738,1.0400815693086,0.908280201847416,3.43241007216272,1.7639759645968,NA,1.10630538790438,0.760217693894262,NA,0.654923850959088,0.557524816584915,0.927741209655294,2.13322067989313,2.32170327993832,NA,1.44692701977788,0.806811416551576,NA,0.316005333809142,1.3248014969494,1.18540507116866,1.12056506797892,1,1.88215782881777,0.92819755080411,NA,1.33753736988861,22.4157768110552,3.22166662591925,3.54870928356678,0.262867402740181,0.701695717113923,NA,0.549185804203674,0.562290749601459,1.24545820768082,0.972674300225228,1.18978616073593,0.730647369816274,1.03443200728991,1,1.7610205931045,0.919942944653186,0.898869903816269,2.06265032483525,0.548823116833053,0.733643897764995,0.879604064779154,0.742276895230797,5.00248476943417,0.276030055965504,0.757187070768405,NA
"sam_109",1.41572050249642,NA,3.32389482359935,0.871000156202118,1.00368461498323,0.0484061717890836,1.42062074804683,1.25422633531987,NA,1.26203270912263,NA,0.834536138235657,1.05468144564694,3.66599179681001,NA,0.988506481489824,1.00513135869897,1.44016161033925,NA,0.976918226617253,0.769881389715283,1.52566944730007,0.693238344599293,0.65061467873864,1.43224466184895,0.839207038574048,1.84492230970337,1.09295171154402,1.41376844441407,0.652218325119556,0.838998658125108,2.61111843878137,0.814762598382553,1.41462164522768,1.41350352272036,4.35547182142469,0.773698023059938,0.523887935754229,1.00433272286922,3.67391969486568,2.00886483387881,0.720537477126142,NA,1.21793811411707,1.40051795126373,0.0242206595802185,1.1649985680384,0.856698261851621,1.006801286602,NA,0.32607451860876,0.972909143666434,1.10632839797879,NA,2.35539095808586,0.552798581769687,1.82888203776282,1.32633303013722,1.40193105018669,0.877538406007208,0.685281810323711,0.937796035521138,2.39791067256134,0.416264120870567,NA,0.992681825219306,2.43119350109683,0.900369251090365,NA,0.863250853872038,1.17597544480627,1.02754880357751,0.849325306184566,0.412464406463169,1.54460955379435,2.35465204186676,1.4794804068776,1.01723146206099,0.80296680230578,2.46817670778716,2.38149987918723,1.13372586114205,0.19440599037306,1.30368232717318,0.832200434886181,NA,0.720134321408543,1.68452446589228,2.99058574299169,1.21742663729162,0.354220797123225,0.958229727695807,0.852868221988481,5.02467315445115,0.781542034268198,0.674608594732572,0.942061048497588,1.68175989098788,NA,9.19074357378041,0.860799458002398,0.569318775521672,0.848959404501686,1.09786575358022,0.894215968786081,0.70072794998795,NA,1.22315045257363,0.875666900599056,0.613531175008928,0.979833150167384,0.424522464380767,NA,NA,0.676376123104227,NA,0.921276368205115,1.54254901647173,1.13689997443756,1.29737988833951,1.17820674302931,0.912649922213884,1.42255426610289,0.855456763332805,1.57441666281827,NA,0.527078149965785,1.01088961769878,NA,0.292197063899328,1.20548552578719,1.25928889273451,NA,1.93379831844695,0.772190305649381,1.07172188546691,0.604573379009851,0.648910586220399,0.781722131746456,2.7879270349014,0.695727007995088,1.2816983202294,1.21932474828864,1.09193818488937,0.963766359632602,1.34671698880159,0.804058527804896,NA,0.72779987309943,1.17578823694961,1.87860469210926,1.01839541306236,1.56321812753612,1.00557792675101,1.01140548051111,1.06795482347314,1.03055884383291,0.390332466419232,3.10493640670266,0.862698092712643,0.318370351662177,1.38640012762737,1.23523143298583,1.33294005164428,0.710309639591053,0.826532720203161,0.94135766073774,1.04463517688752,0.304119760318924,0.946523896984135,NA,1.45626808552584,1.04954411264804,0.4576425342843,0.742665321943875,1.11305389648389,0.848256897120707,0.44638361504614,NA,1.85920144931274,0.704054319657492,0.608892226537183,1.9419019200339,1.04511053694704,NA,0.517841322672618,1,0.464531201418685,1.7584332960724,1.03329214682965,0.827525269060977,NA,0.926642065373636,1.97887020602932,1.4767916760743,0.897024688204263,0.385821475488104,0.566297671400551,0.376584203688899,0.920524018561498,1.61325154450613,NA,2.01852514399763,0.786820302079658,1.19599974607722,0.883977514482305,0.994916583403065,0.74690643760517,3.92872694171649,0.565508274625483,1.45180197249621,1.19366842691777,1.03774891316606,1.49495218728874,NA,1.42968441310074,1.14334146039095,NA,1.30368598360276,1.34639016144317,0.917437967916902,1.43641035593703,1.46742315243959,1.64853601467434,0.992626936281512,NA,0.888065591106625,NA,0.650463011023088,1.03388476280527,0.440987445598042,0.836095979143858,NA,0.572296026734697,1.27625001598995,NA,0.873498825170237,NA,3.44475379298398,1.22127910552827,1.25417770502665,1.62133440443086,0.526324139805551,1.18831145185536,1.05302514560962,0.591608396292828,0.785515539709735,1.69825647392756,1.12040848962337,0.446487127088019,0.846133293780519,1.09543045368589,NA
"sam_110",0.936554739896121,1.05793047114326,0.143961894473458,1.33365922590995,NA,1.32507171695029,0.845233939269008,1.64408444537158,0.473987745880468,1.06094880845693,0.537051842475969,1.02035597204443,0.703126967564088,1.36065143402975,NA,1.08610956212367,1.51923566884174,0.486235205191878,1.40989731858154,0.797119484769888,NA,0.663256128381346,0.638037786868154,1.01030397743542,2.7521346728687,0.499070333737092,0.830278770958262,NA,0.757776696858695,0.777383539687576,1.38932311768248,1.27861921380521,1.24277337657533,1.14150993072071,0.854658035238398,9.02813126322708,1.41865861438447,1.02219011633445,1.10012162745695,2.16756196529484,1.18666613664148,1.14878041472508,0.658561759683048,0.838116428762131,0.667514605916406,3.92312101466948,0.405250217445134,1.13244987286901,0.937926015155857,NA,1.43583268931875,2.07733901869723,1.6376237971111,NA,0.831894432700565,1.49195819246338,0.858174432895184,1.03784596222339,0.653017062121526,2.72991464764115,2.11895646704017,1.26298835844555,1.43500296657618,1.08057215963273,NA,1.22518946293101,1.66594586220283,0.974343296022075,2.70151612535671,0.87483779120117,0.855714959318045,2.7425417462516,1.22041478505804,2.23032678125492,0.965255620059001,0.874339710618633,1.10313509804482,1.16604616894657,1.71976250187702,2.1814387963392,0.862226559942566,0.787326783009641,1.21728247710065,1.21506610548134,1.55832900198031,1.15172550862145,1.32933651969473,NA,0.33422041722127,1.81530700921875,0.509015358474327,1.19689620208358,1.01016897325542,2.37618261907906,0.806054811286129,0.910068216232765,1.19345921115023,5.41979011708941,NA,0.170328287866859,0.711467614006911,0.858446095098348,0.882209090515378,1.35911774700131,1.26128188148256,2.51136008479117,NA,1.34545985024075,1.06052774324312,4.12357280561115,1.07269465991243,2.54893706136438,NA,0.491066259160507,0.824261958814712,NA,1.19161217133597,2.31717805611829,1.40802089950689,1.2211392047033,0.832595035558874,1.33962181513138,2.7120738702645,0.992518015617835,2.47812148673006,NA,0.552718358008799,0.900885595321374,0.576485025552688,NA,0.948150910706485,1.34943562751842,NA,NA,2.11149469958047,0.813139382766425,1.90221333869596,3.29401351868707,1.66249556339735,1.05796747287466,1.55730028639005,1.81486197691866,1.35234008851144,1.06434114981064,0.841680903100082,0.709599563280224,1.03301375347061,4.18745965699733,1.02678807282197,1.10107227259066,2.18693504575104,0.99595225238024,0.844047605483425,0.789004851323893,1.87042167857776,0.662456302286972,1.13395024364427,0.565464473684725,0.938460650122773,1.1702316495102,3.88595258803573,0.49354004831083,1.70222510382885,1.41805175364628,1.22146617262255,1.06946666538563,2.61598112607513,1.34082429034958,1.68181330309831,0.800425170423586,0.417479806388435,0.975380324604096,1.00919675420518,1.00623483285491,0.326129734723964,0.904129214767579,1.25040275081214,0.6355290132098,NA,0.965270168349282,1.52529432622982,0.675415759717963,1.27157250183645,0.981269170089067,1.57067055724989,1.3357359081741,2.06545167292047,0.797484211494125,0.826343354709535,1.13216786994029,0.773839334872256,0.945273165551964,0.973122440410951,NA,1.76869873661497,2.23162930219389,0.71590393005811,2.34709523561181,0.144470656851493,NA,0.560756813217106,1.35952961762168,4.55043143106943,1.37226492012463,0.745374706569937,1.82214196527402,1.23803858009257,0.668193625780204,NA,1.60320139907912,0.74059931061924,1.09252122625725,0.431402100749684,1.65995543799286,0.921521907299394,0.937305670829977,0.959055934426058,NA,1.46531756964413,0.856734689606269,0.928460642139193,1.08661212419518,0.430854706152071,0.987954577362679,1.71839269399882,NA,1.41110441447663,5.68232229980599,3.59960486016167,1.35746071256982,1.06032485086734,0.892382927915127,0.925371712555068,NA,1.8073935656538,NA,0.816849760403557,NA,5.1244090378077,0.761686052386788,1.10790346588692,2.40536084546778,1.52133194368976,0.816938333280063,0.698601070746402,0.83689723211854,1.46743906253524,0.87169432110616,0.516400631120879,0.665670026576836,0.76347466588835,0.822271688118735,NA
"sam_111",0.939062355133611,NA,1.43680934224189,0.849179252723045,NA,1.56609537719632,1.752941003072,1.49320113034203,1.06398429597765,1.63117536565318,0.575796747153025,1.00527030320573,1.41360516284459,1.14857172038669,0.853428903908964,1.69273566888507,1.14415851240066,1.08089946019747,0.451252286936862,0.671136678445978,2.86431211141667,1.23779270507455,NA,0.290069028163956,0.630963867558866,0.580975833417653,0.707136381692909,1.4349533745385,0.359627746715511,1.27748121694631,0.341516288084192,0.913648906075688,1.41911243977173,1.79037135368454,1.29988915285587,NA,1.34934280281338,1.2026718888418,1.52792947606428,0.0609120089590666,2.35929945911693,0.813387765845728,6.38432509654848,0.383346879969695,1.05902708897806,0.0916113038394962,0.856520157191119,0.869596537805184,1.54429542734469,NA,1.45289460103346,2.17145071009684,1.37105959051024,1.21767092553766,0.674991548807184,NA,1.2163224682556,1.04088633000561,4.50100863280727,NA,1.48735728248372,1.10252138206638,1.21660242944594,1.17129659159924,1.05539228667066,1.3771158568655,0.398278559094001,0.511909870127269,1.2383890897028,1,1.15036975057774,1.37209107847808,1.09109996236244,1.09353706023036,1.01460449309855,1.83176642745264,0.85098169960875,0.649681400467695,1.53110474945602,4.02725567509387,0.10168646336481,0.916131752565082,0.524682200784886,NA,1.09324946920503,0.879313025623206,1.05272542159738,1.06905179136409,0.804161458095107,0.95392930694,1.39742236174825,0.00944382736083742,1.1489455004634,1.62867130432642,2.24640130559841,0.571471654692434,1.9847487415499,0.954686237835841,2.2174092663047,NA,0.993527673575867,1.31913068139283,1.26305140693699,2.70901245478669,0.955539404009458,1.87174493961353,NA,2.79741197664146,1.21812677885964,2.03322405135107,0.935903642171843,1.85901968993565,NA,NA,1.23974614870757,NA,1.14712768180248,1.56026848561906,1.42794597020097,1.16624338387744,0.804122431489531,1.17641607811117,2.76414960650418,0.832416190771696,0.784648872175805,0.887011743883766,0.37570834964068,0.773101736586573,NA,NA,1.76852529256437,1.27648485080733,NA,1.74213271182818,NA,1.12984026326723,1.20255484130982,6.01131090643331,1.13349473398558,2.31798166616591,1.40624578740728,1.48154159381862,1.36720059299986,0.786985648160021,0.843875685969045,1.04945933295929,0.862958417049851,3.0863918740271,1.83312878674787,0.725432245086081,1.55766014060613,1.0360080450526,0.971194122154068,1.29657801016179,1.17405527117631,NA,1.39650506408028,1.1628276641889,5.73698779955,0.404365426961965,1.61837783228799,0.633189839181076,0.88191174195595,1.26823256522882,1.49113865820685,0.841122430169675,2.53412026893345,1.13926008256425,1.48030353583772,1.29652332276511,NA,0.831769590438322,0.747570424508882,0.759995196688789,2.02606474498164,0.911607951459505,0.994502274608791,1.2455653486663,NA,1.21320675557721,1.05989119706166,0.932372537788527,1.06443251842962,1.52070355384398,NA,2.37120385165834,1.09547446458375,1.13003974810501,0.898519674247787,0.866603851663596,1.44155134959329,17.077374723874,1.63059531825348,1.78986301345806,1.65215118007807,1.65538684438114,1.0420899023359,1.78212773112493,0.764018277352281,1.18422133466602,0.896309720276227,0.772030788483399,0.840996608147434,NA,0.702531587172337,NA,1.23699531026827,0.860151318305379,0.106910240284672,3.75041846218094,1.03937627192835,1.23134679134482,1.15365208783693,2.17201501768243,NA,1.57586741237101,0.921880630328027,NA,0.135749091510903,1.60062507214574,0.762337622684738,2.84712328976747,1.20788371381311,1.08710974410806,1.05259342041708,9.30726914609138,0.802306593238726,0.661867469654423,0.982543775721283,1.00779933957166,1.05630376431025,0.995707538219328,NA,0.926358493216247,0.833901826366724,1.37223318584153,1.61993161749868,NA,0.18044410215767,0.980634399429597,1.45773343730595,1.53980198120438,0.665894658501764,1.02483959366988,1.18558831630593,0.733241709440805,0.965335908663001,1.8793186010518,1.09372538452387,0.324255174127469,5.75671209421939,1.25636318344677,1
"sam_112",NA,1.91565100253717,0.474774096043385,0.865095605388582,0.544811965339581,1.6827531953606,0.995772097346907,0.728267016737216,NA,0.472609403492414,1.25996935610278,0.931341888707179,0.840053454276674,1.57648110909752,NA,5.81669488902518,0.85190328374716,1.72433997078539,0.647739709182413,0.881984287304741,8.58140148719172,1.25703626595467,1.52007774567197,0.595996016268187,0.734401052315439,0.831866934833958,2.31350048585547,3.01152123225879,3.60004642872751,0.720070786257792,NA,1.77895719613371,1.08493074883558,0.794636177077238,0.708862131553248,3.11421181006739,0.699474867379362,0.25214584094656,0.867198266799235,2.10519991916892,0.144379812141169,1.28036241445635,0.336598042570649,0.852479215466175,1.66694295958645,2.78480308714026,0.788031806304554,1.0740079733964,0.435031786976235,NA,0.541461317444693,0.385485807194284,0.837064029441165,1.04343374886986,2.93253479034185,0.672527325506936,1.67454157412285,0.527833331876168,1.93420586521178,1.27007833825061,0.768460375959225,0.737854591859563,1.130932719206,0.952119633596003,3.75407671884917,0.866001224335628,0.602320840083864,0.572348348217994,0.616430957428703,0.957717125568433,1.85330359972186,1.11104843994108,0.80970694204066,0.354786536187199,1.60265659735942,2.85399586084544,1.43921755098474,0.320059718734785,0.520087590929908,1.54749801393761,0.197999083934133,0.739767718030213,0.682765006528868,NA,0.795092222961876,0.834427785284149,0.73050598688556,1.10000432911387,1.10505488872603,0.931983141422732,1.41448752088261,1.45780399912499,1.17589768446162,0.0529406570278722,0.991880824863751,1.40240780754777,1.43134566111293,0.461310083591937,NA,1.01928787954497,0.678633376882925,2.98271599701555,0.57878700719298,0.514955396295843,0.63645512204517,0.772774151737318,NA,0.448567512931613,1.34558447533481,1.42470853463992,0.949269430200778,0.527144040003866,NA,0.802422421109986,0.699269608043341,1.16486085630661,0.496209515923746,0.656260418674902,0.773948532971614,0.942881192422546,0.66364695188993,0.858199389553429,0.326543292339824,0.939541179832843,4.20737870229607,2.04379962112678,1.57046375114923,1.50900280260919,NA,NA,0.554298818305632,0.290949507314687,2.58715575015471,1.22722175301692,2.76506495433777,0.912636201889667,0.4616938466699,1.34624207791784,0.99520297243833,1.49608659490346,0.412625797346779,0.315783051715996,1.54756057014303,1.84693361583044,0.928663150886291,0.466004701092002,1.24032787707057,NA,1.03799950630969,1.90259234304026,1.08182844066459,0.846687098874507,0.823282605893463,0.51294363774389,0.719891264031201,0.375502744249364,0.290075310489189,0.73511136769873,3.84937941909718,0.235918323772073,0.848092599730721,0.323221579608998,0.9857822171025,1.34482769115573,0.394608801774374,1.02013257645601,0.364172589000728,1.13830881493984,0.605875616258327,0.585397095930597,0.466723619665085,0.63970740456331,2.29328627817414,0.560092831676156,2.58177044148283,0.859734310937267,1.20229200256231,0.662871533731524,1.81089731812871,NA,0.65122420733156,0.652664920540168,0.556554928371633,0.702043961742016,NA,0.526788560342576,1.16986247091836,1.33720376104425,1.16302881333202,0.694599076949834,0.919355332548007,4.39635628192902,0.742929840335411,0.521685441730181,0.264095034264395,0.524776992853923,1.60591840454429,0.367135442871231,0.253053023141293,0.859746104367866,1.62016263016873,0.908530316077384,2.09016727130984,NA,0.818837922353615,0.63809426155936,0.749748667415656,1.00890341748016,11.7512740351668,1.18035241549845,0.437046511618023,1.11196363753,0.545862439030804,0.490102881285053,NA,0.729508058303105,1.00521201580787,NA,4.6767370376759,1.13920841509636,0.735383552308191,0.77221332989958,1.28070809141728,1.22707851822059,0.985694344364164,NA,0.619687338567942,5.3173635505613,0.549008053843782,0.675433570741396,1.01938919094177,0.874302934970786,NA,0.935204773834593,0.474945645165993,0.532659973902224,0.781458647012293,NA,1.40911727836731,0.90131405427485,0.997987818946213,NA,NA,0.867492535523047,1.48657432478884,0.31138614187525,0.864397232409124,0.278814986062179,0.942594228147238,0.165527981013985,NA,0.486165619323563,NA
"sam_113",NA,NA,2.35988851434948,1,0.251558855637406,0.741664294843229,1.36890313708052,1.2960688068479,NA,0.777836046886444,1.00929888704844,1.20667208097497,0.945367555860997,1.72176555550315,NA,NA,1.38686594655428,0.735751534809763,0.847011464900288,0.515987658938191,NA,1.22393343626504,0.357272084984817,2.92744509907575,0.256936240634946,0.626584836674734,0.794259876842007,NA,0.5988438820639,1.79834631046968,NA,1.83352409577236,1.18590795394492,0.877295536049799,0.772735315745927,0.543970259847223,0.748812963256871,0.819719708749704,1.32766050060228,1.22021678371017,1.20569213290885,0.67464363665359,NA,NA,1.79560135448218,NA,3.04156447166854,1.78426062941908,0.405119741966647,NA,1.3376025439715,0.370508768466769,0.922557154662153,NA,0.650513882178289,1.46095838395239,0.32846765245608,0.713629935394503,1.27218289543961,NA,1.81170605355013,0.746591098151809,1.73006874952057,0.805026933425005,NA,1.18006939368823,0.724163351575732,1.06145531762432,NA,1.01887616263768,0.838063976824299,2.15381470226341,0.726914040225889,1.43259959944576,0.909875351395912,1.26740775541185,0.87359299730944,0.980646819942526,NA,1.03186271514295,4.2861700544672,1.95219306321995,1.12001823450262,NA,0.837535147364815,1.15630866357467,1.03521003499342,NA,2.01943298057056,0.710451844666293,1.37017794738253,1.35755334280986,1.08136270012123,0.520708186880906,1.00242361946369,1.12609485087931,0.91680887120545,0.34152462224041,NA,NA,0.654999682813487,0.451989095988151,0.665308603546828,1.05005509972122,1.03065120671661,1.20682686986863,NA,0.230889436274038,0.798071053495083,2.01426001179219,1.07370722678746,0.820843164861662,NA,NA,0.886507780347795,0.90185205474159,0.977762115779263,1.22026389131466,1.18382593160717,1.17746788914463,0.763272901172765,0.971269925389244,0.15604461975303,0.969324235336611,0.830989100573765,NA,2.1026183298239,1.01271586968678,NA,0.373666316356654,0.86125005942971,1.68662296941153,NA,1.64752486144554,3.79850136156968,1.31888812128069,1.31232542174249,1.75425896748279,0.894415277268781,1.19378092144881,0.72133087141983,0.328940021889284,0.822985151641262,0.626755503013282,1.15560176208034,0.762188895513611,0.818480304681083,NA,0.648250523902857,0.887129243995794,0.574092693531295,0.908217490839616,0.818299917455595,0.566042822959449,1.74576201448809,1.62820521976084,0.590358401268697,0.873016567854289,1.09651389439035,0.150470292851038,1.11745011499551,0.571448107657252,1.20681762417589,2.46053131647889,0.951883867345404,1.33582821661608,1.12494694975275,0.716152950621685,1.67194349372829,1.15649862091278,NA,1.13129459774929,0.728960540485842,0.506852296974102,3.13221423131894,0.715542917668055,0.74033668191901,0.442057076624917,NA,NA,0.996643037941185,1.4729646813263,1.37693361101293,1.01031262194476,1,0.580229201812917,0.654246237598852,0.954130393530376,1.0839538110879,0.880348501819694,0.921718107836503,0.480977069010285,0.858933227661034,3.8896365747409,0.442221255020702,1.50738289549899,0.904075171894754,0.667858757117212,1.06229285118938,1.06951700360079,1.85701983776352,0.642910780979072,0.956806703211693,NA,1.02777865719442,0.670804646739761,1.13682955740652,1.3344935836709,0.414538474042459,0.551309562588149,1.56650812736051,0.859617096106401,1.18262583437874,1.06231209206587,NA,1.45324624556327,0.826456385475895,NA,0.563125760579724,1.43090031994557,1.44532033468374,0.832772119589423,1.04425144923248,1.59386215188455,1.39478300649072,NA,1.79292038898253,0.919348314491465,1.63180952391473,NA,0.910203193446063,0.965408693048179,0.756641306594347,1.29422352281055,0.75804385446678,1.32147240966814,1.19198671317429,NA,0.120465265083189,NA,1.07995863830001,NA,NA,1.01414865281204,1.31659394017098,1.4257037167817,0.878821515618456,0.24611006016346,1.16479279011054,12.7977261403429,NA,1.07226991839568,NA
"sam_114",0.960143187307553,NA,23.6961587482048,1.00930184308496,0.996315385016769,0.907010594088068,1.04592207783945,0.917306772650421,NA,1.06601576836712,2.69288573953811,1.11735307670847,0.975317022704059,1.61157374401209,2.62967132379733,0.918182158275889,0.941119997615581,4.1145880450523,0.670561055629486,1.29118362037382,1.53797848797854,4.52019214617622,3.6726772100052,0.800904509667562,1.97605811742869,1.46224185115996,2.70051746010009,6.58659007972723,4.29330374317925,1.06122026084246,NA,2.6860093701407,1.46237331741085,2.09658782144171,1.4721913865568,3.18932360697036,1.36241644310104,1.11783796420572,1.08257240510229,NA,0.277087866776103,9.23775060929993,NA,NA,NA,0.118255221646729,1.02495397688356,0.783054074514813,0.50365012947463,NA,0.630305609487124,1,0.690649536393818,NA,0.119076004873369,0.832769315426992,0.821317009558846,2.06402016844896,0.418915086926527,2.41287320016712,1.11058953699363,0.975485957538278,2.15021762832385,NA,NA,0.847562530241543,0.549143239729934,1.04714663370099,0.744452966768654,0.529477501529216,2.28748063416732,1.47800411412353,1.60291538437704,0.173692828327881,4.21692752798498,1.65428964310476,1.56093784580096,2.17069786378619,1.13774551018159,1.08050924883357,0.281488830801678,0.726663017432236,1.7750854271737,NA,1.01884579624469,1.54284624333907,0.857170075609494,0.587312118356364,1.10933218262285,1.74433517077786,NA,2.36816663863346,0.946406086763375,0.0800956179017783,1.30800435735072,0.928660059812569,0.80441038435285,0.667314648550718,NA,0.813063854901765,0.92133235227232,0.656754114775357,0.880410530447235,0.965332739737003,1.69772712451349,0.956549149939248,NA,1.18061139298694,0.779611733050553,0.686757365072242,1.1017535153289,0.829284765459434,NA,NA,1.54636138227266,0.737829968562275,1.34438815563616,0.665851937074389,0.864958035703532,1.04944664879735,1.37366430408245,1.06559130275343,0.894846158490924,0.45525162512973,1.27000798800317,3.88125164469202,0.817350260823856,0.302883649536137,1.29896544933937,NA,1.18279779715921,0.796164666602306,NA,1.19524565543723,0.839437355828352,1.09307293790161,1.01398866160598,0.276604003661732,3.01101155561611,2.68591423270834,2.2024814701961,2.50618101571457,1.09268848319346,0.738748090695119,1.31304157172622,0.450217072282729,1.68605466149458,5.57543677083011,1.55711206061066,1.97758641587064,1.73880608901971,1.44199424008328,1.37792484017222,0.889586321887092,0.92227371135334,0.56004696689244,0.6182406723231,0.28851774969579,0.640432052468852,2.73091357790561,0.62457474912758,2.25968729010896,2.1116914607711,1.01935289990345,0.704585658506276,1.14896995984339,0.816504490937675,1.27692141463085,0.87004952491326,0.786471962644785,1.94942548496776,0.0647380029148836,0.916705756461433,1.37943591195653,1.37369116706155,1.28206637335664,0.869724282809643,1.32069374293997,NA,2.0439461329325,0.915783127086836,1.14187609492905,0.732167583583726,0.842190479636875,NA,0.666759048274446,1.63050066060099,0.480902560531585,1.40239319083945,0.987430018963069,1.21598608120786,NA,1.84000426400762,1.20001049994662,2.20565762197355,0.838135443642532,0.978713615375728,0.866576583276941,0.245100716886374,1.08330167005335,1.50686520289188,1.15259404142208,1.33548421210682,1.85092097563744,1,1.10321682678887,1.12550792773663,0.831950688341658,0.368299622580322,0.630175855858914,0.437925294234438,0.92158283155676,1.20315879633221,0.821142224507354,NA,1.94958095290716,1.47814160376669,NA,2.21330862805484,0.684008455878561,1.83413514621118,1.31150488056603,1.22856483745023,2.47245887461347,1.01272578881728,0.462845409677778,0.821892869129576,0.4979614976195,1.39041715002975,1.05392750486243,NA,1.55199988975931,NA,NA,0.749100970575492,1.28984373529835,1.29241575946371,NA,1.93893478459259,1.35876877434651,0.597580208451284,1.25139729336356,NA,0.96953837706066,1.7321276759962,0.490778444585911,1.26827709579346,0.931349499256377,0.988696086072051,29.0985149561909,1.24446444938614,0.469803742292819,NA
"sam_115",1.28026999512008,NA,0.0930046219754844,1.02521701892772,NA,0.643968842950718,1.52258605751537,1.42362332138259,0.855857860624761,0.869920524847431,1.59732639658221,0.933116538177498,1.56847551413951,0.948156537819331,8.81501874337637,2.14374520777096,1.75037848706381,4.79098228558211,1.1531990677926,0.61512391517445,4.35450379673816,2.29024992893323,1.43794193449589,0.466852448125974,NA,1.04561472568487,6.20058980218249,1,0.84468582808084,1.19724522747904,NA,1.15309030731239,1.02247651067274,0.129325038362626,0.641754275028697,0.0893287078336654,0.804493913714951,0.682080401980806,1.05779766034903,2.30132541593681,0.713022110457731,5.4750028761983,NA,0.513494621720557,2.59616603154717,NA,0.212482291142345,1.14525066880888,0.476347931562169,NA,1.63894470915862,0.824103591878458,1.50877326228825,NA,0.0686030024651786,1.64702810506009,1.71211766616811,3.0049264387171,0.537068087178495,1.54164610905491,2.51549848070139,1.38841021308637,1.10074942663046,0.441571352367187,NA,1.82291525240262,NA,1.36953642754932,1.08795709990937,1.17303775862797,1.34899617966587,1.93759397038769,0.944503596988846,0.132834020778021,1.20963681846297,2.52619288626459,0.939984236907876,2.44191804836977,1.4037553927631,1.99866726948692,0.342357548954446,1.65131461904766,0.574983690317793,NA,0.630670778025382,NA,1.17964271352899,NA,0.459219544600023,0.799189519313102,1.15382149554042,2.48228974463207,2.89819873295946,0.712292712000722,1.71802384707273,1.21019130743716,1.30920228810269,2.20341486926443,NA,3.51824442680332,0.947019530116875,2.845818314323,3.4067975387997,0.515882154306201,1.79723418500404,1.45113419566205,NA,1.11542137553886,0.739898689275597,0.916082958244875,0.992752379253311,1.23583395067667,1.19766008606827,NA,2.03055589680165,0.545378102978652,1.60152553121862,0.701135760410173,1.56483401277517,1.28243335589073,0.612568710926252,0.990981535457724,NA,0.862395386020167,1.90712182339865,NA,2.81164135360369,0.479369465326933,NA,0.40827339842644,2.67754467924105,0.734733991037974,1,0.837094164840089,0.19926354618587,1.1691641088385,1.82575526215727,0.841425005500256,0.869040697926022,2.1112123988512,1.01330346895839,2.31088652102929,1.88470806823831,0.355831373148957,0.99063319077046,2.36881683577315,0.940345335598571,NA,1.98666599726485,2.12288337062844,2.15017006360915,1.52180372896042,0.616137121393084,2.48400144880262,1.53885411190762,0.746372748368027,1.31469133665028,0.353907800059533,0.576997639473105,4.01021167574025,1.06863443518216,3.46530707016765,3.25082648057538,0.994049960984076,1.37813557830834,0.89004131723235,1.20692531186874,1.25012448127667,1.95401543478248,1.50653850683537,NA,0.222918736287066,0.464797835036533,1.00708143243975,2.93971627842077,1.24622249558659,1.85773623326207,0.509439425448407,NA,1.72488452656107,0.730786585017417,2.8388190220334,0.851037125054525,1.1942930822933,0.553540511143658,1.48717530627261,0.993105532813702,0.797376671922808,1.17848621041105,1.77477142376108,2.07422206176841,NA,0.884992207865297,1,3.5146450560474,1.51923250458331,1.01449511358874,0.874745879077863,0.493193431129886,NA,3.90341965537538,0.88985888845786,2.48172979156948,1.6069564823845,1.06604678094389,2.33441305002863,1.1029291048041,0.790156910598995,1.06648804317538,0.707047804657055,1.56741223732705,1.16895120307834,1.25506644798783,1.11936868349733,NA,2.21387479301801,3.23089977207352,NA,0.0909270873584099,2.99368179386162,2.18726818143973,1.81571350134224,0.217952938223801,1.6947904478209,1.6087045656353,NA,1.21886766837388,0.959541648963179,1.5898841239601,0.881323003239753,0.400485598114963,2.00827482877048,1,1.36545828704435,1.02861926851084,0.574431305507172,1.15659862299953,0.393111121330524,NA,5.22810681841443,1.44538472219394,0.985484362890583,NA,0.981599322743858,2.0938712724551,0.194535265851338,1.15244424769431,0.0658341526143226,1.24930603458208,0.338437951039798,NA,4.86887697049447,NA
"sam_116",NA,2.57940522423536,0.35003771919424,1.09586960676607,0.206537128978575,0.591800319044803,1.08943985085695,0.81563576630739,NA,0.671044472479347,1.36981321786594,1.09982951598219,0.966657205768064,1.69553388678006,2.25554068122716,1.03943984198916,1.31846995060838,1.5034279987823,2.23066976808586,0.709648817387007,1.97157496080319,1.17406053558009,1.11755768186066,1.31752329721721,0.639594982981386,0.809350048683391,1.72912376937696,0.779051680263204,6.25464027253022,0.824343770612754,NA,4.51694879078353,0.971217591684268,1.65884608542034,1,0.410686593104596,3.0768174748945,1.19016148236825,1.01012688031616,2.48217126066027,0.824236399078722,0.902492651999992,0.725147321000586,0.519586369307835,0.878964016687024,NA,0.518566144660127,1.0168436529358,0.884380902928367,NA,0.532845557472216,1.00963849902565,1.1602958946235,NA,0.400514303266292,1.18250115051757,1.77042579956491,1.50926181439685,0.446447309699464,0.814362932571004,1.05583940056377,0.949433256425261,2.51581498717506,NA,NA,0.910079785525907,0.371091719741776,0.831917420744824,0.711312466014245,0.604563683522694,0.841999303971372,1.49481638119757,1.11276389824094,1.47032901391582,1.69223241644983,2.10600140752981,4.91822969357602,0.519960586463766,1.25292215040382,1.35144315204681,1.09178804166435,0.829760702918981,0.517006593616239,NA,1.13235597187736,1.0704357442767,1.00433639955591,1.01597784866717,2.10824985712278,0.908054413019222,0.369524845096267,1.09403401884107,1.1398946034331,0.876356602609385,1.71358089527542,0.430284243867144,2.02287012626318,0.980485416826361,0.83741631502594,NA,1.21118688745646,1.6285177097403,3.36235332229089,0.414295566018815,0.835075694092191,1.04584747746909,NA,8.59890137098927,0.822651409363177,0.278908469603708,0.911544240533547,1.30851021467607,NA,NA,0.759139125942241,NA,0.76430129224512,0.678352912662493,0.725469802149291,0.947381198101693,0.734534468266684,0.893308166884041,NA,0.964561324681394,1.18004599063928,0.647331389820678,1.01248688128128,0.986693475731133,NA,3.93218003563279,1.12396029552092,1.02571169877421,NA,1.42938225032466,0.169374250597398,1.11836693140639,3.37677709000785,14.8130517279351,1.2324317343882,1.59653351883817,1.78328771406596,0.577250070292988,0.81692191828886,0.209317697254133,1.0438775337476,0.439942731017896,0.619845724035582,NA,1.94430370966695,1.58848753792239,0.831893855377817,1.28916190882811,0.918485509412273,4.57517525321509,0.70794481106178,NA,2.33674833651965,0.714114909435186,NA,0.230690445456979,0.820534940652014,1.03546673504537,1.34505011787769,0.37961300875355,1.85124858128403,0.794174823487275,1.31904715024255,1.12759040948468,0.482689552572331,2.06826257063229,NA,0.374882195506501,0.264228735762919,0.857280857189955,1.23849116525654,1.13092283307807,0.319851566698204,2.47077072197914,NA,1.70274004959751,0.466322327858865,0.966592309008161,0.876691494934725,1.29361603008587,NA,1.98758609400588,1.10364485089591,0.367988834596161,0.555995099146425,1.36272062765936,0.877800502702437,NA,1.71331507874783,1.1605724819442,0.881374423394044,0.847846937025135,1.22302437214781,0.752268947699054,0.514466692021854,1.12803047477378,0.903438666560876,0.757671169418513,0.78534449079866,NA,0.94918971867531,1.28118360038332,1.01784226073685,1.05613635581272,0.112940736485138,1.32896801346078,0.748917208919528,0.918717169803497,1.04689887869027,3.11333810561328,NA,2.1273050165148,2.11830464013275,1.04519490947527,0.204398749727523,1.18218340170114,1.37477126522754,2.57695203641353,1.12165873118787,0.49797552057531,1.00905982273391,4.88317970004877,0.822831949330423,4.96572854943908,4.21526302467336,4.06873089731668,0.787478337019118,1.75391405576721,NA,1.16341144213938,2.3450036287078,0.718998472325059,0.951914326781006,NA,1.47277232117077,7.08768876732057,1.38335782455563,1.66454779512006,NA,0.853810723286403,0.734886583992107,0.654411697522131,0.915392431205533,0.319827954098686,1.7366179314791,0.350632070929353,NA,1.29816506167631,NA
"sam_117",NA,0.408939152185097,NA,1.07652500588064,0.796805269362136,0.317805759654949,0.879601309595264,0.597900589827017,NA,1.05267920999729,0.362358011418818,1.06385311259109,0.809858507157609,0.461128142085068,NA,NA,0.689649172778216,NA,0.520135440699457,0.364058006662165,0.785913668771532,0.530575337756892,0.498049869344584,1.30027994761066,0.980140243348628,0.551424964335743,0.921295670243038,0.306459271677508,0.889984389652088,0.603927022766433,NA,0.818151139115626,1.25605114596274,0.41613297292759,0.99450470386197,NA,1.29738818824279,2.98077888911782,0.662503568070857,0.125020547751931,0.232465137311734,0.93152486488985,NA,NA,0.276451259730243,0.912711344927798,0.412057794670494,0.853414831986955,0.37916085454009,0.203333310914827,0.666854512326443,0.516653217046547,1.14245994902466,NA,0.329868344123137,0.982724818880968,0.619125743782418,0.824397604924591,0.644764080161278,NA,0.759615195557633,0.379907620169026,0.436823934901259,1.40044413763506,0.536759356650158,0.813412799641154,0.206236446344124,1.25558373559936,1.7773912319123,0.958051053616827,0.793420832594313,0.993156705544821,0.813411243959417,0.82207193728788,0.390495363105775,NA,0.509032082510181,3.70809010744363,0.357584449166751,0.308090263017731,0.441673770705476,NA,217.073733830723,NA,0.926948667492408,1.46388517431567,0.848684117303753,NA,0.209983018026916,1.5182674128844,0.770930373335673,NA,1.29355198972299,0.0419690811607347,2.23937683142085,0.468400164064955,1.40405444562888,1.56834043866521,NA,0.297718639755715,1.07106599083175,1.45789766206884,1.02819954623907,2.30417227654885,0.92075248306667,0.776001452215785,NA,NA,1.33967729003013,1.51226352933655,1.0184030050616,0.782518765680574,NA,0.358098897171857,1.5194984751737,NA,1.74850205025594,0.799141360873464,0.859002267932388,0.916311392880812,1.06751542306153,0.786705551076261,4.74983714198691,1.24689915435809,0.867445544260759,0.419535455195368,0.949488499913079,1.00424953975996,1.12125705502355,NA,0.914888791019255,0.569524821990335,NA,0.102225328602564,0.476381321254197,0.974098008245182,0.286913857524455,0.610475150198849,0.676993183919262,0.419978943550868,0.348325953991391,1.61643912408724,0.611467746437946,1.35776366263356,1.18037549054813,0.965326953096018,1.03286866082357,0.314427254845627,1.7225451822212,1.24668309817118,0.392070691132371,0.87231051832522,1.33570391594015,1.24368937189676,0.569197480903436,1.1836027511419,0.461492946852833,1.35196595362667,0.262895172997369,0.619963450562732,1.28340425996412,3.11762356151194,0.419811256061458,0.767711993203028,0.819337645010696,0.982011114495577,1.25879737379815,0.83003313645662,0.959739517695268,0.728453787351709,22.7508014805011,0.277597948608691,0.967965849497933,0.89722802843404,1.98233988979832,0.98856295086241,0.981851781446425,0.0450237811307476,NA,0.294412798312661,0.721992871743523,0.944740964369827,1.19931188869306,0.558788037017341,NA,0.731171653754509,0.913127732238932,0.683134670644845,0.51347879909084,0.962842146314906,0.489185457649326,NA,0.517790794776285,0.520686269087947,1.20370803321932,0.480069699797992,1,1.06094266304964,1.70288756585546,NA,0.619809498551455,1.32227378673168,0.73938268572399,NA,0.915853413768582,0.421747321404918,1.01410659814369,1.15846890572087,10.6113604036408,1.68253952321675,1.81453873220575,1.03136982406176,0.662750374715214,0.908695009376323,NA,0.383416172482973,0.97655092828841,NA,1.95919931659394,1,2.09496093425205,0.561587036872525,0.789890064434944,1.04651425371062,0.765717554492146,NA,1.04907968161784,NA,0.64076274160344,1.16040341349033,NA,0.759917707572673,NA,0.89431492392836,0.413436997746921,0.620620855028462,0.989949233547092,0.907923580521674,0.710052295432123,0.765264761673709,0.774640219001641,1.84414762848454,1.00593335522484,1.07455412627981,1.33716243211157,3.52832935189543,0.719519269520845,0.640104904620918,0.458904710251424,0.600190382292534,0.407879956718703,0.482912069729038,0.527037491717976
"sam_118",0.880978316366211,4.02380489776174,0.548832129211523,0.796484893183557,0.569762106761016,0.144031848720577,1.03687128194978,1.22312897501556,NA,1.57814471390987,1.17592913488876,0.725461271057423,0.814597103999168,2.01981035082484,1.26563322026628,1.94896996611342,1.13633067266552,NA,0.913337450803919,0.335771015721539,0.96680891335151,2.66473175535451,1.33596671682541,1.27062312061596,NA,1.11059523338497,1.59205849419019,NA,0.5716343815472,0.508759104673307,2.63684048311955,1.55445503742747,0.809446915402975,1.67410423748181,1.61542233737111,NA,1.98550198357542,1.5999846391152,1.21819247831385,NA,1.05394887271774,0.486703655736083,1,NA,1,10.4257235189394,1.43345459134587,0.60218030733842,0.744648697255793,3.64341838069291,1.60521047426345,1.67118740964791,1.17177752719124,NA,0.975511457690255,1.39759980161901,1.18946038946116,0.647855101225043,2.07742308713134,NA,1.32697984188837,0.6866373834763,0.354786515137857,6.54156107130326,NA,1.25899022871806,1.49222125646945,2.02856583338439,1.34170886379897,0.591859158231631,2.00684676069807,1.17099804870408,0.817374469108942,0.402215215250982,0.971404077902774,0.162965383778714,1.0599717291962,1.4437086325565,2.64065448929088,1.3471829285261,6.23545336926222,1.11440011851163,2.39609423128658,NA,0.586897560426462,0.938496166645046,1.4578263446489,2.52606332801655,0.426198466456426,0.844128426349204,4.21633472465602,1.36624798032155,0.915769412541556,1.37584379659318,1.239758503718,0.339489259419896,2.90970660048693,3.16171311655908,NA,18.7201350626643,1.17940115143778,1.16184908400141,1.27784841598225,0.419844835471252,1.17267215584491,1.21888180644756,1.15025678592002,4.28682651760551,0.890369051424102,1.72236738018133,1.29485294050549,1.2745897536019,NA,NA,0.834168627703478,1.32059603532798,0.617888294252254,2.82920851694558,1.45521155522047,1.14112904291216,0.546670489371807,1.12114613708851,1.89822600252719,1.05797699559683,0.284820122346979,1.48938109728913,1.3322251600504,1.17221301779471,1.35225944931424,NA,1.05835533211059,0.944438252541745,NA,0.481673671858499,0.413079776636179,0.961484044165668,1.52476048314246,0.894580334757747,1.09719841896369,0.15959570756009,1.38789851914078,1.10145056855112,2.86143380648853,NA,1.05830263287456,3.91415505987654,1.61842120489211,0.767328182131104,1.54737033196243,0.914214209196132,NA,1.30031289557534,0.638707291472077,1.50744196209221,1.28786647438982,1.14094917667408,1.36994549958136,1.12630291259595,8.13079556718008,1.39096674654303,1.67450204941585,1.4899470070079,2.20488002257147,0.931591245121974,1.61477927800676,1.2977177841722,1.29657308054463,0.965629274107324,1.75301211505399,2.96618053707873,47.3674684128196,0.670141538766972,1.23411266173106,0.992918567560249,0.725387575072239,1.22586549988264,1.07069942918819,0.497452858221017,NA,1.14983419223067,1.77040672075565,4.71380090429793,1.18890082704923,1.51488659238077,2.53576332786156,1.79316687320088,1.32911139963837,4.17416544894341,1.83964193631307,0.862010113540315,1.94113553047661,1.55626082674112,0.515430290928089,0.731876436937477,0.976406810555448,1.88914942293608,0.853252762560186,1.15133461179506,1.79768625349571,0.694985819805294,2.85004768074417,0.564670595826103,1.04314488953569,0.425151307271571,0.74205651605154,1.38970867060238,0.997284001584639,1.58233247693315,NA,1.22984965882033,1.12798042801617,1.18134353589518,1.13020065080838,1.10381314150581,1,1.41223427246073,1.0744519681008,1.55251210061186,0.534816868357172,0.548583355793593,1.19689503486124,1.76761050828382,2.25933035871636,3.28928320114822,1.10290699841273,NA,1.86896599536373,0.575558480670963,0.151528035682919,1.13816123965262,0.63089850386841,0.93264095998702,0.792347871114576,1.43750701342972,1.65319713958463,2.86929842354421,0.824296314860362,2.38312726706301,2.15076690018863,2.13952243146433,0.832493187507442,1.01451563710942,NA,0.961298753039335,2.52484301757106,1.02458282277164,0.714135065999617,0.355910097757032,0.422430699699553,0.97560148615414,3.72094875142374,6.19400711198463,NA
"sam_119",NA,1.45014945231564,11.401185874077,0.789140773514384,0.267395976615985,1.79876668412266,0.962866600255362,0.871582266251207,NA,0.622092523971533,0.922781357086216,0.765999678847642,0.908498093543229,0.472104557477354,1.99048098618816,NA,0.755801144706447,0.456767936452915,0.505786587383153,2.0841097660001,NA,1.01019018248593,3.70827838054588,0.581729417965717,NA,0.534978947630521,0.392314911419369,0.408058334533762,0.342392582406705,0.949083697928683,NA,1.46223109964613,0.913821201271494,3.22260109429651,0.445232575195543,3.79966958648381,0.843681177963448,0.854858878414275,1.00913409252453,0.049670833832996,0.467719434960383,1.77490293831674,9.32470012708143,1.016519377363,0.407613236974109,1.16074999837068,0.318522469913752,0.593225725962086,1.05164965183599,NA,0.423332495916025,0.366859673631516,1.29732267884164,1.10270910289096,1.15880318076651,1.02212869477848,0.8101391182512,0.973029267487464,1.32239137582742,1.90265395830147,0.67813918657197,0.527257321608998,1.01883219874634,0.590722099416718,NA,0.685462594473509,0.568855778968313,0.498097505964142,0.641597750128493,0.770997444632354,0.624217729400938,0.509833563537163,0.795887378083951,0.228503278950997,0.898446596162858,0.116568351219643,1.21944852190296,0.371858916893626,1.44765051631802,1.16011847556827,0.43281888712761,1.40911450298228,0.663819176087574,NA,1.21791966921819,0.96919940659027,0.825003690847127,1.39543462752299,0.366371974769071,0.391051247367034,0.187300657617914,0.00154015746933013,2.11694573773815,1.57589004860585,0.623203154602849,1.23941558881674,2.79289275268162,0.293317685526058,1.54079719357037,NA,11.6122521884665,0.705750623420693,0.597452990511858,0.166040735100478,0.490857324694388,1.01351536857199,NA,NA,0.789667099368605,0.499722961364312,0.821258778454981,1.37159271039232,NA,0.591157171959537,0.644603269301298,NA,0.553735454020197,0.915889647851573,0.906143356141608,0.793423102256358,0.702674299410008,0.901228767374983,NA,0.413991036960817,1.81612373492947,NA,1.14950672812826,0.772733325164402,NA,0.434538714362184,1.03488018139404,1.49932165330048,NA,0.294544557222282,1.19385161995009,0.958015109531449,1.39350168840324,0.46098439999558,0.5824057986544,0.378919988005489,1.17724276911201,0.253189432898521,0.67437153886532,0.908400720117198,0.945128662594328,1,0.457884778811681,1.41335172211262,0.535793641939669,0.408301976562394,0.708436768044288,0.765093291636265,0.768128734573349,0.604319491550939,0.666810071333602,0.654541332908763,0.7593693410042,0.410884941743286,NA,3.41896737050496,1.03977178271015,0.383008137511253,0.890394822713041,0.938502098203817,1.57376881595499,0.883788430229029,2.89023952677524,0.994155142353081,0.38244659291293,1.65363374048614,NA,4.1665552272164,0.990803245794816,0.18492483496089,0.47474720405434,0.820183802043117,0.718562895618156,1.11011339521575,NA,0.366694982937058,0.360928531139395,0.458135277485757,0.994365925344489,0.883144328280965,NA,1.72948358200912,0.855538870202786,0.448914149479334,2.46517654865944,1.18302722401789,0.629904271612484,1.98876496594157,1.32219523039232,0.426200045628125,0.367125714535201,0.985677620382054,0.763798600786017,0.924412070915231,0.126633695116308,0.989204908493726,0.504290603457357,1.00448034411453,0.658426745100505,2.77664658361618,1.12407130438606,0.584970484405132,0.771572224160358,0.871526137366019,0.59170758773812,1.57979285767186,0.666573030606723,0.83602799900704,0.396538031529297,2.05336828125315,NA,1.37056240004555,0.721577247860665,NA,3.62887910463647,1.74469403856033,0.5137556577208,2.04240709111149,0.474341081030965,0.353669342974546,0.965419048542105,NA,0.876507516306693,NA,1.5475406890092,0.980811610101719,1.20698766229968,1.21715230397682,NA,2.35224768954439,0.610968011692077,0.637319224058888,1.13377286899256,NA,0.284493493507952,1.3909014546163,0.665751929888856,0.923668186610859,1.81778134696699,0.790731171894475,0.422479261077763,1.00431613562051,0.992305291967319,1.44227901171016,0.704818670640484,0.547238651995492,0.561063249306366,4.79720402614029,NA
"sam_120",1.912648855764,1.9678234955115,0.797964592898308,1.04095165340281,0.5811376316231,1.54923165667997,0.980851954527942,1.22859929451372,1.54266034856383,1.69209345930621,0.58566052368837,0.891571596255319,0.919528244353582,1.1639990576575,1.32182078379534,0.568305272621057,0.840029283331319,NA,0.546464222642083,1.03297986235648,2.95137692581598,0.721312736159893,0.540848610682041,1.0154770427391,0.366263118316608,1.6935104310794,1.75423324059084,0.578726469174204,0.717974127624592,0.964427883826107,0.90726107986099,1.47704621694786,0.833895279063208,0.430910410223608,0.773796207412906,1.94230397817383,0.779335249545625,0.411896375625344,0.87781703605039,1.26414015259906,1.69914764996319,1.36601135575678,1.680992918939,0.864260847425354,0.444430237868166,0.389223304483782,0.555617562846067,0.983276294139596,1.04653762358889,NA,1.00627507026802,0.688324510213694,0.569451667909023,0.916647499472023,1.6610604480218,1.5215842780877,0.935179293117756,1.13064076617594,1.36440248788706,1.26999093262096,0.945830967335049,1.16745004729474,0.250439271069707,0.749373737545324,NA,1.03378360076247,0.952349122602057,1.15664667539391,0.87633492590149,1.30472896785893,0.994328897388902,1.00684329445518,1.42998960486802,2.12350542289849,1,0.686447277208365,0.924962497165191,1.81534912758692,0.831100668270362,0.875701073061317,1.02779895143816,0.946016915503908,0.397928254722052,NA,0.893863813121944,0.792478455231483,0.561027100343213,NA,0.542866918954341,1.62552626986593,0.548636297938615,1,2.34378279441262,4.48932877390534,1.12823872901886,1.25298043123681,0.566651929355669,0.682309832342475,0.561019232809724,0.980297831541706,0.901621914859339,0.763201584408569,0.567138591561289,NA,0.84622038801143,0.603820403348475,7.12992721828268,0.160633983400555,0.724556434431712,1.19786213604234,0.93965281713083,0.594866442971622,NA,1.45247894702709,0.940117067006388,1.26579086350605,0.993282174519917,0.794300434234788,1.27554470133568,1.12038982337174,0.866014268798062,1.04576490633402,0.972781068719641,0.546221902073821,0.524111985501708,2.93551508557171,0.57752761043013,0.549337990301071,NA,NA,0.928320271734185,0.649152144376391,1.41610065775346,0.296458198171923,0.582557747075014,1.02195840689167,0.854391783279516,5.02018745081601,2.32573552134754,0.744807600138917,0.760666135594905,2.4057001891055,0.618812606839146,1.42019626356475,0.812383178052181,3.29377897556836,0.779639568885162,1.58021328388867,0.756837519298049,0.688810855273711,2.77547501328407,1.03178598663233,0.879929728790991,0.748422140711955,1.00565226183147,1.35823316676139,0.495921518112153,0.558775452406747,2.93518897337742,1.02470601574902,0.539739085071129,2.36609916185465,0.804235233669161,0.774740014515761,0.858373004890003,0.593844199732872,0.505969057204707,0.87604920908231,1.11874266118715,0.758971071133289,1.30395359223819,0.708430408572929,1.84354726451586,1.03360174781389,0.906636895739614,1.02631026249239,0.694249699519009,0.558034685432988,NA,0.690996412464956,0.41699496867617,1.60593837629699,1.10804040171729,0.88835389739979,NA,0.677326833571383,0.834975752017626,0.33710635325176,0.948978395577461,0.757629707933036,0.799041368667194,NA,1.3834721464401,0.503021103126832,2.38108900835112,0.962140722525069,0.927102802264966,1.49225393860674,0.277328297530788,0.161615435814509,0.783599422918621,NA,1.09052205010381,0.805532368075303,0.658611152566007,1.25904794535157,1.22699672690807,0.996772554373367,NA,0.66444960396177,0.747964789353051,0.832154293392914,0.588141207314576,0.351466701339621,NA,0.582998817054738,0.946139964559539,1.07472530599338,0.474800254943108,1.68054136352366,1.07296418366517,0.57950115599451,1.37297470461322,1.1605251781776,0.947547424970498,NA,1.50487931043642,0.417466622890523,0.815764780517766,NA,2.48336270927404,1.45110707597921,1.94071207574404,NA,0.402446843201133,0.33470430750878,1.22232339347543,4.98546013171825,1.86566039054846,0.38360005247806,0.497384628172996,1.17780595211329,0.235516551239127,1.19039210772292,1.03474089363682,1.40066441881716,0.795053320660914,0.429875597579717,0.28431080608935,0.859293595610836,1.92314966346381,1.67717159775988,NA
"sam_121",2.07943053525905,NA,0.653821434350098,0.933743803102844,NA,1.30829326687843,0.990945159546851,0.861201430468105,NA,0.935200800002852,1.40378654507562,0.833113401869291,0.925739239352426,1.00313465010203,NA,0.398241194254141,0.530514947160486,0.66328935963577,2.1491230673678,1.34749057505497,0.873443393970028,0.621256140102976,0.800926120960844,3.16532906175746,NA,0.972006903212526,2.02826652681707,3.74420947142428,0.309902347062038,0.927805840552774,2.02025669051992,1.48954962413373,1.03799957517447,4.65639588405064,0.741469764028858,NA,1.07691243588185,0.714694081376056,0.67582980199154,NA,0.193765679087817,2.62409373302685,0.572122306096206,2.4391969825677,1.12015088676647,NA,0.371597175281726,1.12502039972852,0.585359941055919,1.35470799857266,0.64676902346888,0.574379320303318,0.783444989168945,0.819977828587673,0.253141648148047,0.84708179333755,0.264307210303771,2.11326952565156,2.22451092314585,2.44727771761195,0.750773826574596,1.20357854284023,0.7901627959907,0.805446079187025,NA,0.610462986181202,0.951762909621694,1.70819855152638,0.806720965153077,0.595106528682098,0.937551607491479,0.69510744066676,1,0.206694306578592,1,1.73345533198296,1.26017809101693,1.51261022088456,NA,1.56652466169406,2.4843677522553,0.838051881430353,1.76742577109688,NA,0.979454256632957,0.773873550798214,0.811252668100764,0.530971158656212,0.126356231404629,0.561125136265448,NA,0.96431283710783,0.825944866436072,0.0312521591708858,1.04137711308401,0.856860763383807,0.750211998295292,0.237729757003889,NA,NA,0.991697732897508,0.504451167928864,1.36039997090104,2.00178364872161,0.787417215178347,0.66577506990439,NA,0.264405997761773,1.46138717397173,0.415582162551081,0.95550073251171,0.724844378489059,NA,NA,1.02804971981146,NA,0.996252237990013,0.664360616772297,1.16178072152884,0.924446359390003,1.2095059266274,0.74682492499806,0.542330367772738,0.644732681350009,0.442366606780467,2.16789643630437,1.23814384494039,2.4261212048164,NA,NA,1.14532136733635,0.274597671688749,NA,0.24385432422515,4.14352225741143,1.04314290861887,0.719734107070874,0.682075526124656,0.743899073410341,0.985674685131188,0.88341373331344,1.2607684827193,0.576839493556715,0.239453791141081,0.989039010942597,1.2442380100935,0.818764277693025,1.47831235433556,1,0.854530838811981,1,1.17756420085989,1.14741206233373,1.26606243137103,0.428011796111352,0.776615634387943,0.966304488729446,1.35733299597712,NA,1.08165806615722,0.994638101061377,1.67629727291678,3.11904228543512,0.544884360790882,0.828017141806297,1.05465447492157,0.566771718539541,0.976645803498582,0.773531125401246,1.15115988316353,5.23392686006423,0.526135728793523,0.339052565947247,2.70694590897905,0.633738819684616,1.06402484809877,1.45455662501313,2.22284467583951,NA,1.74601342904684,0.241308543771282,0.725790040583933,1.28638782515561,1.41194284711173,NA,1.11900225454222,0.90596733012138,0.434084246874117,0.384237421681705,1.31973665758545,1.29188572105014,NA,0.689047555774186,0.819611015776721,1.15536344004008,0.785642664462244,1.01521697081321,0.93371797786148,1.17411073600842,1.84645106801254,1.37025206431263,0.223363019439382,1.398541400305,NA,1.04628503619461,1.35564313579052,1.11858504701194,1.16015708265668,0.688545222333586,1.31709812448085,1.02774997947069,0.988919328085709,0.603100911057179,0.695619026106457,NA,0.993929066909314,1.22037898342051,NA,0.741909514550795,0.664857370728254,1.65046699767564,1.52475076091534,1.10927110375162,0.552079047595919,0.919908440344851,1,0.808365991544763,8.40454623064054,2.55133313584115,2.32299913095492,0.904482747851203,NA,NA,1.11860860824763,1.09190846852468,0.773289646249669,1.136808065968,NA,1.05689466634046,1.9311391862309,0.927129217327568,0.523774409800903,0.748723850308802,1.07790265721716,0.523439491147368,0.533703978434158,0.904288516412842,1.49816019693463,0.870971705623109,0.554040669863608,0.333563388321864,2.4733175456511,NA
"sam_122",NA,NA,0.587843114279686,1.13391321311221,0.716037441415507,1.06558040184421,0.972111289513731,1.09023420639859,0.604169221428468,1.21238712364198,0.718316155293635,0.741991756372481,0.77364617234619,1.30452453927095,NA,1.23954970633521,0.917231314639694,0.420180341096329,0.885131384778284,5.71800564143456,0.395694448969036,1.11806015632717,0.482316762903443,0.711796956786234,2.20101519606408,0.596655239736409,0.778130476870452,0.422506545368048,1.23094314224457,1.18342051263934,NA,1.12874427022332,0.982635404270206,NA,1.15617964482056,NA,0.850002061154247,0.658019332180553,1.02130237854246,0.0454774823725302,0.503401228806787,0.601070084134187,1.47683394702957,0.638510545518227,0.615386882811692,0.0631258968567956,0.347996883782492,0.335657273864862,0.993198713397998,NA,1.20367312613095,1.52636001972926,0.733721668041712,NA,0.840754588933968,1.0369584258076,1.17884989802235,1.08775542266225,2.13403009868928,1.38476707319639,1.20819538311293,1.23037647815685,1.37357292845022,NA,NA,0.718458459604602,1.59252467502329,0.816194236382538,1.010521048066,0.69151933736582,1.0904295273639,0.806119858585002,1.26373007789352,5.01432883863543,0.780091418693124,0.405786660245772,0.639170145573249,0.641945421821,0.877380332978263,2.39582706270901,0.971842153718437,1.23365504015272,0.694419657497192,0.787974957614747,1.08579372740745,NA,1.12055290088297,1,2.87419943749362,1.1101883676027,1.85425383955441,0.63962051760241,0.846472823640425,0.233352428395949,0.381858165231564,0.720521210883111,0.9069770109958,2.03525169642735,NA,2.93466174980839,0.669809394569867,1.1711405534122,0.264160549708008,0.642991206624126,1.01818348494201,1.12822942324734,NA,2.18190602470063,1.60105918898518,0.598961475490847,1.16915588290424,1.08613435301236,NA,NA,0.968036558349775,0.87663052330965,1.13424286800399,1.00379944969943,1.07345527076287,1.10613695894029,0.693525140079563,0.980228053588162,1.84364853199805,0.745424151506191,0.82011779658988,1.75722671247578,1.02937654470924,1.7344006478346,0.788810766156919,NA,0.922879838816964,1.0603034986003,3.82561063413565,2.53241139594563,2.27485050716992,0.869987552477706,1.22656022291562,0.17395404830466,0.647647212151949,0.39042310860327,NA,0.680352528514806,0.688820640642032,0.570086839524279,0.994619583921007,0.533194573262614,NA,0.841548073089397,0.3635885339214,0.177887158754398,0.511391232756376,0.721485570474447,0.716962228227809,0.381278238119311,NA,1.24721534396842,0.943322791478203,1.89319633829334,1.52893828161177,0.309658879358435,1.33614369607921,0.448833701784854,0.736765595663715,1.9021549981451,1.09174096354243,1.17322056317568,0.838894442396022,0.970865703329803,1.16564241572781,0.692534682555683,0.48632065845052,2.56497982029118,0.653588933713695,0.510446156528244,0.0505444807376306,0.931898553021201,0.788802276030585,1.30460466762672,0.302972758197981,0.270986803629812,0.897312734796651,1.08675583479187,0.84257102954702,0.461135195524517,NA,0.838983225257533,1.05039187616164,0.653185505211271,1.27231239028171,0.780467068009848,0.71994660643757,NA,0.942421827712006,0.41363248822952,1.20629728016337,0.897435644065313,1.44146667474682,0.695072791500478,1.70078805050309,0.278243066829456,1.00595037439303,1.06598856290454,0.489320800958753,0.868632933132113,0.927353717440052,1.48500881022384,0.965222998858375,1.39148083411853,0.384344537847946,1.38885045928723,0.921230084914265,1.02341436975031,0.846591952857607,0.783235355144973,NA,1,0.858811899986276,2.09811327151206,0.103640067913613,1.5737451219736,1.04014781601908,0.940970633226376,1.42963235436725,1.62345916900112,1.14959965182888,NA,1.20205059341253,NA,1.01842552342983,0.923461945738735,1.3637513455819,1.15321989840025,NA,1,1.31474771025889,1.26866272282144,0.948446481262244,0.547505959265058,0.381162867746483,0.621484772235571,0.63119758203216,NA,1.4860256632926,0.939030053551384,1.41108321788533,0.384208087336934,0.933327345970505,1.8528098038861,1.15657924822116,0.378718945598931,1.44839357549384,1.120641865846,NA
"sam_123",NA,1,2.1360452264618,0.982775415881726,2.25876132252328,2.02118451838219,0.79943183493562,1.32667221992522,NA,1.28414526878728,4.63126815256119,0.964617009050273,0.904257610065767,0.810446392259551,0.783339742345394,0.645807032141023,1.19738619659518,0.977928258752678,1.56731912700219,1.90024970476102,1.51108951366895,1.77064648162297,1.18092009328669,0.956990481112835,1.49530859788328,2.07473366717783,1.19986781938761,0.239790453560358,2.581642596985,1.23029599847245,1.22021045184907,0.628485071119897,0.95964432035628,0.31019637480634,1.86709629020687,0.66794636288248,0.624310063384183,1.37650061347678,0.748353727120612,0.628279118469477,0.643246808412104,0.996660234335487,NA,NA,0.592178867703417,NA,1.12533916768186,1.16597511491186,0.373136064244686,NA,1.08013406677403,1.33473216879469,0.815703638332838,0.691599900912782,1.35432051961604,1.33527870591466,0.87643126231854,1.00442548345317,0.365336943410534,0.592494732020779,1.1658756830201,1.07590925947528,0.590637874406769,0.796373630841977,1.07681363014299,1.26507869038067,1.7607637876573,1.12757537311614,0.697090383336102,0.438345343849351,1.2478807084495,0.980506930997664,0.902084336683972,0.687430088058308,1.15615150442602,0.594664169658627,0.621586268879365,1.76973971134685,0.27681685634608,0.524003579459584,0.293467423958267,1,15.9146985910171,NA,1.26738733266286,NA,0.837435755992611,0.628447601244509,1.65776748027006,1.13311971862853,0.507364475452788,1.51586985062284,1.30713771087394,0.0950409748056322,1.25816494957229,1.42551233569498,0.948137318176998,0.93451861651038,NA,0.957409485267496,0.786960451169546,0.986758311412534,0.979724235298848,4.22024626200464,0.945270234932142,0.749679442008212,NA,NA,1.0099519260671,1.31721256616482,1.07802970586368,0.573554046824389,NA,NA,1.39187751801661,0.327437543134937,1.21146297217263,1.18113379394537,0.935709197018269,0.967938417912283,1.38926629011314,1.31756065060485,0.584209545924645,0.905466556312095,2.78971605223736,4.12264393080807,1.96575859058367,0.944287191994993,1.68433843323185,NA,0.77765874745137,0.912374901565702,0.174776546036161,1.16141471130231,0.436780837040665,1.09838641799346,0.679448214140451,NA,1.04074207893493,0.776730635458086,0.558136760836229,1.85646348427941,1.15926880799869,0.363811182580418,1.0151215499739,0.957564166423898,1.17097086575849,1.86167065962344,1.24370918925817,1.4657585140202,1.59423166979523,0.892813279762736,1.5427783288412,0.690589023286566,1.31611675376256,1.06128226506686,0.876670214474662,2.0257366891815,NA,0.824194904572455,0.759703712553326,1,0.71812431744783,1.19186639912228,0.608857633162578,1.24196631824864,0.821778674799881,1.01389431917642,0.970112687776109,1.02106195718333,NA,0.696085290079407,0.444912330739249,2.07002119052395,0.321206948284723,1.07708734232211,1.10300344530467,0.680728976052969,NA,1.12444689764959,0.75747418721762,1.37082608742097,0.964629921391165,1.4278548331679,0.350097404615217,0.622994311127821,1.19501152473724,0.963262229099006,1.14940223323432,0.912169277947137,NA,NA,1.03512507972795,1.24538933199318,0.850925153753729,1.46315426902448,1.52401652670145,1.02137222626428,1.39238755949876,NA,0.963610305230566,0.986887602751047,1.59257403204831,1.03871710396044,1.13944339779185,1.72646160186844,1.12029878326652,0.974904853843491,1.02969739761799,0.889359877816743,0.815213340711106,0.939309426956883,1.1491399676794,0.640744431803044,NA,1.75158877890548,0.880585272983905,NA,5.23230569483267,0.768277347902425,1.06841080830463,0.525949698490796,1.08612498115857,1.87987353197913,1.16679266798489,NA,0.991562420870894,2.84093011560897,0.614824460691646,1.05826260948383,0.62632872275188,1.01034167075105,NA,0.792647464773902,0.631291485053595,NA,1.09512586821187,0.638628788992894,6.17132794211653,0.829139006471993,1.05054852299326,0.563927716165013,1.33508859397588,1.16036244787765,1.59432367500796,0.752016935425039,0.80220749949354,1.13077269725431,1.054854354747,0.132205108886496,2.56172864571111,0.504130166128217,NA
"sam_124",0.645851547873086,NA,0.283179440022541,0.979843639502319,NA,0.640258611789612,0.812250231023397,0.528413419934956,2.15767897007539,1.23773445407718,0.908098885158461,0.917953314287449,0.92434821898927,0.793254422800778,NA,4.77871445050543,0.74887226786198,2.95103549870973,3.34178045477319,0.462063831799005,NA,0.978063305239702,2.65079034830675,0.609269102820884,0.237713474204606,1.45939918833274,2.59346000080751,1.15033545483389,1.17963099337568,0.941048982653757,NA,0.841678440723229,1.13792292722236,4.11195774765614,1.15391393641398,0.826344466999416,0.709452092806081,0.694795719415659,0.879800671278977,0.790433323235366,3.6388213388005,6.81076537045837,1.9519179398525,1.57006971005617,1.07416650912365,7.67392259996375,NA,1.91528939575158,0.600871589260812,NA,1.82994946195142,0.271303392130492,1.07519153420317,NA,0.18830805316835,0.430388859945964,0.376641695505612,2.00355938319678,4.02163017018597,1.24580841023199,0.841017807643584,0.769304079522868,1.174723701719,2.59630156383102,NA,0.736479021043172,0.641263326244998,1.67963617091495,1.90623330861688,0.818300937680609,0.963914436201055,46.1036932334457,1.01889851131803,1.04946562806971,1.32976612835613,1.61528640232112,0.438673613187365,1.45530645850638,0.86462633043652,1.67414854697749,0.471375791738082,0.754532772188154,9.81284177208548,0.687175322399005,1.0238615417443,1.34005505674742,1.39598994972018,1.93081514975528,1.55771578583161,1.36576894712203,NA,0.918716430676821,0.956677467593807,5.17087238959862,1.79692990807962,NA,1.07013997341802,1.50564431711667,NA,1.30206781743255,1.55909005336035,2.8854776153597,0.521472243081185,0.741176824526009,1.40801690546672,0.883615982527375,NA,0.183814742647678,1.09128997262115,NA,1.41214151463082,0.942523567220293,NA,NA,1.12399741422182,1.856445765925,0.822895190495097,0.898203061317878,0.543426399539777,0.800778486590605,2.10564556724564,1.25802432557556,0.207168573197793,0.284585209247928,1.24999043107619,NA,0.894431470954233,1.33312214764131,NA,0.561471787397371,1.02250989923211,0.894620134539482,NA,1.53253376142985,1.30061431151312,1.05803363838129,0.820411212629634,0.932063639223115,0.85913922047942,1.4000383296862,0.750413034018487,1.3903839043075,1.17311595962211,0.774500439808101,1.00755100583397,1.36640872972914,1.00370267178069,6.53028121449103,1.51028900990751,1.09408313157323,0.884791636423062,0.99128746672453,1.8940525014153,0.559733172598091,0.969877024771023,0.826931864022156,0.662916120819225,1.07837016295906,9.64006560387879,0.129264253221762,0.579486037422192,1.51118765238879,1.16943478029775,2.54759643400516,0.991650103241926,0.961664922415225,1.06268490781887,0.79114110007446,1.99998004125288,1.28351590232529,NA,1.09453565156055,0.651073228098238,1.64884709116484,0.468099019086547,0.841404347718207,1.76627617835772,0.523363500158225,NA,1.98672655231297,1.85328134383416,0.85294404198613,0.877289927805808,1.58163239931298,NA,0.918319340983883,0.808138901641954,2.05447133492414,1.3241871096622,1.1520171957291,1.28264982055406,NA,0.546285948377392,0.584407518730348,1.24066154165711,0.772307751875246,0.641820840972578,1.0840323724757,1.76573451827445,0.876529524596688,2.04753826576212,0.923840875364971,1.31843075993489,0.953394664639356,0.859208706498942,0.825676952189959,0.903076953382585,1.44812461569386,6.72039957540678,0.912295444850801,1.04404492669394,0.800991841131269,1.06446554272155,1.38232839185016,NA,0.963543150592944,0.837608761579227,NA,0.0877371087652333,0.858291323857828,1.10754364839581,1.14438632584022,1.13033696615585,1.59627021037491,0.6441655499476,NA,0.765787930776302,0.193836877109543,0.29731145292903,1.3035569982085,1.61280157980292,1.17394077482421,0.709812385780014,0.912239529769827,0.4972253842329,0.834927683373247,1.08305961835807,1.26750914290346,0.840562619850765,0.902022704296426,0.92453834446175,NA,1.00587856013277,1.10102047666592,1.76347965386983,1.87723793202306,0.983536538646152,0.992274871549573,0.909326760457752,0.25460243372732,NA,0.523609666896359,NA
"sam_125",NA,1.76198790263478,NA,1.10218123112797,0.510746573666115,1.46799905777143,1,0.773029478830669,0.402509424913655,0.921366986723947,1.5033117920244,0.759705662956768,0.788828768159721,0.996865349897974,NA,1.38554743005001,1.05273566494996,NA,0.948376265525701,0.878902467743665,NA,2.16943948925723,0.961283293659052,0.273389446851257,NA,1.15145291490613,1.02796667649683,2.03003867362214,1.11018543312261,1.60137203411768,NA,0.596293606725261,1.06201707908288,2.42257206256684,1.0399677376625,NA,0.950832469103672,1.73089421121397,1.33856579525061,1.31577042123161,0.284182979669144,0.832318243418366,0.369824416970765,0.673413644498557,1.56607828863235,0.14802139018381,0.642335606597733,1.49703318787556,0.782844196266891,NA,1.18524544261703,0.990361500974352,0.942854604613571,NA,0.532971138018461,0.671412674970817,0.978550658694913,2.23334545517047,0.541837558305949,0.71716654812994,1.02009235257596,1.8248109076176,0.401986250780707,2.00858938410594,NA,0.777243619897285,0.588107534092135,0.705521411009606,NA,1.90207596577682,1.40831198650443,0.78099430772278,0.918493437144148,1.19146622111036,0.8503499938659,2.14131708897952,1.02613853569926,0.988603812338416,3.3963737519805,0.899886282714903,0.42025853700848,0.747017715218137,0.432528678711193,3.00361204434143,1.05284244224368,1.08703192900258,1.26151164300233,1.03557646551145,1.32456537237749,1.13720495496577,1.78659745531316,1.66415874106656,0.629398471367396,0.0575248238716708,1.83122215981933,1.29580332256229,1.24931258941675,0.854760018537226,NA,2.13687890669057,1,1.29819138439597,3.10899187199194,1.81191547775121,1.91608831598168,1.13707621177076,NA,0.524265185161815,0.905914911364001,1.07404303572858,0.903794193326786,1.14345728481517,NA,NA,0.80439284860335,NA,1.1047290048057,0.302642777022643,0.808208395859446,0.955218170789118,1.14416886281663,0.715234431694963,0.729165870663886,1.17528116208491,1.22926351817053,1.99165897981586,0.59115569345257,0.967690691085349,NA,NA,0.82353354264037,3.14542201548897,NA,1.55606931064023,NA,0.954652400162231,1.02025791886733,0.724866847794525,1.70276102268232,2.24792121259597,1.17471894848787,NA,0.755367568164266,NA,1.23145100030789,1.55243529196802,1.5036334071268,8.57043918862675,1.38523617383495,0.647981620540187,1.0085079012171,1.23184068523011,0.752205142578033,3.30600400259548,1.02027210737369,1.72196294749518,0.690834626645179,0.613958487056476,NA,0.2549889491424,0.899177900699208,1.14701144958212,0.73098027712287,0.556092562778181,0.730680267094431,0.862830337972333,1.30763276893317,1.21737905180852,1.00936833681199,1.23441888417763,1.43666882927769,0.177580517599907,NA,1.47045346004301,0.506793490425306,1.01555455292991,0.360782682139659,2.20061659865497,NA,2.70413839231909,0.763841042456796,0.697282294085743,0.944679180213878,0.645178907282289,2.24028319661962,0.969062443154447,1.30710098917833,3.61605395226373,1.68679265598145,0.886811997145554,1.61300799461268,0.561968256924269,1.2413649465791,1.12321754081991,0.745507053528594,0.336314126886116,0.694076750305832,2.56185391406594,0.791684896114121,1.28124390294328,1.19493320951243,1.21163185309457,1.93773612510286,1.56232650676648,0.846362794709811,0.964491228213813,1.12364412348101,1.25266039817031,NA,0.921307791708879,1.45949760839562,0.890010915091003,0.93632793935036,0.9848107498066,NA,1.13917534124886,1.45233316078643,NA,0.161729316974256,1.05718726558485,1.10069316525275,2.05332319941146,0.926109309844024,1.07926249163268,0.863683693658517,1.18108910629578,0.688893378019886,0.131354584646199,0.424797538196133,1.27550034056371,0.899212743094614,0.806368592611725,NA,2.1650712599703,0.90012860426703,NA,0.929914188942018,1.78272483311765,12.5595787869501,1.00831483697423,1.08708596270785,NA,0.808890119712823,1.07055574656279,1.02275503385798,1.34807061378266,1.5296763862539,0.889303151262238,1.29572286231661,11.1814963265676,0.386667860251047,1.80739525099853,NA
